{
    "currentBgmPath": "resources/BGM/Dear Childhood Friend.mp3",
    "mouseSensitivity": 1.6024994850158691,
    "volume": 0.612500011920929
}