{
    "currentBgmPath": "resources/BGM/Dear Childhood Friend.mp3",
    "mouseSensitivity": 0.7604163885116577,
    "volume": 0.612500011920929
}