# Blender 4.4.1
# www.blender.org
mtllib saucer.mtl
o 1352_Flying_Saucer
v 1.544710 5.220718 39.357224
v 1.337758 5.505957 38.639473
v 0.772355 5.714767 38.114037
v 0.000000 5.791197 37.921719
v -0.772355 5.714767 38.114037
v -1.337758 5.505957 38.639473
v -1.544710 5.220718 39.357224
v -1.337758 4.935480 40.074978
v -0.772355 4.726669 40.600410
v 0.000000 4.650240 40.792732
v 0.772355 4.726669 40.600410
v 1.337758 4.935480 40.074978
v 0.000000 5.220718 39.357224
v 1.544710 4.046286 39.357224
v 1.337758 4.331526 38.639473
v 0.772355 4.540335 38.114037
v 0.000000 4.616764 37.921719
v -0.772355 4.540335 38.114037
v -1.337758 4.331526 38.639473
v -1.544710 4.046286 39.357224
v -1.337758 3.761047 40.074978
v -0.772355 3.552237 40.600410
v 0.000000 3.475809 40.792732
v 0.772355 3.552237 40.600410
v 1.337758 3.761047 40.074978
v 0.977153 5.220718 39.357224
v 0.846239 5.401155 38.903187
v 0.488576 5.533245 38.570808
v 0.000000 5.581593 38.449150
v -0.488576 5.533245 38.570808
v -0.846239 5.401155 38.903187
v -0.977153 5.220718 39.357224
v -0.846239 5.040281 39.811264
v -0.488576 4.908194 40.143639
v 0.000000 4.859846 40.265297
v 0.488576 4.908194 40.143639
v 0.846239 5.040281 39.811264
v 1.371236 5.376434 39.419106
v 1.187525 5.629642 38.781960
v 0.685618 5.815002 38.315533
v 0.000000 5.882849 38.144810
v -0.685618 5.815002 38.315533
v -1.187525 5.629642 38.781960
v -1.371236 5.376434 39.419106
v -1.187525 5.123230 40.056255
v -0.685618 4.937870 40.522682
v 0.000000 4.870024 40.693405
v 0.685618 4.937870 40.522682
v 1.187525 5.123230 40.056255
v 1.150627 5.376434 39.419106
v 0.996472 5.588905 38.884464
v 0.575313 5.744444 38.493080
v 0.000000 5.801374 38.349823
v -0.575313 5.744444 38.493080
v -0.996472 5.588905 38.884464
v -1.150627 5.376434 39.419106
v -0.996472 5.163965 39.953751
v -0.575313 5.008427 40.345135
v 0.000000 4.951496 40.488392
v 0.575313 5.008427 40.345135
v 0.996472 5.163965 39.953751
v -26.737488 5.220716 28.922035
v -26.376297 5.505955 28.268169
v -26.404560 5.714766 27.496834
v -26.814707 5.791195 26.814705
v -27.496836 5.714766 26.404558
v -28.268171 5.505955 26.376295
v -28.922037 5.220716 26.737486
v -29.283230 4.935478 27.391352
v -29.254967 4.726667 28.162689
v -28.844822 4.650238 28.844820
v -28.162691 4.726667 29.254965
v -27.391354 4.935478 29.283228
v -27.829763 5.220716 27.829762
v -26.737488 4.046284 28.922035
v -26.376297 4.331524 28.268169
v -26.404560 4.540333 27.496834
v -26.814707 4.616762 26.814705
v -27.496836 4.540333 26.404558
v -28.268171 4.331524 26.376295
v -28.922037 4.046284 26.737486
v -29.283230 3.761045 27.391352
v -29.254967 3.552235 28.162689
v -28.844822 3.475807 28.844820
v -28.162691 3.552235 29.254965
v -27.391354 3.761045 29.283228
v -27.138811 5.220716 28.520714
v -26.910330 5.401154 28.107090
v -26.928207 5.533243 27.619158
v -27.187658 5.581591 27.187656
v -27.619160 5.533243 26.928205
v -28.107092 5.401154 26.910328
v -28.520716 5.220716 27.138809
v -28.749197 5.040279 27.552433
v -28.731318 4.908192 28.040365
v -28.471869 4.859844 28.471867
v -28.040367 4.908192 28.731316
v -27.552435 5.040279 28.749195
v -26.903912 5.376432 28.843128
v -26.583281 5.629641 28.262693
v -26.608372 5.815001 27.577980
v -26.972456 5.882847 26.972454
v -27.577982 5.815001 26.608370
v -28.262695 5.629641 26.583279
v -28.843130 5.376432 26.903910
v -29.163761 5.123228 27.484344
v -29.138672 4.937868 28.169060
v -28.774586 4.870022 28.774584
v -28.169062 4.937868 29.138670
v -27.484346 5.123228 29.163759
v -27.059904 5.376432 28.687136
v -26.790859 5.588903 28.200083
v -26.811913 5.744442 27.625526
v -27.117422 5.801373 27.117420
v -27.625528 5.744442 26.811911
v -28.200085 5.588903 26.790857
v -28.687138 5.376432 27.059902
v -28.956182 5.163963 27.546957
v -28.935129 5.008425 28.121511
v -28.629620 4.951494 28.629618
v -28.121513 5.008425 28.935127
v -27.546959 5.163963 28.956181
v -39.357227 5.220715 1.544708
v -38.639477 5.505953 1.337756
v -38.114040 5.714764 0.772353
v -37.921722 5.791193 -0.000002
v -38.114040 5.714764 -0.772357
v -38.639477 5.505953 -1.337760
v -39.357227 5.220715 -1.544712
v -40.074982 4.935476 -1.337760
v -40.600414 4.726665 -0.772357
v -40.792736 4.650236 -0.000002
v -40.600414 4.726665 0.772353
v -40.074982 4.935476 1.337756
v -39.357227 5.220715 -0.000002
v -39.357227 4.046282 1.544708
v -38.639477 4.331522 1.337756
v -38.114040 4.540331 0.772353
v -37.921722 4.616760 -0.000002
v -38.114040 4.540331 -0.772357
v -38.639477 4.331522 -1.337760
v -39.357227 4.046282 -1.544712
v -40.074982 3.761044 -1.337760
v -40.600414 3.552233 -0.772357
v -40.792736 3.475805 -0.000002
v -40.600414 3.552233 0.772353
v -40.074982 3.761044 1.337756
v -39.357227 5.220715 0.977151
v -38.903191 5.401152 0.846237
v -38.570812 5.533241 0.488574
v -38.449154 5.581589 -0.000002
v -38.570812 5.533241 -0.488578
v -38.903191 5.401152 -0.846241
v -39.357227 5.220715 -0.977155
v -39.811268 5.040277 -0.846241
v -40.143642 4.908190 -0.488578
v -40.265301 4.859842 -0.000002
v -40.143642 4.908190 0.488574
v -39.811268 5.040277 0.846237
v -39.419109 5.376431 1.371234
v -38.781963 5.629639 1.187523
v -38.315536 5.814999 0.685616
v -38.144814 5.882845 -0.000002
v -38.315536 5.814999 -0.685620
v -38.781963 5.629639 -1.187527
v -39.419109 5.376431 -1.371238
v -40.056259 5.123226 -1.187527
v -40.522686 4.937866 -0.685620
v -40.693409 4.870020 -0.000002
v -40.522686 4.937866 0.685616
v -40.056259 5.123226 1.187523
v -39.419109 5.376431 1.150625
v -38.884468 5.588902 0.996470
v -38.493084 5.744440 0.575311
v -38.349827 5.801371 -0.000002
v -38.493084 5.744440 -0.575315
v -38.884468 5.588902 -0.996474
v -39.419109 5.376431 -1.150629
v -39.953754 5.163961 -0.996474
v -40.345139 5.008423 -0.575315
v -40.488396 4.951492 -0.000002
v -40.345139 5.008423 0.575311
v -39.953754 5.163961 0.996470
v -28.922037 5.220713 -26.737490
v -28.268171 5.505951 -26.376299
v -27.496836 5.714762 -26.404562
v -26.814707 5.791191 -26.814709
v -26.404560 5.714762 -27.496838
v -26.376297 5.505951 -28.268173
v -26.737488 5.220713 -28.922039
v -27.391354 4.935474 -29.283232
v -28.162691 4.726664 -29.254969
v -28.844822 4.650234 -28.844824
v -29.254967 4.726664 -28.162693
v -29.283230 4.935474 -27.391356
v -27.829763 5.220713 -27.829765
v -28.922037 4.046280 -26.737490
v -28.268171 4.331520 -26.376299
v -27.496836 4.540329 -26.404562
v -26.814707 4.616758 -26.814709
v -26.404560 4.540329 -27.496838
v -26.376297 4.331520 -28.268173
v -26.737488 4.046280 -28.922039
v -27.391354 3.761042 -29.283232
v -28.162691 3.552231 -29.254969
v -28.844822 3.475803 -28.844824
v -29.254967 3.552231 -28.162693
v -29.283230 3.761042 -27.391356
v -28.520716 5.220713 -27.138813
v -28.107092 5.401150 -26.910332
v -27.619160 5.533239 -26.928209
v -27.187658 5.581587 -27.187660
v -26.928207 5.533239 -27.619162
v -26.910330 5.401150 -28.107094
v -27.138811 5.220713 -28.520718
v -27.552435 5.040276 -28.749199
v -28.040367 4.908188 -28.731319
v -28.471869 4.859840 -28.471870
v -28.731318 4.908188 -28.040369
v -28.749197 5.040276 -27.552437
v -28.843130 5.376429 -26.903913
v -28.262695 5.629637 -26.583282
v -27.577982 5.814997 -26.608374
v -26.972456 5.882843 -26.972458
v -26.608372 5.814997 -27.577984
v -26.583281 5.629637 -28.262697
v -26.903912 5.376429 -28.843132
v -27.484346 5.123224 -29.163763
v -28.169062 4.937864 -29.138674
v -28.774586 4.870018 -28.774588
v -29.138672 4.937864 -28.169064
v -29.163761 5.123224 -27.484348
v -28.687138 5.376429 -27.059906
v -28.200085 5.588900 -26.790861
v -27.625528 5.744438 -26.811914
v -27.117422 5.801369 -27.117424
v -26.811913 5.744438 -27.625530
v -26.790859 5.588900 -28.200087
v -27.059904 5.376429 -28.687140
v -27.546959 5.163960 -28.956184
v -28.121513 5.008421 -28.935131
v -28.629620 4.951490 -28.629622
v -28.935129 5.008421 -28.121515
v -28.956182 5.163960 -27.546961
v -1.544710 5.220711 -39.357231
v -1.337758 5.505949 -38.639481
v -0.772355 5.714760 -38.114044
v 0.000000 5.791189 -37.921726
v 0.772355 5.714760 -38.114044
v 1.337758 5.505949 -38.639481
v 1.544710 5.220711 -39.357231
v 1.337758 4.935472 -40.074986
v 0.772355 4.726662 -40.600418
v 0.000000 4.650232 -40.792740
v -0.772355 4.726662 -40.600418
v -1.337758 4.935472 -40.074986
v 0.000000 5.220711 -39.357231
v -1.544710 4.046278 -39.357231
v -1.337758 4.331518 -38.639481
v -0.772355 4.540327 -38.114044
v 0.000000 4.616756 -37.921726
v 0.772355 4.540327 -38.114044
v 1.337758 4.331518 -38.639481
v 1.544710 4.046278 -39.357231
v 1.337758 3.761040 -40.074986
v 0.772355 3.552229 -40.600418
v 0.000000 3.475801 -40.792740
v -0.772355 3.552229 -40.600418
v -1.337758 3.761040 -40.074986
v -0.977153 5.220711 -39.357231
v -0.846239 5.401148 -38.903194
v -0.488576 5.533237 -38.570816
v 0.000000 5.581585 -38.449158
v 0.488576 5.533237 -38.570816
v 0.846239 5.401148 -38.903194
v 0.977153 5.220711 -39.357231
v 0.846239 5.040274 -39.811272
v 0.488576 4.908186 -40.143646
v 0.000000 4.859838 -40.265305
v -0.488576 4.908186 -40.143646
v -0.846239 5.040274 -39.811272
v -1.371236 5.376427 -39.419113
v -1.187525 5.629635 -38.781967
v -0.685618 5.814995 -38.315540
v 0.000000 5.882841 -38.144817
v 0.685618 5.814995 -38.315540
v 1.187525 5.629635 -38.781967
v 1.371236 5.376427 -39.419113
v 1.187525 5.123222 -40.056263
v 0.685618 4.937862 -40.522690
v 0.000000 4.870016 -40.693413
v -0.685618 4.937862 -40.522690
v -1.187525 5.123222 -40.056263
v -1.150627 5.376427 -39.419113
v -0.996472 5.588898 -38.884472
v -0.575313 5.744436 -38.493088
v 0.000000 5.801367 -38.349831
v 0.575313 5.744436 -38.493088
v 0.996472 5.588898 -38.884472
v 1.150627 5.376427 -39.419113
v 0.996472 5.163958 -39.953758
v 0.575313 5.008419 -40.345142
v 0.000000 4.951488 -40.488400
v -0.575313 5.008419 -40.345142
v -0.996472 5.163958 -39.953758
v 26.737488 5.220713 -28.922039
v 26.376297 5.505951 -28.268173
v 26.404560 5.714762 -27.496838
v 26.814707 5.791191 -26.814709
v 27.496836 5.714762 -26.404562
v 28.268171 5.505951 -26.376299
v 28.922037 5.220713 -26.737490
v 29.283230 4.935474 -27.391356
v 29.254967 4.726664 -28.162693
v 28.844822 4.650234 -28.844824
v 28.162691 4.726664 -29.254969
v 27.391354 4.935474 -29.283232
v 27.829763 5.220713 -27.829765
v 26.737488 4.046280 -28.922039
v 26.376297 4.331520 -28.268173
v 26.404560 4.540329 -27.496838
v 26.814707 4.616758 -26.814709
v 27.496836 4.540329 -26.404562
v 28.268171 4.331520 -26.376299
v 28.922037 4.046280 -26.737490
v 29.283230 3.761042 -27.391356
v 29.254967 3.552231 -28.162693
v 28.844822 3.475803 -28.844824
v 28.162691 3.552231 -29.254969
v 27.391354 3.761042 -29.283232
v 27.138811 5.220713 -28.520718
v 26.910330 5.401150 -28.107094
v 26.928207 5.533239 -27.619162
v 27.187658 5.581587 -27.187660
v 27.619160 5.533239 -26.928209
v 28.107092 5.401150 -26.910332
v 28.520716 5.220713 -27.138813
v 28.749197 5.040276 -27.552437
v 28.731318 4.908188 -28.040369
v 28.471869 4.859840 -28.471870
v 28.040367 4.908188 -28.731319
v 27.552435 5.040276 -28.749199
v 26.903912 5.376429 -28.843132
v 26.583281 5.629637 -28.262697
v 26.608372 5.814997 -27.577984
v 26.972456 5.882843 -26.972458
v 27.577982 5.814997 -26.608374
v 28.262695 5.629637 -26.583282
v 28.843130 5.376429 -26.903913
v 29.163761 5.123224 -27.484348
v 29.138672 4.937864 -28.169064
v 28.774586 4.870018 -28.774588
v 28.169062 4.937864 -29.138674
v 27.484346 5.123224 -29.163763
v 27.059904 5.376429 -28.687140
v 26.790859 5.588900 -28.200087
v 26.811913 5.744438 -27.625530
v 27.117422 5.801369 -27.117424
v 27.625528 5.744438 -26.811914
v 28.200085 5.588900 -26.790861
v 28.687138 5.376429 -27.059906
v 28.956182 5.163960 -27.546961
v 28.935129 5.008421 -28.121515
v 28.629620 4.951490 -28.629622
v 28.121513 5.008421 -28.935131
v 27.546959 5.163960 -28.956184
v 39.357227 5.220715 -1.544712
v 38.639477 5.505953 -1.337760
v 38.114040 5.714764 -0.772357
v 37.921722 5.791193 -0.000002
v 38.114040 5.714764 0.772353
v 38.639477 5.505953 1.337756
v 39.357227 5.220715 1.544708
v 40.074982 4.935476 1.337756
v 40.600414 4.726665 0.772353
v 40.792736 4.650236 -0.000002
v 40.600414 4.726665 -0.772357
v 40.074982 4.935476 -1.337760
v 39.357227 5.220715 -0.000002
v 39.357227 4.046282 -1.544712
v 38.639477 4.331522 -1.337760
v 38.114040 4.540331 -0.772357
v 37.921722 4.616760 -0.000002
v 38.114040 4.540331 0.772353
v 38.639477 4.331522 1.337756
v 39.357227 4.046282 1.544708
v 40.074982 3.761044 1.337756
v 40.600414 3.552233 0.772353
v 40.792736 3.475805 -0.000002
v 40.600414 3.552233 -0.772357
v 40.074982 3.761044 -1.337760
v 39.357227 5.220715 -0.977155
v 38.903191 5.401152 -0.846241
v 38.570812 5.533241 -0.488578
v 38.449154 5.581589 -0.000002
v 38.570812 5.533241 0.488574
v 38.903191 5.401152 0.846237
v 39.357227 5.220715 0.977151
v 39.811268 5.040277 0.846237
v 40.143642 4.908190 0.488574
v 40.265301 4.859842 -0.000002
v 40.143642 4.908190 -0.488578
v 39.811268 5.040277 -0.846241
v 39.419109 5.376431 -1.371238
v 38.781963 5.629639 -1.187527
v 38.315536 5.814999 -0.685620
v 38.144814 5.882845 -0.000002
v 38.315536 5.814999 0.685616
v 38.781963 5.629639 1.187523
v 39.419109 5.376431 1.371234
v 40.056259 5.123226 1.187523
v 40.522686 4.937866 0.685616
v 40.693409 4.870020 -0.000002
v 40.522686 4.937866 -0.685620
v 40.056259 5.123226 -1.187527
v 39.419109 5.376431 -1.150629
v 38.884468 5.588902 -0.996474
v 38.493084 5.744440 -0.575315
v 38.349827 5.801371 -0.000002
v 38.493084 5.744440 0.575311
v 38.884468 5.588902 0.996470
v 39.419109 5.376431 1.150625
v 39.953754 5.163961 0.996470
v 40.345139 5.008423 0.575311
v 40.488396 4.951492 -0.000002
v 40.345139 5.008423 -0.575315
v 39.953754 5.163961 -0.996474
v 28.922037 5.220716 26.737486
v 28.268171 5.505955 26.376295
v 27.496836 5.714766 26.404558
v 26.814707 5.791195 26.814705
v 26.404560 5.714766 27.496834
v 26.376297 5.505955 28.268169
v 26.737488 5.220716 28.922035
v 27.391354 4.935478 29.283228
v 28.162691 4.726667 29.254965
v 28.844822 4.650238 28.844820
v 29.254967 4.726667 28.162689
v 29.283230 4.935478 27.391352
v 27.829763 5.220716 27.829762
v 28.922037 4.046284 26.737486
v 28.268171 4.331524 26.376295
v 27.496836 4.540333 26.404558
v 26.814707 4.616762 26.814705
v 26.404560 4.540333 27.496834
v 26.376297 4.331524 28.268169
v 26.737488 4.046284 28.922035
v 27.391354 3.761045 29.283228
v 28.162691 3.552235 29.254965
v 28.844822 3.475807 28.844820
v 29.254967 3.552235 28.162689
v 29.283230 3.761045 27.391352
v 28.520716 5.220716 27.138809
v 28.107092 5.401154 26.910328
v 27.619160 5.533243 26.928205
v 27.187658 5.581591 27.187656
v 26.928207 5.533243 27.619158
v 26.910330 5.401154 28.107090
v 27.138811 5.220716 28.520714
v 27.552435 5.040279 28.749195
v 28.040367 4.908192 28.731316
v 28.471869 4.859844 28.471867
v 28.731318 4.908192 28.040365
v 28.749197 5.040279 27.552433
v 28.843130 5.376432 26.903910
v 28.262695 5.629641 26.583279
v 27.577982 5.815001 26.608370
v 26.972456 5.882847 26.972454
v 26.608372 5.815001 27.577980
v 26.583281 5.629641 28.262693
v 26.903912 5.376432 28.843128
v 27.484346 5.123228 29.163759
v 28.169062 4.937868 29.138670
v 28.774586 4.870022 28.774584
v 29.138672 4.937868 28.169060
v 29.163761 5.123228 27.484344
v 28.687138 5.376432 27.059902
v 28.200085 5.588903 26.790857
v 27.625528 5.744442 26.811911
v 27.117422 5.801373 27.117420
v 26.811913 5.744442 27.625526
v 26.790859 5.588903 28.200083
v 27.059904 5.376432 28.687136
v 27.546959 5.163963 28.956181
v 28.121513 5.008425 28.935127
v 28.629620 4.951494 28.629618
v 28.935129 5.008425 28.121511
v 28.956182 5.163963 27.546957
v 0.000000 22.186308 -0.000003
v 13.367102 14.468809 -0.000003
v 13.164026 14.468809 -2.321176
v 12.560967 14.468809 -4.571821
v 11.576250 14.468809 -6.683554
v 10.239794 14.468809 -8.592211
v 8.592208 14.468809 -10.239797
v 6.683551 14.468809 -11.576253
v 4.571818 14.468809 -12.560970
v 2.321173 14.468809 -13.164029
v 0.000000 14.468809 -13.367105
v -2.321173 14.468809 -13.164029
v -4.571818 14.468809 -12.560970
v -6.683551 14.468809 -11.576253
v -8.592208 14.468809 -10.239797
v -10.239794 14.468809 -8.592211
v -11.576250 14.468809 -6.683554
v -12.560967 14.468809 -4.571821
v -13.164026 14.468809 -2.321176
v -13.367102 14.468809 -0.000003
v -13.164026 14.468809 2.321170
v -12.560967 14.468809 4.571815
v -11.576250 14.468809 6.683548
v -10.239794 14.468809 8.592205
v -8.592208 14.468809 10.239791
v -6.683551 14.468809 11.576247
v -4.571818 14.468809 12.560965
v -2.321173 14.468809 13.164023
v 0.000000 14.468809 13.367099
v 2.321173 14.468809 13.164023
v 4.571818 14.468809 12.560965
v 6.683551 14.468809 11.576247
v 8.592208 14.468809 10.239791
v 10.239794 14.468809 8.592205
v 11.576250 14.468809 6.683548
v 12.560967 14.468809 4.571815
v 13.164026 14.468809 2.321170
v 11.823896 16.672735 -0.000003
v 11.644264 16.672735 -2.053201
v 11.110828 16.672735 -4.044014
v 10.239794 16.672735 -5.911951
v 9.057630 16.672735 -7.600257
v 7.600254 16.672735 -9.057632
v 5.911948 16.672735 -10.239797
v 4.044011 16.672735 -11.110831
v 2.053198 16.672735 -11.644267
v 0.000000 16.672735 -11.823899
v -2.053198 16.672735 -11.644267
v -4.044011 16.672735 -11.110831
v -5.911948 16.672735 -10.239797
v -7.600254 16.672735 -9.057632
v -9.057630 16.672735 -7.600257
v -10.239794 16.672735 -5.911951
v -11.110828 16.672735 -4.044014
v -11.644264 16.672735 -2.053201
v -11.823896 16.672735 -0.000003
v -11.644264 16.672735 2.053195
v -11.110828 16.672735 4.044008
v -10.239794 16.672735 5.911945
v -9.057630 16.672735 7.600251
v -7.600254 16.672735 9.057627
v -5.911948 16.672735 10.239791
v -4.044011 16.672735 11.110826
v -2.053198 16.672735 11.644261
v 0.000000 16.672735 11.823894
v 2.053198 16.672735 11.644261
v 4.044011 16.672735 11.110826
v 5.911948 16.672735 10.239791
v 7.600254 16.672735 9.057627
v 9.057630 16.672735 7.600251
v 10.239794 16.672735 5.911945
v 11.110828 16.672735 4.044008
v 11.644264 16.672735 2.053195
v 9.921427 18.575205 -0.000003
v 9.770698 18.575205 -1.722841
v 9.323092 18.575205 -3.393331
v 8.592208 18.575205 -4.960716
v 7.600254 18.575205 -6.377373
v 6.377370 18.575205 -7.600257
v 4.960713 18.575205 -8.592211
v 3.393328 18.575205 -9.323095
v 1.722838 18.575205 -9.770700
v 0.000000 18.575205 -9.921430
v -1.722838 18.575205 -9.770700
v -3.393328 18.575205 -9.323095
v -4.960713 18.575205 -8.592211
v -6.377370 18.575205 -7.600257
v -7.600254 18.575205 -6.377373
v -8.592208 18.575205 -4.960716
v -9.323092 18.575205 -3.393331
v -9.770698 18.575205 -1.722841
v -9.921427 18.575205 -0.000003
v -9.770698 18.575205 1.722835
v -9.323092 18.575205 3.393325
v -8.592208 18.575205 4.960710
v -7.600254 18.575205 6.377367
v -6.377370 18.575205 7.600251
v -4.960713 18.575205 8.592205
v -3.393328 18.575205 9.323090
v -1.722838 18.575205 9.770695
v 0.000000 18.575205 9.921424
v 1.722838 18.575205 9.770695
v 3.393328 18.575205 9.323090
v 4.960713 18.575205 8.592205
v 6.377370 18.575205 7.600251
v 7.600254 18.575205 6.377367
v 8.592208 18.575205 4.960710
v 9.323092 18.575205 3.393325
v 9.770698 18.575205 1.722835
v 7.717500 20.118410 -0.000003
v 7.600254 20.118410 -1.340133
v 7.252078 20.118410 -2.639543
v 6.683551 20.118410 -3.858753
v 5.911948 20.118410 -4.960716
v 4.960713 20.118410 -5.911952
v 3.858750 20.118410 -6.683554
v 2.639540 20.118410 -7.252081
v 1.340130 20.118410 -7.600257
v 0.000000 20.118410 -7.717504
v -1.340130 20.118410 -7.600257
v -2.639540 20.118410 -7.252081
v -3.858750 20.118410 -6.683554
v -4.960713 20.118410 -5.911952
v -5.911948 20.118410 -4.960716
v -6.683551 20.118410 -3.858753
v -7.252078 20.118410 -2.639543
v -7.600254 20.118410 -1.340133
v -7.717500 20.118410 -0.000003
v -7.600254 20.118410 1.340127
v -7.252078 20.118410 2.639537
v -6.683551 20.118410 3.858747
v -5.911948 20.118410 4.960710
v -4.960713 20.118410 5.911945
v -3.858750 20.118410 6.683547
v -2.639540 20.118410 7.252075
v -1.340130 20.118410 7.600251
v 0.000000 20.118410 7.717497
v 1.340130 20.118410 7.600251
v 2.639540 20.118410 7.252075
v 3.858750 20.118410 6.683547
v 4.960713 20.118410 5.911945
v 5.911948 20.118410 4.960710
v 6.683551 20.118410 3.858747
v 7.252078 20.118410 2.639537
v 7.600254 20.118410 1.340127
v 5.279081 21.255465 -0.000003
v 5.198880 21.255465 -0.916706
v 4.960713 21.255465 -1.805555
v 4.571818 21.255465 -2.639543
v 4.044011 21.255465 -3.393331
v 3.393328 21.255465 -4.044014
v 2.639540 21.255465 -4.571821
v 1.805552 21.255465 -4.960716
v 0.916703 21.255465 -5.198884
v 0.000000 21.255465 -5.279084
v -0.916703 21.255465 -5.198884
v -1.805552 21.255465 -4.960716
v -2.639540 21.255465 -4.571821
v -3.393328 21.255465 -4.044014
v -4.044011 21.255465 -3.393331
v -4.571818 21.255465 -2.639543
v -4.960713 21.255465 -1.805555
v -5.198880 21.255465 -0.916706
v -5.279081 21.255465 -0.000003
v -5.198880 21.255465 0.916700
v -4.960713 21.255465 1.805549
v -4.571818 21.255465 2.639537
v -4.044011 21.255465 3.393325
v -3.393328 21.255465 4.044008
v -2.639540 21.255465 4.571815
v -1.805552 21.255465 4.960710
v -0.916703 21.255465 5.198877
v 0.000000 21.255465 5.279078
v 0.916703 21.255465 5.198877
v 1.805552 21.255465 4.960710
v 2.639540 21.255465 4.571815
v 3.393328 21.255465 4.044008
v 4.044011 21.255465 3.393325
v 4.571818 21.255465 2.639537
v 4.960713 21.255465 1.805549
v 5.198880 21.255465 0.916700
v 2.680260 21.951818 -0.000003
v 2.639540 21.951818 -0.465425
v 2.518620 21.951818 -0.916706
v 2.321173 21.951818 -1.340133
v 2.053198 21.951818 -1.722841
v 1.722838 21.951818 -2.053201
v 1.340130 21.951818 -2.321176
v 0.916703 21.951818 -2.518623
v 0.465422 21.951818 -2.639543
v 0.000000 21.951818 -2.680263
v -0.465422 21.951818 -2.639543
v -0.916703 21.951818 -2.518623
v -1.340130 21.951818 -2.321176
v -1.722838 21.951818 -2.053201
v -2.053198 21.951818 -1.722841
v -2.321173 21.951818 -1.340133
v -2.518620 21.951818 -0.916706
v -2.639540 21.951818 -0.465425
v -2.680260 21.951818 -0.000003
v -2.639540 21.951818 0.465419
v -2.518620 21.951818 0.916700
v -2.321173 21.951818 1.340127
v -2.053198 21.951818 1.722835
v -1.722838 21.951818 2.053195
v -1.340130 21.951818 2.321170
v -0.916703 21.951818 2.518617
v -0.465422 21.951818 2.639537
v 0.000000 21.951818 2.680257
v 0.465422 21.951818 2.639537
v 0.916703 21.951818 2.518617
v 1.340130 21.951818 2.321170
v 1.722838 21.951818 2.053195
v 2.053198 21.951818 1.722835
v 2.321173 21.951818 1.340127
v 2.518620 21.951818 0.916700
v 2.639540 21.951818 0.465419
v 13.901643 13.461061 -0.000003
v 13.690446 13.461061 -2.413998
v 13.063271 13.461061 -4.754645
v 12.039176 13.461061 -6.950824
v 10.649276 13.461061 -8.935807
v 8.935804 13.461061 -10.649279
v 6.950821 13.461061 -12.039179
v 4.754642 13.461061 -13.063273
v 2.413995 13.461061 -13.690449
v 0.000000 13.461061 -13.901646
v -2.413995 13.461061 -13.690449
v -4.754642 13.461061 -13.063273
v -6.950821 13.461061 -12.039179
v -8.935804 13.461061 -10.649279
v -10.649276 13.461061 -8.935807
v -12.039176 13.461061 -6.950824
v -13.063271 13.461061 -4.754645
v -13.690446 13.461061 -2.413998
v -13.901643 13.461061 -0.000003
v -13.690446 13.461061 2.413992
v -13.063271 13.461061 4.754639
v -12.039176 13.461061 6.950818
v -10.649276 13.461061 8.935802
v -8.935804 13.461061 10.649273
v -6.950822 13.461061 12.039173
v -4.754642 13.461061 13.063268
v -2.413995 13.461061 13.690443
v 0.000000 13.461061 13.901640
v 2.413995 13.461061 13.690443
v 4.754642 13.461061 13.063268
v 6.950821 13.461061 12.039173
v 8.935804 13.461061 10.649273
v 10.649276 13.461061 8.935802
v 12.039176 13.461061 6.950819
v 13.063271 13.461061 4.754639
v 13.690446 13.461061 2.413992
v -21.938593 2.409000 -37.998756
v 38.822800 4.859444 -0.000002
v 33.452072 7.089382 -0.000002
v 28.000757 8.985420 -0.000002
v 22.481985 10.542994 -0.000002
v 16.909052 11.758345 -0.000003
v 11.295383 12.628553 -0.000003
v -28.203711 2.409002 -33.611874
v 38.232994 4.859444 -6.741511
v 32.943859 7.089382 -5.808894
v 27.575363 8.985420 -4.862282
v 22.140432 10.542994 -3.903958
v 16.652164 11.758345 -2.936229
v 11.123781 12.628553 -1.961426
v 21.938593 -1.946877 37.998756
v 36.481499 4.859442 -13.278182
v 31.434668 7.089382 -11.441285
v 26.312105 8.985420 -9.576825
v 21.126156 10.542994 -7.689294
v 15.889311 11.758345 -5.783238
v 10.614188 12.628553 -3.863251
v 28.203711 -1.946878 33.611874
v 33.621532 4.859442 -19.411402
v 28.970345 7.089380 -16.726038
v 24.249367 8.985418 -14.000381
v 19.469971 10.542994 -11.240995
v 14.643668 11.758345 -8.454529
v 9.782089 12.628553 -5.647694
v -33.611874 2.409002 -28.203712
v 29.739990 4.859442 -24.954817
v 25.625774 7.089380 -21.502581
v 21.449825 8.985418 -17.998543
v 17.222200 10.542994 -14.451144
v 12.953085 11.758345 -10.868932
v 8.652765 12.628553 -7.260535
v 43.877186 2.409004 -0.000002
v 24.954815 4.859442 -29.739992
v 21.502579 7.089380 -25.625776
v 17.998541 8.985418 -21.449827
v 14.451141 10.542994 -17.222202
v 10.868929 11.758345 -12.953088
v 7.260532 12.628553 -8.652768
v 43.210594 2.409004 -7.619195
v 19.411400 4.859442 -33.621536
v 16.726036 7.089380 -28.970346
v 14.000379 8.985418 -24.249369
v 11.240993 10.542994 -19.469973
v 8.454526 11.758345 -14.643671
v 5.647691 12.628553 -9.782092
v -37.998756 2.409002 -21.938595
v 13.278180 4.859442 -36.481503
v 11.441283 7.089380 -31.434669
v 9.576823 8.985418 -26.312107
v 7.689292 10.542994 -21.126158
v 5.783236 11.758345 -15.889314
v 3.863248 12.628553 -10.614191
v -41.231068 2.409002 -15.006883
v 6.741509 4.859440 -38.232998
v 5.808892 7.089380 -32.943863
v 4.862280 8.985418 -27.575365
v 3.903956 10.542994 -22.140434
v 2.936226 11.758345 -16.652166
v 1.961423 12.628553 -11.123784
v -7.619193 -1.946884 -43.210594
v 0.000000 4.859440 -38.822803
v 0.000000 7.089380 -33.452076
v 0.000000 8.985418 -28.000759
v 0.000000 10.542994 -22.481987
v 0.000000 11.758345 -16.909054
v 0.000000 12.628553 -11.295386
v -15.006881 -1.946884 -41.231068
v -6.741509 4.859440 -38.232998
v -5.808892 7.089380 -32.943863
v -4.862280 8.985418 -27.575365
v -3.903956 10.542994 -22.140434
v -2.936226 11.758345 -16.652166
v -1.961423 12.628553 -11.123784
v 41.231068 2.409002 -15.006883
v -13.278180 4.859442 -36.481503
v -11.441283 7.089380 -31.434669
v -9.576823 8.985418 -26.312107
v -7.689292 10.542994 -21.126158
v -5.783236 11.758345 -15.889314
v -3.863248 12.628553 -10.614191
v -43.210594 2.409004 -7.619195
v -19.411400 4.859442 -33.621536
v -16.726036 7.089380 -28.970346
v -14.000379 8.985418 -24.249369
v -11.240993 10.542994 -19.469973
v -8.454526 11.758345 -14.643671
v -5.647691 12.628553 -9.782092
v -43.877186 2.409004 -0.000002
v -24.954815 4.859442 -29.739992
v -21.502579 7.089380 -25.625776
v -17.998541 8.985418 -21.449827
v -14.451141 10.542994 -17.222202
v -10.868929 11.758345 -12.953088
v -7.260532 12.628553 -8.652768
v 37.998756 2.409002 -21.938595
v -29.739990 4.859442 -24.954817
v -25.625774 7.089380 -21.502581
v -21.449825 8.985418 -17.998543
v -17.222200 10.542994 -14.451144
v -12.953085 11.758345 -10.868932
v -8.652765 12.628553 -7.260535
v 33.611874 -1.946878 28.203709
v -33.621532 4.859442 -19.411402
v -28.970345 7.089380 -16.726038
v -24.249367 8.985418 -14.000381
v -19.469971 10.542994 -11.240995
v -14.643668 11.758345 -8.454529
v -9.782089 12.628553 -5.647694
v -43.210594 2.409004 7.619191
v -36.481499 4.859442 -13.278182
v -31.434668 7.089382 -11.441285
v -26.312105 8.985420 -9.576825
v -21.126156 10.542994 -7.689294
v -15.889311 11.758345 -5.783238
v -10.614188 12.628553 -3.863251
v -41.231068 2.409006 15.006879
v -38.232994 4.859444 -6.741511
v -32.943859 7.089382 -5.808894
v -27.575363 8.985420 -4.862282
v -22.140432 10.542994 -3.903958
v -16.652164 11.758345 -2.936229
v -11.123781 12.628553 -1.961426
v 33.611874 2.409002 -28.203712
v -38.822800 4.859444 -0.000002
v -33.452072 7.089382 -0.000002
v -28.000757 8.985420 -0.000002
v -22.481985 10.542994 -0.000002
v -16.909052 11.758345 -0.000003
v -11.295383 12.628553 -0.000003
v -37.998756 2.409006 21.938591
v -38.232994 4.859444 6.741507
v -32.943859 7.089382 5.808889
v -27.575363 8.985420 4.862278
v -22.140432 10.542994 3.903954
v -16.652164 11.758345 2.936223
v -11.123781 12.628553 1.961420
v 41.231068 -1.946878 15.006879
v -36.481499 4.859446 13.278178
v -31.434668 7.089382 11.441281
v -26.312105 8.985420 9.576821
v -21.126156 10.542994 7.689290
v -15.889311 11.758345 5.783234
v -10.614188 12.628553 3.863245
v 43.210594 -1.946880 7.619192
v -33.621532 4.859446 19.411398
v -28.970345 7.089384 16.726034
v -24.249367 8.985422 14.000377
v -19.469971 10.542994 11.240990
v -14.643668 11.758345 8.454523
v -9.782089 12.628553 5.647688
v -33.611874 2.409006 28.203709
v -29.739990 4.859446 24.954813
v -25.625774 7.089384 21.502577
v -21.449825 8.985422 17.998539
v -17.222200 10.542994 14.451138
v -12.953085 11.758345 10.868926
v -8.652765 12.628553 7.260529
v 28.203711 2.409002 -33.611874
v -24.954815 4.859446 29.739988
v -21.502579 7.089384 25.625772
v -17.998541 8.985422 21.449823
v -14.451141 10.542994 17.222198
v -10.868929 11.758345 12.953082
v -7.260532 12.628553 8.652762
v -28.203711 2.409006 33.611874
v -19.411400 4.859446 33.621529
v -16.726036 7.089384 28.970343
v -14.000379 8.985422 24.249365
v -11.240993 10.542994 19.469969
v -8.454526 11.758345 14.643665
v -5.647691 12.628553 9.782086
v -21.938593 2.409008 37.998756
v -13.278180 4.859446 36.481495
v -11.441283 7.089384 31.434666
v -9.576823 8.985422 26.312103
v -7.689292 10.542994 21.126154
v -5.783236 11.758345 15.889308
v -3.863248 12.628553 10.614185
v 0.000000 -1.946884 -43.877186
v -6.741509 4.859447 38.232990
v -5.808892 7.089384 32.943855
v -4.862280 8.985422 27.575361
v -3.903956 10.542994 22.140430
v -2.936226 11.758345 16.652163
v -1.961423 12.628553 11.123778
v 21.938593 2.409000 -37.998756
v 0.000000 4.859447 38.822796
v 0.000000 7.089384 33.452068
v 0.000000 8.985422 28.000755
v 0.000000 10.542994 22.481983
v 0.000000 11.758345 16.909050
v 0.000000 12.628553 11.295381
v -15.006881 2.409008 41.231068
v 6.741509 4.859447 38.232990
v 5.808892 7.089384 32.943855
v 4.862280 8.985422 27.575361
v 3.903956 10.542994 22.140430
v 2.936226 11.758345 16.652163
v 1.961423 12.628553 11.123778
v -7.619193 2.409008 43.210594
v 13.278180 4.859446 36.481495
v 11.441283 7.089384 31.434666
v 9.576823 8.985422 26.312103
v 7.689292 10.542994 21.126154
v 5.783236 11.758345 15.889308
v 3.863248 12.628553 10.614185
v 15.006881 2.409000 -41.231068
v 19.411400 4.859446 33.621529
v 16.726036 7.089384 28.970343
v 14.000379 8.985422 24.249365
v 11.240993 10.542994 19.469969
v 8.454526 11.758345 14.643665
v 5.647691 12.628553 9.782086
v 43.877186 -1.946880 -0.000002
v 24.954815 4.859446 29.739988
v 21.502579 7.089384 25.625772
v 17.998541 8.985422 21.449823
v 14.451141 10.542994 17.222198
v 10.868929 11.758345 12.953082
v 7.260532 12.628553 8.652762
v 0.000000 2.409008 43.877186
v 29.739990 4.859446 24.954813
v 25.625774 7.089384 21.502577
v 21.449825 8.985422 17.998539
v 17.222200 10.542994 14.451138
v 12.953085 11.758345 10.868926
v 8.652765 12.628553 7.260529
v 7.619193 2.409008 43.210594
v 33.621532 4.859446 19.411398
v 28.970345 7.089384 16.726034
v 24.249367 8.985422 14.000377
v 19.469971 10.542994 11.240990
v 14.643668 11.758345 8.454523
v 9.782089 12.628553 5.647688
v 7.619193 2.409000 -43.210594
v 36.481499 4.859446 13.278178
v 31.434668 7.089382 11.441281
v 26.312105 8.985420 9.576821
v 21.126156 10.542994 7.689290
v 15.889311 11.758345 5.783234
v 10.614188 12.628553 3.863245
v 15.006881 2.409008 41.231068
v 38.232994 4.859444 6.741507
v 32.943859 7.089382 5.808889
v 27.575363 8.985420 4.862278
v 22.140432 10.542994 3.903954
v 16.652164 11.758345 2.936223
v 11.123781 12.628553 1.961420
v 0.000000 -5.869946 -0.000001
v 37.998756 -1.946878 21.938591
v 38.822800 -4.397320 -0.000001
v 33.452072 -6.627257 -0.000001
v 28.000757 -8.523296 -0.000001
v 22.481985 -10.080869 -0.000001
v 16.909052 -11.296223 -0.000001
v 11.295383 -7.460287 -0.000001
v 5.654503 -6.267770 -0.000001
v 21.938593 2.409008 37.998756
v 38.232994 -4.397320 -6.741510
v 32.943859 -6.627257 -5.808893
v 27.575363 -8.523296 -4.862281
v 22.140432 -10.080869 -3.903957
v 16.652164 -11.296223 -2.936227
v 11.123781 -7.460287 -1.961424
v 5.568598 -6.267770 -0.981895
v 0.000000 2.409000 -43.877186
v 36.481499 -4.397322 -13.278181
v 31.434668 -6.627258 -11.441284
v 26.312105 -8.523297 -9.576824
v 21.126156 -10.080870 -7.689293
v 15.889311 -11.296223 -5.783237
v 10.614188 -7.460287 -3.863249
v 5.313494 -6.267770 -1.933955
v 28.203711 2.409006 33.611874
v 33.621532 -4.397322 -19.411402
v 28.970345 -6.627258 -16.726038
v 24.249367 -8.523297 -14.000380
v 19.469971 -10.080870 -11.240993
v 14.643668 -11.296224 -8.454527
v 9.782089 -7.460287 -5.647692
v 4.896943 -6.267770 -2.827252
v 33.611874 2.409006 28.203709
v 29.739990 -4.397322 -24.954817
v 25.625774 -6.627259 -21.502581
v 21.449825 -8.523297 -17.998543
v 17.222200 -10.080870 -14.451142
v 12.953085 -11.296224 -10.868930
v 8.652765 -7.460288 -7.260533
v 4.331600 -6.267770 -3.634645
v -21.938593 -1.946884 -37.998756
v 24.954815 -4.397322 -29.739992
v 21.502579 -6.627259 -25.625776
v 17.998541 -8.523298 -21.449827
v 14.451141 -10.080870 -17.222200
v 10.868929 -11.296224 -12.953086
v 7.260532 -7.460288 -8.652766
v 3.634644 -6.267770 -4.331602
v -7.619193 2.409000 -43.210594
v 19.411400 -4.397322 -33.621532
v 16.726036 -6.627259 -28.970346
v 14.000379 -8.523298 -24.249369
v 11.240993 -10.080871 -19.469971
v 8.454526 -11.296224 -14.643669
v 5.647691 -7.460288 -9.782090
v 2.827251 -6.267770 -4.896945
v 37.998756 2.409006 21.938591
v 13.278180 -4.397322 -36.481499
v 11.441283 -6.627259 -31.434669
v 9.576823 -8.523298 -26.312107
v 7.689292 -10.080871 -21.126156
v 5.783236 -11.296224 -15.889312
v 3.863248 -7.460288 -10.614189
v 1.933954 -6.267770 -5.313496
v 41.231068 2.409006 15.006879
v 6.741509 -4.397324 -38.232994
v 5.808892 -6.627260 -32.943859
v 4.862280 -8.523298 -27.575365
v 3.903956 -10.080871 -22.140432
v 2.936226 -11.296224 -16.652164
v 1.961423 -7.460288 -11.123782
v 0.981894 -6.267770 -5.568599
v -15.006881 2.409000 -41.231068
v 0.000000 -4.397324 -38.822800
v 0.000000 -6.627260 -33.452072
v 0.000000 -8.523298 -28.000759
v 0.000000 -10.080871 -22.481985
v 0.000000 -11.296224 -16.909052
v 0.000000 -7.460288 -11.295384
v 0.000000 -6.267770 -5.654504
v 43.210594 2.409004 7.619191
v -6.741509 -4.397324 -38.232994
v -5.808892 -6.627260 -32.943859
v -4.862280 -8.523298 -27.575365
v -3.903956 -10.080871 -22.140432
v -2.936226 -11.296224 -16.652164
v -1.961423 -7.460288 -11.123782
v -0.981894 -6.267770 -5.568599
v -28.203711 -1.946882 -33.611874
v -13.278180 -4.397322 -36.481499
v -11.441283 -6.627259 -31.434669
v -9.576823 -8.523298 -26.312107
v -7.689292 -10.080871 -21.126156
v -5.783236 -11.296224 -15.889312
v -3.863248 -7.460288 -10.614189
v -1.933954 -6.267770 -5.313496
v -33.611874 -1.946882 -28.203712
v -19.411400 -4.397322 -33.621532
v -16.726036 -6.627259 -28.970346
v -14.000379 -8.523298 -24.249369
v -11.240993 -10.080871 -19.469971
v -8.454526 -11.296224 -14.643669
v -5.647691 -7.460288 -9.782090
v -2.827251 -6.267770 -4.896945
v 43.210594 -1.946880 -7.619195
v -24.954815 -4.397322 -29.739992
v -21.502579 -6.627259 -25.625776
v -17.998541 -8.523298 -21.449827
v -14.451141 -10.080870 -17.222200
v -10.868929 -11.296224 -12.953086
v -7.260532 -7.460288 -8.652766
v -3.634644 -6.267770 -4.331602
v -37.998756 -1.946882 -21.938595
v -29.739990 -4.397322 -24.954817
v -25.625774 -6.627259 -21.502581
v -21.449825 -8.523297 -17.998543
v -17.222200 -10.080870 -14.451142
v -12.953085 -11.296224 -10.868930
v -8.652765 -7.460288 -7.260533
v -4.331600 -6.267770 -3.634645
v -41.231068 -1.946882 -15.006883
v -33.621532 -4.397322 -19.411402
v -28.970345 -6.627258 -16.726038
v -24.249367 -8.523297 -14.000380
v -19.469971 -10.080870 -11.240993
v -14.643668 -11.296224 -8.454527
v -9.782089 -7.460287 -5.647692
v -4.896943 -6.267770 -2.827252
v 41.231068 -1.946882 -15.006883
v -36.481499 -4.397322 -13.278181
v -31.434668 -6.627258 -11.441284
v -26.312105 -8.523297 -9.576824
v -21.126156 -10.080870 -7.689293
v -15.889311 -11.296223 -5.783237
v -10.614188 -7.460287 -3.863249
v -5.313494 -6.267770 -1.933955
v -43.210594 -1.946880 -7.619195
v -38.232994 -4.397320 -6.741510
v -32.943859 -6.627257 -5.808893
v -27.575363 -8.523296 -4.862281
v -22.140432 -10.080869 -3.903957
v -16.652164 -11.296223 -2.936227
v -11.123781 -7.460287 -1.961424
v -5.568598 -6.267770 -0.981895
v -43.877186 -1.946880 -0.000002
v -38.822800 -4.397320 -0.000001
v -33.452072 -6.627257 -0.000001
v -28.000757 -8.523296 -0.000001
v -22.481985 -10.080869 -0.000001
v -16.909052 -11.296223 -0.000001
v -11.295383 -7.460287 -0.000001
v -5.654503 -6.267770 -0.000001
v 37.998756 -1.946882 -21.938595
v -38.232994 -4.397320 6.741508
v -32.943859 -6.627257 5.808891
v -27.575363 -8.523296 4.862279
v -22.140432 -10.080869 3.903955
v -16.652164 -11.296223 2.936225
v -11.123781 -7.460287 1.961422
v -5.568598 -6.267770 0.981893
v -43.210594 -1.946880 7.619192
v -36.481499 -4.397318 13.278179
v -31.434668 -6.627256 11.441282
v -26.312105 -8.523295 9.576822
v -21.126156 -10.080868 7.689291
v -15.889311 -11.296223 5.783235
v -10.614188 -7.460287 3.863247
v -5.313494 -6.267770 1.933953
v -41.231068 -1.946878 15.006879
v -33.621532 -4.397318 19.411398
v -28.970345 -6.627256 16.726034
v -24.249367 -8.523295 14.000378
v -19.469971 -10.080868 11.240992
v -14.643668 -11.296222 8.454525
v -9.782089 -7.460287 5.647690
v -4.896943 -6.267770 2.827250
v 33.611874 -1.946882 -28.203712
v -29.739990 -4.397318 24.954813
v -25.625774 -6.627255 21.502577
v -21.449825 -8.523295 17.998539
v -17.222200 -10.080868 14.451140
v -12.953085 -11.296222 10.868928
v -8.652765 -7.460286 7.260531
v -4.331600 -6.267770 3.634643
v -37.998756 -1.946878 21.938591
v -24.954815 -4.397318 29.739988
v -21.502579 -6.627255 25.625772
v -17.998541 -8.523294 21.449823
v -14.451141 -10.080868 17.222200
v -10.868929 -11.296222 12.953084
v -7.260532 -7.460286 8.652764
v -3.634644 -6.267770 4.331599
v -33.611874 -1.946878 28.203709
v -19.411400 -4.397318 33.621532
v -16.726036 -6.627255 28.970343
v -14.000379 -8.523294 24.249365
v -11.240993 -10.080867 19.469971
v -8.454526 -11.296222 14.643667
v -5.647691 -7.460286 9.782088
v -2.827251 -6.267770 4.896942
v 28.203711 -1.946882 -33.611874
v -13.278180 -4.397318 36.481499
v -11.441283 -6.627255 31.434666
v -9.576823 -8.523294 26.312103
v -7.689292 -10.080867 21.126156
v -5.783236 -11.296222 15.889310
v -3.863248 -7.460286 10.614187
v -1.933954 -6.267770 5.313493
v -28.203711 -1.946878 33.611874
v -6.741509 -4.397316 38.232994
v -5.808892 -6.627254 32.943859
v -4.862280 -8.523294 27.575361
v -3.903956 -10.080867 22.140432
v -2.936226 -11.296222 16.652164
v -1.961423 -7.460286 11.123780
v -0.981894 -6.267770 5.568596
v -21.938593 -1.946877 37.998756
v 0.000000 -4.397316 38.822800
v 0.000000 -6.627254 33.452072
v 0.000000 -8.523294 28.000755
v 0.000000 -10.080867 22.481985
v 0.000000 -11.296222 16.909052
v 0.000000 -7.460286 11.295382
v 0.000000 -6.267770 5.654501
v 21.938593 -1.946884 -37.998756
v 6.741509 -4.397316 38.232994
v 5.808892 -6.627254 32.943859
v 4.862280 -8.523294 27.575361
v 3.903956 -10.080867 22.140432
v 2.936226 -11.296222 16.652164
v 1.961423 -7.460286 11.123780
v 0.981894 -6.267770 5.568596
v -15.006881 -1.946877 41.231068
v 13.278180 -4.397318 36.481499
v 11.441283 -6.627255 31.434666
v 9.576823 -8.523294 26.312103
v 7.689292 -10.080867 21.126156
v 5.783236 -11.296222 15.889310
v 3.863248 -7.460286 10.614187
v 1.933954 -6.267770 5.313493
v -7.619193 -1.946877 43.210594
v 19.411400 -4.397318 33.621532
v 16.726036 -6.627255 28.970343
v 14.000379 -8.523294 24.249365
v 11.240993 -10.080867 19.469971
v 8.454526 -11.296222 14.643667
v 5.647691 -7.460286 9.782088
v 2.827251 -6.267770 4.896942
v 15.006881 -1.946884 -41.231068
v 24.954815 -4.397318 29.739988
v 21.502579 -6.627255 25.625772
v 17.998541 -8.523294 21.449823
v 14.451141 -10.080868 17.222200
v 10.868929 -11.296222 12.953084
v 7.260532 -7.460286 8.652764
v 3.634644 -6.267770 4.331599
v 0.000000 -1.946877 43.877186
v 29.739990 -4.397318 24.954813
v 25.625774 -6.627255 21.502577
v 21.449825 -8.523295 17.998539
v 17.222200 -10.080868 14.451140
v 12.953085 -11.296222 10.868928
v 8.652765 -7.460286 7.260531
v 4.331600 -6.267770 3.634643
v 7.619193 -1.946877 43.210594
v 33.621532 -4.397318 19.411398
v 28.970345 -6.627256 16.726034
v 24.249367 -8.523295 14.000378
v 19.469971 -10.080868 11.240992
v 14.643668 -11.296222 8.454525
v 9.782089 -7.460287 5.647690
v 4.896943 -6.267770 2.827250
v 7.619193 -1.946884 -43.210594
v 36.481499 -4.397318 13.278179
v 31.434668 -6.627256 11.441282
v 26.312105 -8.523295 9.576822
v 21.126156 -10.080868 7.689291
v 15.889311 -11.296223 5.783235
v 10.614188 -7.460287 3.863247
v 5.313494 -6.267770 1.933953
v 15.006881 -1.946877 41.231068
v 38.232994 -4.397320 6.741508
v 32.943859 -6.627257 5.808891
v 27.575363 -8.523296 4.862279
v 22.140432 -10.080869 3.903955
v 16.652164 -11.296223 2.936225
v 11.123781 -7.460287 1.961422
v 5.568598 -6.267770 0.981893
v 15.875977 12.983027 -0.000003
v 10.660879 13.791449 -0.000003
v 15.634785 12.983027 -2.756837
v 10.498916 13.791449 -1.851245
v 14.918538 12.983027 -5.429907
v 10.017949 13.791449 -3.646238
v 13.748999 12.983027 -7.937991
v 9.232592 13.791449 -5.330442
v 12.161704 12.983027 -10.204884
v 8.166707 13.791449 -6.852684
v 10.204881 12.983027 -12.161707
v 6.852681 13.791449 -8.166710
v 7.937988 12.983027 -13.749002
v 5.330439 13.791449 -9.232594
v 5.429904 12.983027 -14.918541
v 3.646235 13.791449 -10.017952
v 2.756834 12.983027 -15.634788
v 1.851242 13.791449 -10.498919
v 0.000000 12.983027 -15.875979
v 0.000000 13.791449 -10.660882
v -2.756834 12.983027 -15.634788
v -1.851242 13.791449 -10.498919
v -5.429904 12.983027 -14.918541
v -3.646235 13.791449 -10.017952
v -7.937988 12.983027 -13.749002
v -5.330439 13.791449 -9.232594
v -10.204881 12.983027 -12.161707
v -6.852681 13.791449 -8.166710
v -12.161704 12.983027 -10.204884
v -8.166707 13.791449 -6.852684
v -13.748999 12.983027 -7.937991
v -9.232592 13.791449 -5.330442
v -14.918538 12.983027 -5.429907
v -10.017949 13.791449 -3.646238
v -15.634785 12.983027 -2.756837
v -10.498916 13.791449 -1.851245
v -15.875977 12.983027 -0.000003
v -10.660879 13.791449 -0.000003
v -15.634785 12.983027 2.756831
v -10.498916 13.791449 1.851239
v -14.918538 12.983027 5.429901
v -10.017949 13.791449 3.646232
v -13.748999 12.983027 7.937985
v -9.232592 13.791449 5.330436
v -12.161704 12.983027 10.204878
v -8.166707 13.791449 6.852678
v -10.204881 12.983027 12.161701
v -6.852681 13.791449 8.166704
v -7.937988 12.983027 13.748996
v -5.330439 13.791449 9.232589
v -5.429904 12.983027 14.918535
v -3.646235 13.791449 10.017946
v -2.756834 12.983027 15.634782
v -1.851242 13.791449 10.498913
v 0.000000 12.983027 15.875974
v 0.000000 13.791449 10.660876
v 2.756834 12.983027 15.634782
v 1.851242 13.791449 10.498913
v 5.429904 12.983027 14.918535
v 3.646235 13.791449 10.017946
v 7.937988 12.983027 13.748996
v 5.330439 13.791449 9.232589
v 10.204881 12.983027 12.161701
v 6.852681 13.791449 8.166704
v 12.161704 12.983027 10.204878
v 8.166707 13.791449 6.852678
v 13.748999 12.983027 7.937985
v 9.232592 13.791449 5.330436
v 14.918538 12.983027 5.429901
v 10.017949 13.791449 3.646232
v 15.634785 12.983027 2.756831
v 10.498916 13.791449 1.851239
v 13.901740 13.362890 -0.000003
v 12.635116 13.559237 -0.000003
v 13.690541 13.362890 -2.414015
v 12.443160 13.559237 -2.194068
v 13.063363 13.362890 -4.754678
v 11.873125 13.559237 -4.321467
v 12.039260 13.362890 -6.950873
v 10.942331 13.559237 -6.317561
v 10.649351 13.362890 -8.935869
v 9.679060 13.559237 -8.121699
v 8.935866 13.362890 -10.649354
v 8.121696 13.559237 -9.679063
v 6.950870 13.362890 -12.039263
v 6.317558 13.559237 -10.942334
v 4.754675 13.362890 -13.063366
v 4.321464 13.559237 -11.873128
v 2.414012 13.362890 -13.690544
v 2.194065 13.559237 -12.443163
v 0.000000 13.362890 -13.901743
v 0.000000 13.559237 -12.635118
v -2.414012 13.362890 -13.690544
v -2.194065 13.559237 -12.443163
v -4.754675 13.362890 -13.063366
v -4.321464 13.559237 -11.873128
v -6.950870 13.362890 -12.039263
v -6.317558 13.559237 -10.942334
v -8.935866 13.362890 -10.649354
v -8.121696 13.559237 -9.679063
v -10.649351 13.362890 -8.935869
v -9.679060 13.559237 -8.121699
v -12.039260 13.362890 -6.950873
v -10.942331 13.559237 -6.317561
v -13.063363 13.362890 -4.754678
v -11.873125 13.559237 -4.321467
v -13.690541 13.362890 -2.414015
v -12.443160 13.559237 -2.194068
v -13.901740 13.362890 -0.000003
v -12.635116 13.559237 -0.000003
v -13.690541 13.362890 2.414009
v -12.443160 13.559237 2.194062
v -13.063363 13.362890 4.754672
v -11.873125 13.559237 4.321461
v -12.039260 13.362890 6.950867
v -10.942331 13.559237 6.317555
v -10.649351 13.362890 8.935863
v -9.679060 13.559237 8.121694
v -8.935866 13.362890 10.649348
v -8.121696 13.559237 9.679057
v -6.950870 13.362890 12.039257
v -6.317558 13.559237 10.942328
v -4.754675 13.362890 13.063360
v -4.321464 13.559237 11.873122
v -2.414012 13.362890 13.690538
v -2.194065 13.559237 12.443157
v 0.000000 13.362890 13.901737
v 0.000000 13.559237 12.635113
v 2.414012 13.362890 13.690538
v 2.194065 13.559237 12.443157
v 4.754675 13.362890 13.063360
v 4.321464 13.559237 11.873122
v 6.950870 13.362890 12.039257
v 6.317558 13.559237 10.942328
v 8.935866 13.362890 10.649348
v 8.121696 13.559237 9.679057
v 10.649351 13.362890 8.935863
v 9.679060 13.559237 8.121694
v 12.039260 13.362890 6.950867
v 10.942331 13.559237 6.317555
v 13.063363 13.362890 4.754672
v 11.873125 13.559237 4.321461
v 13.690541 13.362890 2.414009
v 12.443160 13.559237 2.194062
v 26.811836 -8.858848 -0.000001
v 26.404505 -8.858848 -4.655827
v 25.194883 -8.858849 -9.170189
v 23.219730 -8.858849 -13.405919
v 20.539059 -8.858849 -17.234318
v 17.234316 -8.858850 -20.539061
v 13.405918 -8.858850 -23.219732
v 9.170188 -8.858850 -25.194885
v 4.655826 -8.858850 -26.404507
v 0.000000 -8.858850 -26.811838
v -4.655826 -8.858850 -26.404507
v -9.170188 -8.858850 -25.194885
v -13.405918 -8.858850 -23.219732
v -17.234316 -8.858850 -20.539061
v -20.539059 -8.858849 -17.234318
v -23.219730 -8.858849 -13.405919
v -25.194883 -8.858849 -9.170189
v -26.404505 -8.858848 -4.655827
v -26.811836 -8.858848 -0.000001
v -26.404505 -8.858848 4.655825
v -25.194883 -8.858847 9.170187
v -23.219730 -8.858847 13.405917
v -20.539059 -8.858847 17.234314
v -17.234316 -8.858846 20.539057
v -13.405918 -8.858846 23.219728
v -9.170188 -8.858846 25.194881
v -4.655826 -8.858846 26.404503
v 0.000000 -8.858846 26.811834
v 4.655826 -8.858846 26.404503
v 9.170188 -8.858846 25.194881
v 13.405918 -8.858846 23.219728
v 17.234316 -8.858846 20.539057
v 20.539059 -8.858847 17.234314
v 23.219730 -8.858847 13.405917
v 25.194883 -8.858847 9.170187
v 26.404505 -8.858848 4.655825
v 27.308350 -8.137176 -0.000001
v 26.893475 -8.137176 -4.742046
v 25.661453 -8.137177 -9.340006
v 23.649723 -8.137177 -13.654175
v 20.919409 -8.137177 -17.553471
v 17.553469 -8.137177 -20.919411
v 13.654174 -8.137177 -23.649725
v 9.340005 -8.137177 -25.661455
v 4.742045 -8.137177 -26.893476
v 0.000000 -8.137177 -27.308352
v -4.742045 -8.137177 -26.893476
v -9.340005 -8.137177 -25.661455
v -13.654174 -8.137177 -23.649725
v -17.553469 -8.137177 -20.919411
v -20.919409 -8.137177 -17.553471
v -23.649723 -8.137177 -13.654175
v -25.661453 -8.137177 -9.340006
v -26.893475 -8.137176 -4.742046
v -27.308350 -8.137176 -0.000001
v -26.893475 -8.137176 4.742044
v -25.661453 -8.137175 9.340004
v -23.649723 -8.137175 13.654173
v -20.919409 -8.137175 17.553467
v -17.553469 -8.137174 20.919407
v -13.654174 -8.137174 23.649721
v -9.340005 -8.137174 25.661451
v -4.742045 -8.137174 26.893473
v 0.000000 -8.137174 27.308348
v 4.742045 -8.137174 26.893473
v 9.340005 -8.137174 25.661451
v 13.654174 -8.137174 23.649721
v 17.553469 -8.137174 20.919407
v 20.919409 -8.137175 17.553467
v 23.649723 -8.137175 13.654173
v 25.661453 -8.137175 9.340004
v 26.893475 -8.137176 4.742044
v 27.200205 -8.167698 -0.000001
v 26.786972 -8.167698 -4.723267
v 25.559832 -8.167699 -9.303019
v 23.556068 -8.167699 -13.600103
v 20.836565 -8.167699 -17.483955
v 17.483953 -8.167700 -20.836567
v 13.600102 -8.167700 -23.556070
v 9.303018 -8.167700 -25.559834
v 4.723266 -8.167700 -26.786974
v 0.000000 -8.167700 -27.200207
v -4.723266 -8.167700 -26.786974
v -9.303018 -8.167700 -25.559834
v -13.600102 -8.167700 -23.556070
v -17.483953 -8.167700 -20.836567
v -20.836565 -8.167699 -17.483955
v -23.556068 -8.167699 -13.600103
v -25.559832 -8.167699 -9.303019
v -26.786972 -8.167698 -4.723267
v -27.200205 -8.167698 -0.000001
v -26.786972 -8.167698 4.723265
v -25.559832 -8.167697 9.303017
v -23.556068 -8.167697 13.600101
v -20.836565 -8.167697 17.483952
v -17.483953 -8.167696 20.836563
v -13.600102 -8.167696 23.556067
v -9.303018 -8.167696 25.559830
v -4.723266 -8.167696 26.786970
v 0.000000 -8.167696 27.200203
v 4.723266 -8.167696 26.786970
v 9.303018 -8.167696 25.559830
v 13.600102 -8.167696 23.556067
v 17.483953 -8.167696 20.836563
v 20.836565 -8.167697 17.483952
v 23.556068 -8.167697 13.600101
v 25.559832 -8.167697 9.303017
v 26.786972 -8.167698 4.723265
v 15.494782 -8.944703 -0.000001
v 15.259381 -8.944703 -2.690642
v 14.560332 -8.944703 -5.299528
v 13.418875 -8.944704 -7.747392
v 11.869691 -8.944704 -9.959855
v 9.959854 -8.944704 -11.869692
v 7.747391 -8.944704 -13.418876
v 5.299527 -8.944704 -14.560333
v 2.690641 -8.944704 -15.259382
v 0.000000 -8.944704 -15.494783
v -2.690641 -8.944704 -15.259382
v -5.299527 -8.944704 -14.560333
v -7.747391 -8.944704 -13.418876
v -9.959854 -8.944704 -11.869692
v -11.869691 -8.944704 -9.959855
v -13.418875 -8.944704 -7.747392
v -14.560332 -8.944703 -5.299528
v -15.259381 -8.944703 -2.690642
v -15.494782 -8.944703 -0.000001
v -15.259381 -8.944703 2.690640
v -14.560332 -8.944703 5.299526
v -13.418875 -8.944702 7.747390
v -11.869691 -8.944702 9.959853
v -9.959854 -8.944702 11.869690
v -7.747391 -8.944702 13.418874
v -5.299527 -8.944702 14.560331
v -2.690641 -8.944702 15.259380
v 0.000000 -8.944702 15.494781
v 2.690641 -8.944702 15.259380
v 5.299527 -8.944702 14.560331
v 7.747391 -8.944702 13.418874
v 9.959854 -8.944702 11.869690
v 11.869691 -8.944702 9.959853
v 13.418875 -8.944702 7.747390
v 14.560332 -8.944703 5.299526
v 15.259381 -8.944703 2.690640
v -28.743792 0.231060 -34.255516
v -22.358700 0.231058 -38.726402
v -15.294252 0.231058 -42.020611
v -38.726402 0.231060 -22.358702
v -44.038040 0.231062 -7.765097
v -44.038040 0.231062 7.765093
v -42.020611 0.231064 15.294250
v -28.743792 0.231064 34.255516
v -15.294252 0.231066 42.020611
v -7.765095 0.231066 44.038040
v 0.000000 0.231066 44.717400
v 15.294252 0.231066 42.020611
v 22.358700 0.231066 38.726402
v 28.743792 0.231064 34.255516
v 34.255516 0.231064 28.743790
v 7.765095 0.231066 44.038040
v 38.726402 0.231064 22.358698
v 42.020611 0.231064 15.294250
v 44.038040 0.231062 7.765093
v 44.717400 0.231062 -0.000002
v -22.358700 0.231066 38.726402
v 44.038040 0.231062 -7.765097
v 42.020611 0.231060 -15.294254
v -34.255516 0.231064 28.743790
v 38.726402 0.231060 -22.358702
v -38.726402 0.231064 22.358698
v 34.255516 0.231060 -28.743793
v 28.743792 0.231060 -34.255516
v 22.358700 0.231058 -38.726402
v -44.717400 0.231062 -0.000002
v 15.294252 0.231058 -42.020611
v 7.765095 0.231058 -44.038040
v -42.020611 0.231060 -15.294254
v 0.000000 0.231058 -44.717400
v -7.765095 0.231058 -44.038040
v -34.255516 0.231060 -28.743793
v -28.392302 2.064346 -33.836628
v -22.085291 2.064344 -38.252846
v -33.836628 2.064346 -28.392303
v -15.107228 2.064344 -41.506767
v -38.252846 2.064346 -22.085293
v -7.670141 2.064344 -43.499531
v -41.506767 2.064346 -15.107230
v 0.000000 2.064344 -44.170582
v -43.499531 2.064348 -7.670143
v 7.670141 2.064344 -43.499531
v -44.170582 2.064348 -0.000002
v 15.107228 2.064344 -41.506767
v -43.499531 2.064348 7.670139
v 22.085291 2.064344 -38.252846
v -41.506767 2.064350 15.107226
v 28.392302 2.064346 -33.836628
v -38.252846 2.064350 22.085289
v 33.836628 2.064346 -28.392303
v -33.836628 2.064350 28.392300
v 38.252846 2.064346 -22.085293
v -28.392302 2.064350 33.836628
v 41.506767 2.064346 -15.107230
v -22.085291 2.064352 38.252846
v 43.499531 2.064348 -7.670143
v -15.107228 2.064352 41.506767
v 44.170582 2.064348 -0.000002
v -7.670141 2.064352 43.499531
v 43.499531 2.064348 7.670139
v 0.000000 2.064352 44.170582
v 41.506767 2.064350 15.107226
v 7.670141 2.064352 43.499531
v 38.252846 2.064350 22.085289
v 15.107228 2.064352 41.506767
v 33.836628 2.064350 28.392300
v 22.085291 2.064352 38.252846
v 28.392302 2.064350 33.836628
v 22.085291 -1.602221 38.252846
v 28.392302 -1.602222 33.836628
v 15.107228 -1.602221 41.506767
v 33.836628 -1.602222 28.392300
v 7.670141 -1.602221 43.499531
v 38.252846 -1.602222 22.085289
v 0.000000 -1.602221 44.170582
v 41.506767 -1.602222 15.107226
v -7.670141 -1.602221 43.499531
v 43.499531 -1.602224 7.670140
v -15.107228 -1.602221 41.506767
v 44.170582 -1.602224 -0.000002
v -22.085291 -1.602221 38.252846
v 43.499531 -1.602224 -7.670143
v -28.392302 -1.602222 33.836628
v 41.506767 -1.602226 -15.107230
v -33.836628 -1.602222 28.392300
v 38.252846 -1.602226 -22.085293
v -38.252846 -1.602222 22.085289
v 33.836628 -1.602226 -28.392303
v -41.506767 -1.602222 15.107226
v 28.392302 -1.602226 -33.836628
v -43.499531 -1.602224 7.670140
v 22.085291 -1.602228 -38.252846
v -44.170582 -1.602224 -0.000002
v 15.107228 -1.602228 -41.506767
v -43.499531 -1.602224 -7.670143
v 7.670141 -1.602228 -43.499531
v -41.506767 -1.602226 -15.107230
v 0.000000 -1.602228 -44.170582
v -38.252846 -1.602226 -22.085293
v -7.670141 -1.602228 -43.499531
v -33.836628 -1.602226 -28.392303
v -15.107228 -1.602228 -41.506767
v -28.392302 -1.602226 -33.836628
v -22.085291 -1.602228 -38.252846
v 0.000000 -3.634899 18.702255
v 2.690100 -22.186304 29.272463
v 2.329695 -22.186304 27.927414
v 1.345050 -22.186304 26.942768
v 0.000000 -22.186304 26.582363
v -1.345050 -22.186304 26.942768
v -2.329695 -22.186304 27.927414
v -2.690100 -22.186304 29.272463
v -2.329695 -22.186304 30.617514
v -1.345050 -22.186304 31.602158
v 0.000000 -22.186304 31.962563
v 1.345050 -22.186304 31.602158
v 2.329695 -22.186304 30.617514
v 0.000000 -22.186304 29.272463
v 2.690100 -21.673004 29.272463
v 2.329695 -21.673004 27.927414
v 1.345050 -21.673004 26.942768
v 0.000000 -21.673004 26.582363
v -1.345050 -21.673004 26.942768
v -2.329695 -21.673004 27.927414
v -2.690100 -21.673004 29.272463
v -2.329695 -21.673004 30.617514
v -1.345050 -21.673004 31.602158
v 0.000000 -21.673004 31.962563
v 1.345050 -21.673004 31.602158
v 2.329695 -21.673004 30.617514
v 0.865175 -21.673004 29.272463
v 0.749263 -21.673004 28.839876
v 0.432587 -21.673004 28.523199
v 0.000000 -21.673004 28.407290
v -0.432587 -21.673004 28.523199
v -0.749263 -21.673004 28.839876
v -0.865175 -21.673004 29.272463
v -0.749263 -21.673004 29.705051
v -0.432587 -21.673004 30.021727
v 0.000000 -21.673004 30.137638
v 0.432587 -21.673004 30.021727
v 0.749263 -21.673004 29.705051
v 0.865175 -3.634899 18.702255
v 0.749263 -3.634899 18.269669
v 0.432587 -3.634899 17.952991
v 0.000000 -3.634899 17.837082
v -0.432587 -3.634899 17.952991
v -0.749263 -3.634899 18.269669
v -0.865175 -3.634899 18.702255
v -0.749263 -3.634899 19.134844
v -0.432587 -3.634899 19.451519
v 0.000000 -3.634899 19.567430
v 0.432587 -3.634899 19.451519
v 0.749263 -3.634899 19.134844
v 0.865175 -9.647601 23.504961
v 0.865175 -15.660303 27.028362
v 0.749263 -9.647601 23.072374
v 0.749263 -15.660303 26.595776
v 0.432587 -9.647601 22.755697
v 0.432587 -15.660303 26.279100
v 0.000000 -9.647601 22.639786
v 0.000000 -15.660303 26.163189
v -0.432587 -9.647601 22.755697
v -0.432587 -15.660303 26.279100
v -0.749263 -9.647601 23.072374
v -0.749263 -15.660303 26.595776
v -0.865175 -9.647601 23.504961
v -0.865175 -15.660303 27.028362
v -0.749263 -9.647601 23.937548
v -0.749263 -15.660303 27.460951
v -0.432587 -9.647601 24.254225
v -0.432587 -15.660303 27.777626
v 0.000000 -9.647601 24.370136
v 0.000000 -15.660303 27.893538
v 0.432587 -9.647601 24.254225
v 0.432587 -15.660303 27.777626
v 0.749263 -9.647601 23.937548
v 0.749263 -15.660303 27.460951
v -16.196630 -3.634901 -9.351130
v -26.695747 -22.186308 -12.306537
v -25.350697 -22.186308 -11.946132
v -24.005648 -22.186308 -12.306537
v -23.021002 -22.186308 -13.291182
v -22.660597 -22.186308 -14.636232
v -23.021002 -22.186308 -15.981282
v -24.005648 -22.186308 -16.965927
v -25.350697 -22.186308 -17.326332
v -26.695747 -22.186308 -16.965927
v -27.680391 -22.186308 -15.981282
v -28.040796 -22.186308 -14.636232
v -27.680391 -22.186308 -13.291182
v -25.350697 -22.186308 -14.636232
v -26.695747 -21.673008 -12.306537
v -25.350697 -21.673008 -11.946132
v -24.005648 -21.673008 -12.306537
v -23.021002 -21.673008 -13.291182
v -22.660597 -21.673008 -14.636232
v -23.021002 -21.673008 -15.981282
v -24.005648 -21.673008 -16.965927
v -25.350697 -21.673008 -17.326332
v -26.695747 -21.673008 -16.965927
v -27.680391 -21.673008 -15.981282
v -28.040796 -21.673008 -14.636232
v -27.680391 -21.673008 -13.291182
v -25.783283 -21.673008 -13.886968
v -25.350697 -21.673008 -13.771057
v -24.918110 -21.673008 -13.886968
v -24.601435 -21.673008 -14.203644
v -24.485521 -21.673008 -14.636232
v -24.601435 -21.673008 -15.068819
v -24.918110 -21.673008 -15.385495
v -25.350697 -21.673008 -15.501406
v -25.783283 -21.673008 -15.385495
v -26.099960 -21.673008 -15.068819
v -26.215872 -21.673008 -14.636232
v -26.099960 -21.673008 -14.203644
v -16.629217 -3.634901 -8.601867
v -16.196630 -3.634901 -8.485955
v -15.764043 -3.634901 -8.601867
v -15.447367 -3.634901 -8.918542
v -15.331456 -3.634901 -9.351130
v -15.447367 -3.634901 -9.783717
v -15.764043 -3.634901 -10.100393
v -16.196630 -3.634901 -10.216305
v -16.629217 -3.634901 -10.100393
v -16.945894 -3.634901 -9.783717
v -17.061806 -3.634901 -9.351130
v -16.945894 -3.634901 -8.918542
v -20.788481 -9.647604 -11.003218
v -23.839836 -15.660305 -12.764919
v -20.355892 -9.647604 -10.887307
v -23.407249 -15.660305 -12.649008
v -19.923306 -9.647604 -11.003218
v -22.974663 -15.660305 -12.764919
v -19.606630 -9.647604 -11.319894
v -22.657986 -15.660305 -13.081595
v -19.490719 -9.647604 -11.752482
v -22.542074 -15.660305 -13.514182
v -19.606630 -9.647604 -12.185069
v -22.657986 -15.660305 -13.946770
v -19.923306 -9.647604 -12.501745
v -22.974663 -15.660305 -14.263446
v -20.355892 -9.647604 -12.617656
v -23.407249 -15.660305 -14.379357
v -20.788481 -9.647604 -12.501745
v -23.839836 -15.660305 -14.263446
v -21.105158 -9.647604 -12.185069
v -24.156511 -15.660305 -13.946770
v -21.221067 -9.647604 -11.752482
v -24.272425 -15.660305 -13.514182
v -21.105158 -9.647604 -11.319894
v -24.156511 -15.660305 -13.081595
v 16.196630 -3.634901 -9.351130
v 24.005648 -22.186308 -16.965927
v 23.021002 -22.186308 -15.981282
v 22.660597 -22.186308 -14.636232
v 23.021002 -22.186308 -13.291182
v 24.005648 -22.186308 -12.306537
v 25.350697 -22.186308 -11.946132
v 26.695747 -22.186308 -12.306537
v 27.680391 -22.186308 -13.291182
v 28.040796 -22.186308 -14.636232
v 27.680391 -22.186308 -15.981282
v 26.695747 -22.186308 -16.965927
v 25.350697 -22.186308 -17.326332
v 25.350697 -22.186308 -14.636232
v 24.005648 -21.673008 -16.965927
v 23.021002 -21.673008 -15.981282
v 22.660597 -21.673008 -14.636232
v 23.021002 -21.673008 -13.291182
v 24.005648 -21.673008 -12.306537
v 25.350697 -21.673008 -11.946132
v 26.695747 -21.673008 -12.306537
v 27.680391 -21.673008 -13.291182
v 28.040796 -21.673008 -14.636232
v 27.680391 -21.673008 -15.981282
v 26.695747 -21.673008 -16.965927
v 25.350697 -21.673008 -17.326332
v 24.918110 -21.673008 -15.385495
v 24.601435 -21.673008 -15.068819
v 24.485521 -21.673008 -14.636232
v 24.601435 -21.673008 -14.203644
v 24.918110 -21.673008 -13.886968
v 25.350697 -21.673008 -13.771057
v 25.783283 -21.673008 -13.886968
v 26.099960 -21.673008 -14.203644
v 26.215872 -21.673008 -14.636232
v 26.099960 -21.673008 -15.068819
v 25.783283 -21.673008 -15.385495
v 25.350697 -21.673008 -15.501406
v 15.764043 -3.634901 -10.100393
v 15.447367 -3.634901 -9.783717
v 15.331456 -3.634901 -9.351130
v 15.447367 -3.634901 -8.918542
v 15.764043 -3.634901 -8.601867
v 16.196630 -3.634901 -8.485955
v 16.629217 -3.634901 -8.601867
v 16.945894 -3.634901 -8.918542
v 17.061806 -3.634901 -9.351130
v 16.945894 -3.634901 -9.783717
v 16.629217 -3.634901 -10.100393
v 16.196630 -3.634901 -10.216305
v 19.923306 -9.647604 -12.501745
v 22.974663 -15.660305 -14.263446
v 19.606630 -9.647604 -12.185069
v 22.657986 -15.660305 -13.946770
v 19.490719 -9.647604 -11.752482
v 22.542074 -15.660305 -13.514182
v 19.606630 -9.647604 -11.319894
v 22.657986 -15.660305 -13.081595
v 19.923306 -9.647604 -11.003218
v 22.974663 -15.660305 -12.764919
v 20.355892 -9.647604 -10.887307
v 23.407249 -15.660305 -12.649008
v 20.788481 -9.647604 -11.003218
v 23.839836 -15.660305 -12.764919
v 21.105158 -9.647604 -11.319894
v 24.156511 -15.660305 -13.081595
v 21.221067 -9.647604 -11.752482
v 24.272425 -15.660305 -13.514182
v 21.105158 -9.647604 -12.185069
v 24.156511 -15.660305 -13.946770
v 20.788481 -9.647604 -12.501745
v 23.839836 -15.660305 -14.263446
v 20.355892 -9.647604 -12.617656
v 23.407249 -15.660305 -14.379357
vn -0.0000 0.9293 0.3693
vn 0.4257 0.8409 0.3342
vn -0.0000 0.7632 0.6462
vn 0.2760 0.8220 0.4981
vn -0.4257 0.8409 0.3342
vn -0.3687 0.7623 0.5320
vn 0.3187 0.8809 0.3501
vn -0.2129 0.7047 0.6768
vn 0.2760 0.9397 0.2020
vn 0.1593 0.9828 0.0936
vn -0.1593 0.9828 0.0936
vn -0.2760 0.9397 0.2020
vn 0.3687 0.7623 0.5320
vn -0.3187 0.8809 0.3501
vn 0.9331 0.3457 0.0989
vn 0.8787 -0.0000 -0.4773
vn 0.8204 -0.0000 -0.5718
vn 0.5007 -0.0000 -0.8656
vn 0.4486 -0.0000 -0.8937
vn -0.0000 -0.0000 -1.0000
vn -0.4486 -0.0000 -0.8937
vn -0.5007 -0.0000 -0.8656
vn -0.8204 -0.0000 -0.5718
vn -0.8787 -0.0000 -0.4773
vn -0.9331 0.3457 0.0989
vn -0.9978 -0.0000 0.0668
vn -0.7881 0.2640 0.5560
vn -0.8204 -0.0000 0.5718
vn -0.4428 0.2108 0.8715
vn -0.4486 -0.0000 0.8937
vn -0.0000 0.1924 0.9813
vn 0.4486 -0.0000 0.8937
vn 0.4428 0.2108 0.8715
vn 0.8204 -0.0000 0.5718
vn 0.7881 0.2640 0.5560
vn 0.9978 -0.0000 0.0668
vn -0.0000 0.6837 0.7298
vn 0.2129 0.7047 0.6768
vn 0.3687 0.9195 0.1364
vn 0.2129 0.9770 -0.0085
vn -0.0000 0.9981 -0.0615
vn -0.2129 0.9770 -0.0085
vn -0.3687 0.9195 0.1364
vn 0.6017 0.7967 -0.0572
vn 0.3474 0.8906 -0.2935
vn -0.6017 0.5401 0.5884
vn -0.0000 0.9250 -0.3800
vn -0.3474 0.8906 -0.2935
vn -0.6017 0.7967 -0.0572
vn 0.3474 0.4462 0.8248
vn -0.5474 0.8220 0.1571
vn 0.0647 0.8409 0.5373
vn 0.1643 0.9195 0.3571
vn -0.2611 0.9293 0.2611
vn -0.5415 0.7789 0.3162
vn -0.4569 0.7632 0.4569
vn -0.1571 0.8220 0.5474
vn -0.0222 0.8809 0.4729
vn 0.0465 0.9828 0.1788
vn -0.0381 0.9985 0.0381
vn -0.1788 0.9828 -0.0465
vn -0.4728 0.8809 0.0222
vn 0.5899 0.3457 0.7298
vn 0.9589 -0.0000 0.2838
vn 0.9844 -0.0000 0.1758
vn 0.9661 -0.0000 -0.2580
vn 0.9492 -0.0000 -0.3148
vn 0.7071 -0.0000 -0.7071
vn 0.3148 -0.0000 -0.9492
vn 0.2580 -0.0000 -0.9661
vn -0.1758 -0.0000 -0.9844
vn -0.2838 -0.0000 -0.9589
vn -0.7298 0.3457 -0.5899
vn -0.7528 -0.0000 -0.6583
vn -0.9504 0.2640 -0.1642
vn -0.9844 -0.0000 -0.1758
vn -0.9294 0.2108 0.3031
vn -0.9492 -0.0000 0.3148
vn -0.6939 0.1924 0.6939
vn -0.3148 -0.0000 0.9492
vn -0.3031 0.2108 0.9294
vn 0.1758 -0.0000 0.9844
vn 0.1641 0.2640 0.9504
vn 0.6583 -0.0000 0.7528
vn -0.6369 0.7623 0.1155
vn -0.5373 0.8409 -0.0647
vn -0.6291 0.7047 0.3280
vn -0.5160 0.6837 0.5160
vn -0.3281 0.7047 0.6291
vn -0.1155 0.7623 0.6369
vn 0.1565 0.9770 0.1445
vn 0.0435 0.9981 -0.0435
vn -0.1445 0.9770 -0.1565
vn -0.3571 0.9195 -0.1643
vn 0.4659 0.7967 0.3850
vn 0.4532 0.8906 0.0381
vn 0.2687 0.9250 -0.2687
vn -0.0381 0.8906 -0.4532
vn -0.3162 0.7789 0.5415
vn -0.3850 0.7967 -0.4659
vn -0.8415 0.5401 -0.0094
vn 0.0523 0.9397 0.3380
vn -0.8288 0.4462 0.3376
vn -0.3376 0.4462 0.8288
vn 0.0094 0.5401 0.8415
vn -0.3380 0.9397 -0.0523
vn -0.3693 0.9293 -0.0000
vn -0.3501 0.8809 -0.3187
vn -0.6065 0.7789 -0.1593
vn -0.6462 0.7632 -0.0000
vn -0.4981 0.8220 0.2760
vn -0.3501 0.8809 0.3187
vn -0.2020 0.9397 0.2760
vn -0.0936 0.9828 0.1593
vn -0.0936 0.9828 -0.1593
vn -0.2020 0.9397 -0.2760
vn -0.0989 0.3457 0.9331
vn 0.4773 -0.0000 0.8787
vn 0.5718 -0.0000 0.8204
vn 0.8656 -0.0000 0.5007
vn 0.8937 -0.0000 0.4486
vn 1.0000 -0.0000 -0.0000
vn 0.8937 -0.0000 -0.4486
vn 0.8656 -0.0000 -0.5007
vn 0.5718 -0.0000 -0.8204
vn 0.4773 -0.0000 -0.8787
vn -0.0989 0.3457 -0.9331
vn -0.0668 -0.0000 -0.9978
vn -0.5560 0.2640 -0.7881
vn -0.5718 -0.0000 -0.8204
vn -0.8715 0.2108 -0.4428
vn -0.8937 -0.0000 -0.4486
vn -0.9813 0.1924 -0.0000
vn -0.8937 -0.0000 0.4486
vn -0.8715 0.2108 0.4428
vn -0.5718 -0.0000 0.8204
vn -0.5560 0.2640 0.7881
vn -0.0668 -0.0000 0.9978
vn -0.5320 0.7623 -0.3687
vn -0.3342 0.8409 -0.4257
vn -0.6768 0.7047 -0.2129
vn -0.7298 0.6837 -0.0000
vn -0.6768 0.7047 0.2129
vn -0.5320 0.7623 0.3687
vn -0.3342 0.8409 0.4257
vn -0.1364 0.9195 0.3687
vn 0.0085 0.9770 0.2129
vn 0.0615 0.9981 -0.0000
vn 0.0085 0.9770 -0.2129
vn -0.1364 0.9195 -0.3687
vn 0.0572 0.7967 0.6017
vn -0.2656 0.6684 0.6947
vn 0.2935 0.8906 0.3474
vn -0.4981 0.8220 -0.2760
vn 0.3800 0.9250 -0.0000
vn 0.2935 0.8906 -0.3474
vn 0.0572 0.7967 -0.6017
vn -0.6065 0.7789 0.1593
vn -0.2656 0.6684 -0.6947
vn -0.5884 0.5401 -0.6017
vn -0.8248 0.4462 -0.3474
vn -0.9113 0.4118 -0.0000
vn -0.8248 0.4462 0.3474
vn -0.1571 0.8220 -0.5474
vn -0.5373 0.8409 0.0647
vn -0.3571 0.9195 0.1643
vn -0.2611 0.9293 -0.2611
vn -0.4569 0.7632 -0.4569
vn -0.5415 0.7789 -0.3162
vn 0.0647 0.8409 -0.5373
vn -0.5474 0.8220 -0.1571
vn -0.3380 0.9397 0.0523
vn -0.1155 0.7623 -0.6369
vn -0.1789 0.9828 0.0465
vn 0.0465 0.9828 -0.1788
vn 0.0523 0.9397 -0.3380
vn -0.6369 0.7623 -0.1155
vn -0.0222 0.8809 -0.4728
vn -0.7298 0.3457 0.5899
vn -0.2838 -0.0000 0.9589
vn -0.1758 -0.0000 0.9844
vn 0.2580 -0.0000 0.9661
vn 0.3148 -0.0000 0.9492
vn 0.7071 -0.0000 0.7071
vn 0.9492 -0.0000 0.3148
vn 0.9661 -0.0000 0.2580
vn 0.9844 -0.0000 -0.1758
vn 0.9589 -0.0000 -0.2838
vn 0.5899 0.3457 -0.7298
vn 0.6583 -0.0000 -0.7528
vn 0.1642 0.2640 -0.9504
vn 0.1758 -0.0000 -0.9844
vn -0.3031 0.2108 -0.9294
vn -0.3148 -0.0000 -0.9492
vn -0.6939 0.1924 -0.6939
vn -0.9492 -0.0000 -0.3148
vn -0.9294 0.2108 -0.3031
vn -0.9844 -0.0000 0.1758
vn -0.9504 0.2640 0.1642
vn -0.7528 -0.0000 0.6583
vn -0.3281 0.7047 -0.6291
vn -0.5160 0.6837 -0.5160
vn -0.6291 0.7047 -0.3280
vn -0.1445 0.9770 0.1565
vn 0.0435 0.9981 0.0435
vn 0.1565 0.9770 -0.1445
vn 0.1643 0.9195 -0.3571
vn -0.3850 0.7967 0.4659
vn -0.0381 0.8906 0.4532
vn 0.2687 0.9250 0.2687
vn -0.3162 0.7789 -0.5415
vn 0.4532 0.8906 -0.0381
vn 0.4659 0.7967 -0.3850
vn -0.4729 0.8809 -0.0222
vn -0.3376 0.4462 -0.8288
vn -0.8288 0.4462 -0.3376
vn -0.0381 0.9985 -0.0381
vn -0.0000 0.9293 -0.3693
vn 0.3187 0.8809 -0.3501
vn -0.4257 0.8409 -0.3342
vn -0.2129 0.9770 0.0085
vn 0.2760 0.8220 -0.4981
vn -0.0000 0.9981 0.0615
vn 0.2129 0.9770 0.0085
vn -0.2760 0.8220 -0.4981
vn -0.3187 0.8809 -0.3501
vn 0.4257 0.8409 -0.3342
vn 0.3687 0.7623 -0.5320
vn -0.2760 0.9397 -0.2020
vn -0.0000 0.9985 -0.0539
vn 0.1593 0.9828 -0.0936
vn 0.2760 0.9397 -0.2020
vn -0.3687 0.7623 -0.5320
vn -0.9331 0.3457 -0.0989
vn -0.8787 -0.0000 0.4773
vn -0.5007 -0.0000 0.8656
vn -0.0000 -0.0000 1.0000
vn 0.5007 -0.0000 0.8656
vn 0.8787 -0.0000 0.4773
vn 0.9331 0.3457 -0.0989
vn 0.9978 -0.0000 -0.0668
vn 0.7881 0.2640 -0.5560
vn 0.4428 0.2108 -0.8715
vn -0.0000 0.1924 -0.9813
vn -0.4428 0.2108 -0.8715
vn -0.7881 0.2640 -0.5560
vn -0.9978 -0.0000 -0.0668
vn -0.0000 0.6837 -0.7298
vn -0.2129 0.7047 -0.6768
vn -0.3687 0.9195 -0.1364
vn 0.3687 0.9195 -0.1364
vn -0.6017 0.7967 0.0572
vn 0.6017 0.5401 -0.5884
vn -0.3474 0.8906 0.2935
vn 0.3474 0.4462 -0.8248
vn -0.0000 0.9250 0.3800
vn -0.0000 0.4118 -0.9113
vn 0.3474 0.8906 0.2935
vn 0.6017 0.7967 0.0572
vn -0.6017 0.5401 -0.5884
vn -0.1593 0.9828 -0.0936
vn -0.3474 0.4462 -0.8248
vn 0.5474 0.8220 -0.1571
vn -0.0647 0.8409 -0.5373
vn 0.2611 0.9293 -0.2611
vn 0.5415 0.7789 -0.3162
vn 0.4569 0.7632 -0.4569
vn 0.1571 0.8220 -0.5474
vn 0.5373 0.8409 0.0647
vn 0.6369 0.7623 -0.1155
vn 0.0222 0.8809 -0.4728
vn -0.0523 0.9397 -0.3380
vn -0.0465 0.9828 -0.1788
vn 0.1788 0.9828 0.0465
vn 0.3380 0.9397 0.0523
vn 0.1155 0.7623 -0.6369
vn 0.4729 0.8809 -0.0222
vn -0.5899 0.3457 -0.7298
vn -0.9589 -0.0000 -0.2838
vn -0.9661 -0.0000 0.2580
vn -0.7071 -0.0000 0.7071
vn -0.2580 -0.0000 0.9661
vn 0.2838 -0.0000 0.9589
vn 0.7298 0.3457 0.5899
vn 0.7528 -0.0000 0.6583
vn 0.9504 0.2640 0.1642
vn 0.9294 0.2108 -0.3031
vn 0.6939 0.1924 -0.6939
vn 0.3031 0.2108 -0.9294
vn -0.1642 0.2640 -0.9504
vn -0.6583 -0.0000 -0.7528
vn 0.6291 0.7047 -0.3280
vn 0.5161 0.6837 -0.5160
vn 0.3281 0.7047 -0.6291
vn -0.1643 0.9195 -0.3571
vn -0.1565 0.9770 -0.1445
vn -0.0435 0.9981 0.0435
vn 0.1445 0.9770 0.1565
vn -0.4659 0.7967 -0.3850
vn -0.4532 0.8906 -0.0381
vn -0.2687 0.9250 0.2687
vn 0.0381 0.8906 0.4532
vn 0.3850 0.7967 0.4659
vn 0.8288 0.4462 -0.3376
vn 0.0381 0.9985 -0.0381
vn 0.3376 0.4462 -0.8288
vn 0.4981 0.8220 0.2760
vn 0.3693 0.9293 -0.0000
vn 0.6462 0.7632 -0.0000
vn 0.6065 0.7789 -0.1593
vn 0.3501 0.8809 -0.3187
vn 0.2020 0.9397 -0.2760
vn 0.0539 0.9985 -0.0000
vn 0.0936 0.9828 0.1593
vn 0.2020 0.9397 0.2760
vn 0.3501 0.8809 0.3187
vn 0.0989 0.3457 -0.9331
vn -0.4773 -0.0000 -0.8787
vn -0.8656 -0.0000 -0.5007
vn -1.0000 -0.0000 -0.0000
vn -0.8656 -0.0000 0.5007
vn -0.4773 -0.0000 0.8787
vn 0.0989 0.3457 0.9331
vn 0.0668 -0.0000 0.9978
vn 0.5560 0.2640 0.7881
vn 0.8715 0.2108 0.4428
vn 0.9813 0.1924 -0.0000
vn 0.8715 0.2108 -0.4428
vn 0.5560 0.2640 -0.7881
vn 0.0668 -0.0000 -0.9978
vn 0.5320 0.7623 0.3687
vn 0.3342 0.8409 0.4257
vn 0.6768 0.7047 0.2129
vn 0.7298 0.6837 -0.0000
vn 0.6768 0.7047 -0.2129
vn 0.5320 0.7623 -0.3687
vn 0.3342 0.8409 -0.4257
vn 0.1364 0.9195 -0.3687
vn -0.0085 0.9770 -0.2129
vn -0.0615 0.9981 -0.0000
vn -0.0085 0.9770 0.2129
vn 0.1364 0.9195 0.3687
vn -0.0572 0.7967 -0.6017
vn 0.2656 0.6684 -0.6947
vn -0.2935 0.8906 -0.3474
vn 0.6065 0.7789 0.1593
vn -0.3800 0.9250 -0.0000
vn -0.2935 0.8906 0.3474
vn -0.0572 0.7967 0.6017
vn 0.4981 0.8220 -0.2760
vn 0.2656 0.6684 0.6947
vn 0.8248 0.4462 0.3474
vn 0.0936 0.9828 -0.1593
vn 0.9113 0.4118 -0.0000
vn 0.8248 0.4462 -0.3474
vn 0.1571 0.8220 0.5474
vn 0.2611 0.9293 0.2611
vn 0.4569 0.7632 0.4569
vn 0.5415 0.7789 0.3162
vn 0.5474 0.8220 0.1571
vn 0.4729 0.8809 0.0222
vn 0.1788 0.9828 -0.0465
vn 0.3281 0.7047 0.6291
vn 0.0381 0.9985 0.0381
vn 0.5160 0.6837 0.5160
vn -0.0465 0.9828 0.1788
vn 0.0222 0.8809 0.4729
vn 0.7298 0.3457 -0.5899
vn 0.2838 -0.0000 -0.9589
vn -0.2580 -0.0000 -0.9661
vn -0.7071 -0.0000 -0.7071
vn -0.9661 -0.0000 -0.2580
vn -0.9589 -0.0000 0.2838
vn -0.5899 0.3457 0.7298
vn -0.6583 -0.0000 0.7528
vn -0.1642 0.2640 0.9504
vn 0.3031 0.2108 0.9294
vn 0.6939 0.1924 0.6939
vn 0.9294 0.2108 0.3031
vn 0.9504 0.2640 -0.1642
vn 0.7528 -0.0000 -0.6583
vn 0.1155 0.7623 0.6369
vn -0.0647 0.8409 0.5373
vn 0.6291 0.7047 0.3280
vn 0.6369 0.7623 0.1155
vn 0.5373 0.8409 -0.0647
vn 0.3571 0.9195 -0.1643
vn 0.1445 0.9770 -0.1565
vn -0.0435 0.9981 -0.0435
vn -0.1565 0.9770 0.1445
vn -0.1643 0.9195 0.3571
vn 0.3850 0.7967 -0.4659
vn 0.0381 0.8906 -0.4532
vn 0.3162 0.7789 0.5415
vn -0.2687 0.9250 -0.2687
vn -0.4532 0.8906 0.0381
vn -0.4659 0.7967 0.3850
vn -0.3034 0.6684 0.6791
vn 0.3380 0.9397 -0.0523
vn 0.8288 0.4462 0.3376
vn -0.0523 0.9397 0.3380
vn 0.8415 0.5401 -0.0094
vn -0.0000 1.0000 -0.0000
vn -0.1783 0.9840 -0.0000
vn -0.1756 0.9840 0.0310
vn -0.1676 0.9840 0.0610
vn -0.1544 0.9840 0.0892
vn -0.1366 0.9840 0.1146
vn -0.1146 0.9840 0.1366
vn -0.0892 0.9840 0.1544
vn -0.0610 0.9840 0.1676
vn -0.0310 0.9840 0.1756
vn -0.0000 0.9840 0.1783
vn 0.0310 0.9840 0.1756
vn 0.0610 0.9840 0.1676
vn 0.0892 0.9840 0.1544
vn 0.1146 0.9840 0.1366
vn 0.1366 0.9840 0.1146
vn 0.1544 0.9840 0.0892
vn 0.1676 0.9840 0.0610
vn 0.1756 0.9840 0.0310
vn 0.1783 0.9840 -0.0000
vn 0.1756 0.9840 -0.0310
vn 0.1676 0.9840 -0.0610
vn 0.1544 0.9840 -0.0892
vn 0.1366 0.9840 -0.1146
vn 0.1146 0.9840 -0.1366
vn 0.0892 0.9840 -0.1544
vn 0.0610 0.9840 -0.1676
vn 0.0310 0.9840 -0.1756
vn -0.0000 0.9840 -0.1783
vn -0.0310 0.9840 -0.1756
vn -0.0610 0.9840 -0.1676
vn -0.0892 0.9840 -0.1544
vn -0.1146 0.9840 -0.1366
vn -0.1366 0.9840 -0.1146
vn -0.1544 0.9840 -0.0892
vn -0.1676 0.9840 -0.0610
vn -0.1756 0.9840 -0.0310
vn 0.8409 0.5206 -0.1483
vn 0.8834 0.4686 -0.0000
vn 0.8700 0.4686 -0.1534
vn 0.8023 0.5206 -0.2920
vn 0.8301 0.4686 -0.3021
vn 0.7394 0.5206 -0.4269
vn 0.7651 0.4686 -0.4417
vn 0.6541 0.5206 -0.5488
vn 0.6767 0.4686 -0.5678
vn 0.5488 0.5206 -0.6541
vn 0.5678 0.4686 -0.6767
vn 0.4269 0.5206 -0.7394
vn 0.4417 0.4686 -0.7651
vn 0.3021 0.4686 -0.8301
vn 0.1483 0.5206 -0.8409
vn 0.1534 0.4686 -0.8700
vn -0.0000 0.5206 -0.8538
vn -0.0000 0.4686 -0.8834
vn -0.1483 0.5206 -0.8409
vn -0.1534 0.4686 -0.8700
vn -0.2920 0.5206 -0.8023
vn -0.3021 0.4686 -0.8301
vn -0.4269 0.5206 -0.7394
vn -0.4417 0.4686 -0.7651
vn -0.5678 0.4686 -0.6767
vn -0.6541 0.5206 -0.5488
vn -0.6767 0.4686 -0.5678
vn -0.7394 0.5206 -0.4269
vn -0.7651 0.4686 -0.4417
vn -0.8023 0.5206 -0.2920
vn -0.8301 0.4686 -0.3021
vn -0.8409 0.5206 -0.1483
vn -0.8700 0.4686 -0.1534
vn -0.8834 0.4686 -0.0000
vn -0.8409 0.5206 0.1483
vn -0.8700 0.4686 0.1534
vn -0.8023 0.5206 0.2920
vn -0.8301 0.4686 0.3021
vn -0.7394 0.5206 0.4269
vn -0.7651 0.4686 0.4417
vn -0.6541 0.5206 0.5488
vn -0.6767 0.4686 0.5678
vn -0.5488 0.5206 0.6541
vn -0.5678 0.4686 0.6767
vn -0.4417 0.4686 0.7651
vn -0.3021 0.4686 0.8301
vn -0.4269 0.5206 0.7394
vn -0.1483 0.5206 0.8409
vn -0.1534 0.4686 0.8700
vn -0.0000 0.5206 0.8538
vn -0.0000 0.4686 0.8834
vn 0.1483 0.5206 0.8409
vn 0.1534 0.4686 0.8700
vn 0.2920 0.5206 0.8023
vn 0.3021 0.4686 0.8301
vn 0.4269 0.5206 0.7394
vn 0.4417 0.4686 0.7651
vn 0.5488 0.5206 0.6541
vn 0.5678 0.4686 0.6767
vn 0.6767 0.4686 0.5678
vn 0.7651 0.4686 0.4417
vn 0.6541 0.5206 0.5488
vn 0.8301 0.4686 0.3021
vn 0.7394 0.5206 0.4269
vn 0.8700 0.4686 0.1534
vn 0.8023 0.5206 0.2920
vn 0.8538 0.5206 -0.0000
vn 0.7564 0.6404 -0.1334
vn 0.7217 0.6404 -0.2627
vn 0.5883 0.6404 -0.4937
vn 0.4937 0.6404 -0.5883
vn 0.3840 0.6404 -0.6651
vn 0.2627 0.6404 -0.7217
vn 0.2920 0.5206 -0.8023
vn 0.1334 0.6404 -0.7564
vn -0.0000 0.6404 -0.7680
vn -0.1334 0.6404 -0.7564
vn -0.2627 0.6404 -0.7217
vn -0.4937 0.6404 -0.5883
vn -0.5488 0.5206 -0.6541
vn -0.5883 0.6404 -0.4937
vn -0.6651 0.6404 -0.3840
vn -0.7217 0.6404 -0.2627
vn -0.7564 0.6404 -0.1334
vn -0.8538 0.5206 -0.0000
vn -0.7564 0.6404 0.1334
vn -0.7217 0.6404 0.2627
vn -0.5883 0.6404 0.4937
vn -0.4937 0.6404 0.5883
vn -0.3840 0.6404 0.6651
vn -0.2627 0.6404 0.7217
vn -0.2920 0.5206 0.8023
vn -0.1334 0.6404 0.7564
vn -0.0000 0.6404 0.7680
vn 0.1334 0.6404 0.7564
vn 0.2627 0.6404 0.7217
vn 0.3840 0.6404 0.6651
vn 0.4937 0.6404 0.5883
vn 0.5883 0.6404 0.4937
vn 0.6651 0.6404 0.3840
vn 0.7217 0.6404 0.2627
vn 0.7564 0.6404 0.1334
vn 0.8409 0.5206 0.1483
vn 0.7680 0.6404 -0.0000
vn 0.6358 0.7637 -0.1121
vn 0.6067 0.7637 -0.2208
vn 0.5591 0.7637 -0.3228
vn 0.6651 0.6404 -0.3840
vn 0.4946 0.7637 -0.4150
vn 0.4150 0.7637 -0.4946
vn 0.2208 0.7637 -0.6067
vn 0.1121 0.7637 -0.6358
vn -0.0000 0.7637 -0.6456
vn -0.1121 0.7637 -0.6358
vn -0.2208 0.7637 -0.6067
vn -0.3840 0.6404 -0.6651
vn -0.4150 0.7637 -0.4946
vn -0.4946 0.7637 -0.4150
vn -0.6067 0.7637 -0.2208
vn -0.6456 0.7637 -0.0000
vn -0.7680 0.6404 -0.0000
vn -0.6358 0.7637 0.1121
vn -0.6067 0.7637 0.2208
vn -0.5591 0.7637 0.3228
vn -0.6651 0.6404 0.3840
vn -0.4946 0.7637 0.4150
vn -0.4150 0.7637 0.4946
vn -0.2208 0.7637 0.6067
vn -0.1121 0.7637 0.6358
vn -0.0000 0.7637 0.6456
vn 0.2208 0.7637 0.6067
vn 0.3228 0.7637 0.5591
vn 0.4150 0.7637 0.4946
vn 0.4946 0.7637 0.4150
vn 0.6067 0.7637 0.2208
vn 0.6456 0.7637 -0.0000
vn 0.4960 0.8639 -0.0875
vn 0.4732 0.8639 -0.1722
vn 0.3858 0.8639 -0.3237
vn 0.3237 0.8639 -0.3858
vn 0.2518 0.8639 -0.4361
vn 0.3228 0.7637 -0.5591
vn 0.1722 0.8639 -0.4732
vn -0.0000 0.8639 -0.5036
vn -0.0875 0.8639 -0.4960
vn -0.1722 0.8639 -0.4732
vn -0.3228 0.7637 -0.5591
vn -0.3237 0.8639 -0.3858
vn -0.3858 0.8639 -0.3237
vn -0.4361 0.8639 -0.2518
vn -0.5591 0.7637 -0.3228
vn -0.4732 0.8639 -0.1722
vn -0.4960 0.8639 -0.0875
vn -0.6358 0.7637 -0.1121
vn -0.4960 0.8639 0.0875
vn -0.4732 0.8639 0.1722
vn -0.3858 0.8639 0.3237
vn -0.3237 0.8639 0.3858
vn -0.2518 0.8639 0.4361
vn -0.3228 0.7637 0.5591
vn -0.1722 0.8639 0.4732
vn -0.0000 0.8639 0.5036
vn 0.0875 0.8639 0.4960
vn 0.1121 0.7637 0.6358
vn 0.1722 0.8639 0.4732
vn 0.3237 0.8639 0.3858
vn 0.4361 0.8639 0.2518
vn 0.5591 0.7637 0.3228
vn 0.4732 0.8639 0.1722
vn 0.6358 0.7637 0.1121
vn 0.5036 0.8639 -0.0000
vn 0.3410 0.9381 -0.0601
vn 0.4361 0.8639 -0.2518
vn 0.3254 0.9381 -0.1184
vn 0.2653 0.9381 -0.2226
vn 0.2226 0.9381 -0.2653
vn 0.1731 0.9381 -0.2999
vn 0.1184 0.9381 -0.3254
vn 0.0601 0.9381 -0.3410
vn 0.0875 0.8639 -0.4960
vn -0.0000 0.9381 -0.3463
vn -0.0601 0.9381 -0.3410
vn -0.2518 0.8639 -0.4361
vn -0.1184 0.9381 -0.3254
vn -0.2226 0.9381 -0.2653
vn -0.2653 0.9381 -0.2226
vn -0.3254 0.9381 -0.1184
vn -0.3410 0.9381 -0.0601
vn -0.3463 0.9381 -0.0000
vn -0.5036 0.8639 -0.0000
vn -0.3410 0.9381 0.0601
vn -0.2999 0.9381 0.1731
vn -0.4361 0.8639 0.2518
vn -0.2653 0.9381 0.2226
vn -0.2226 0.9381 0.2653
vn -0.1731 0.9381 0.2999
vn -0.1184 0.9381 0.3254
vn -0.0601 0.9381 0.3410
vn -0.0875 0.8639 0.4960
vn 0.0601 0.9381 0.3410
vn 0.2518 0.8639 0.4361
vn 0.1184 0.9381 0.3254
vn 0.2226 0.9381 0.2653
vn 0.2653 0.9381 0.2226
vn 0.3858 0.8639 0.3237
vn 0.3254 0.9381 0.1184
vn 0.3410 0.9381 0.0601
vn 0.4960 0.8639 0.0875
vn 0.3463 0.9381 -0.0000
vn 0.2999 0.9381 -0.1731
vn -0.1731 0.9381 -0.2999
vn -0.2999 0.9381 -0.1731
vn -0.3254 0.9381 0.1184
vn -0.0000 0.9381 0.3463
vn 0.1731 0.9381 0.2999
vn 0.2999 0.9381 0.1731
vn -0.2644 0.9115 -0.3151
vn -0.3095 0.7854 -0.5360
vn -0.3979 0.7854 -0.4742
vn -0.2298 0.9339 -0.2739
vn -0.2057 0.9115 -0.3563
vn -0.1939 0.9534 -0.2311
vn -0.1788 0.9339 -0.3097
vn -0.1569 0.9698 -0.1869
vn -0.1509 0.9534 -0.2613
vn -0.2514 0.8644 -0.4355
vn -0.1220 0.9698 -0.2113
vn -0.0874 0.9907 -0.1042
vn -0.0860 0.9851 -0.1490
vn -0.1106 0.9851 -0.1318
vn 0.2057 -0.9115 0.3563
vn 0.3979 -0.7854 0.4742
vn 0.3095 -0.7854 0.5360
vn 0.2002 -0.9770 0.0729
vn 0.2113 -0.9698 0.1220
vn 0.1845 -0.9770 0.1065
vn -0.3151 0.9115 -0.2644
vn -0.4742 0.7854 -0.3979
vn -0.2311 0.9534 -0.1939
vn -0.2739 0.9339 -0.2298
vn -0.1869 0.9698 -0.1569
vn -0.3232 0.8644 -0.3852
vn -0.1042 0.9907 -0.0874
vn -0.1318 0.9851 -0.1106
vn 0.1788 -0.9339 0.3097
vn 0.2644 -0.9115 0.3151
vn -0.2373 -0.9617 -0.1370
vn -0.6045 -0.7656 -0.2200
vn -0.5571 -0.7656 -0.3217
vn 0.6096 0.7854 -0.1075
vn 0.4114 0.9115 -0.0000
vn 0.6190 0.7854 -0.0000
vn 0.4051 0.9115 -0.0714
vn 0.3576 0.9339 -0.0000
vn 0.2971 0.9534 -0.0524
vn 0.3521 0.9339 -0.0621
vn 0.2403 0.9698 -0.0424
vn 0.3017 0.9534 -0.0000
vn 0.4952 0.8644 -0.0873
vn 0.2440 0.9698 -0.0000
vn 0.1340 0.9907 -0.0236
vn 0.1721 0.9851 -0.0000
vn 0.1695 0.9851 -0.0299
vn 0.2112 -0.9445 0.2517
vn 0.1643 -0.9445 0.2845
vn -0.1235 -0.9898 -0.0713
vn -0.2575 -0.9617 -0.0937
vn -0.3563 0.9115 -0.2057
vn -0.5360 0.7854 -0.3095
vn -0.3097 0.9339 -0.1788
vn -0.2113 0.9698 -0.1220
vn -0.2613 0.9534 -0.1509
vn -0.4355 0.8644 -0.2514
vn -0.1178 0.9907 -0.0680
vn -0.1490 0.9851 -0.0860
vn 0.1569 -0.9698 0.1869
vn 0.3157 -0.7755 0.5468
vn 0.1220 -0.9698 0.2113
vn -0.0000 -1.0000 -0.0000
vn -0.1340 -0.9898 -0.0488
vn -0.5816 0.7854 -0.2117
vn -0.3360 0.9339 -0.1223
vn -0.3866 0.9115 -0.1407
vn -0.2835 0.9534 -0.1032
vn -0.2293 0.9698 -0.0835
vn -0.4725 0.8644 -0.1720
vn -0.1278 0.9907 -0.0465
vn -0.1617 0.9851 -0.0589
vn 0.1370 -0.9770 0.1632
vn 0.1065 -0.9770 0.1845
vn -0.0714 -0.9115 -0.4051
vn -0.2117 -0.7854 -0.5816
vn -0.1075 -0.7854 -0.6096
vn 0.5816 0.7854 -0.2117
vn 0.3360 0.9339 -0.1223
vn 0.3866 0.9115 -0.1407
vn 0.2835 0.9534 -0.1032
vn 0.2293 0.9698 -0.0835
vn 0.4725 0.8644 -0.1720
vn 0.1278 0.9907 -0.0465
vn 0.1617 0.9851 -0.0589
vn -0.1761 -0.9617 -0.2099
vn -0.3217 -0.7656 -0.5571
vn -0.1370 -0.9617 -0.2373
vn -0.1223 -0.9339 -0.3360
vn -0.0621 -0.9339 -0.3521
vn -0.4051 0.9115 -0.0714
vn -0.6096 0.7854 -0.1075
vn -0.3521 0.9339 -0.0621
vn -0.2971 0.9534 -0.0524
vn -0.4952 0.8644 -0.0873
vn -0.2403 0.9698 -0.0424
vn -0.1340 0.9907 -0.0236
vn -0.1695 0.9851 -0.0299
vn -0.0917 -0.9898 -0.1092
vn -0.0713 -0.9898 -0.1235
vn -0.1124 -0.9445 -0.3087
vn -0.0570 -0.9445 -0.3235
vn -0.4114 0.9115 -0.0000
vn -0.6190 0.7854 -0.0000
vn -0.3576 0.9339 -0.0000
vn -0.3017 0.9534 -0.0000
vn -0.2440 0.9698 -0.0000
vn -0.5028 0.8644 -0.0000
vn -0.1360 0.9907 -0.0000
vn -0.1721 0.9851 -0.0000
vn -0.0424 -0.9698 -0.2403
vn -0.2159 -0.7755 -0.5933
vn -0.1096 -0.7755 -0.6218
vn 0.3563 0.9115 -0.2057
vn 0.5360 0.7854 -0.3095
vn 0.3097 0.9339 -0.1788
vn 0.2613 0.9534 -0.1509
vn 0.4355 0.8644 -0.2514
vn 0.2113 0.9698 -0.1220
vn 0.1490 0.9851 -0.0860
vn 0.4742 -0.7854 0.3979
vn -0.0729 -0.9770 -0.2002
vn -0.0370 -0.9770 -0.2098
vn -0.6096 0.7854 0.1075
vn -0.4051 0.9115 0.0714
vn -0.2971 0.9534 0.0524
vn -0.3521 0.9339 0.0621
vn -0.2403 0.9698 0.0424
vn -0.4952 0.8644 0.0873
vn -0.1340 0.9907 0.0236
vn -0.1695 0.9851 0.0299
vn 0.2298 -0.9339 0.2739
vn 0.3151 -0.9115 0.2644
vn 0.0937 -0.9617 0.2575
vn 0.1117 -0.7656 0.6336
vn 0.0476 -0.9617 0.2698
vn -0.5816 0.7854 0.2117
vn -0.3360 0.9339 0.1223
vn -0.3866 0.9115 0.1407
vn -0.2835 0.9534 0.1032
vn -0.2293 0.9698 0.0835
vn -0.4725 0.8644 0.1720
vn -0.1617 0.9851 0.0589
vn 0.2739 -0.9339 0.2298
vn 0.0488 -0.9898 0.1340
vn 0.0248 -0.9898 0.1404
vn 0.3151 0.9115 -0.2644
vn 0.4742 0.7854 -0.3979
vn 0.2311 0.9534 -0.1939
vn 0.2739 0.9339 -0.2298
vn 0.3852 0.8644 -0.3232
vn 0.1869 0.9698 -0.1569
vn 0.1318 0.9851 -0.1106
vn 0.1178 0.9907 -0.0680
vn 0.1869 -0.9698 0.1569
vn 0.4058 -0.7755 0.4836
vn -0.3563 0.9115 0.2057
vn -0.5360 0.7854 0.3095
vn -0.3097 0.9339 0.1788
vn -0.2113 0.9698 0.1220
vn -0.2613 0.9534 0.1509
vn -0.4355 0.8644 0.2514
vn -0.1490 0.9851 0.0860
vn -0.1278 0.9907 0.0465
vn 0.1632 -0.9770 0.1370
vn 0.4051 -0.9115 0.0714
vn 0.5816 -0.7854 0.2117
vn 0.3866 -0.9115 0.1407
vn -0.3151 0.9115 0.2644
vn -0.4742 0.7854 0.3979
vn -0.2311 0.9534 0.1939
vn -0.2739 0.9339 0.2298
vn -0.1869 0.9698 0.1569
vn -0.3852 0.8644 0.3232
vn -0.1042 0.9907 0.0874
vn -0.1318 0.9851 0.1106
vn -0.2099 -0.9617 -0.1761
vn -0.4135 -0.7656 -0.4928
vn 0.3360 -0.9339 0.1223
vn 0.2644 0.9115 -0.3151
vn 0.3979 0.7854 -0.4742
vn 0.2298 0.9339 -0.2739
vn 0.1939 0.9534 -0.2311
vn 0.1569 0.9698 -0.1869
vn 0.0874 0.9907 -0.1042
vn 0.1106 0.9851 -0.1318
vn -0.1092 -0.9898 -0.0917
vn 0.3087 -0.9445 0.1124
vn 0.3521 -0.9339 0.0621
vn -0.3979 0.7854 0.4742
vn -0.2298 0.9339 0.2739
vn -0.2644 0.9115 0.3151
vn -0.1939 0.9534 0.2311
vn -0.1569 0.9698 0.1869
vn -0.0874 0.9907 0.1042
vn -0.1106 0.9851 0.1318
vn 0.2293 -0.9698 0.0835
vn 0.6218 -0.7755 0.1096
vn 0.5933 -0.7755 0.2159
vn -0.2057 0.9115 0.3562
vn -0.3095 0.7854 0.5360
vn -0.1788 0.9339 0.3097
vn -0.1509 0.9534 0.2613
vn -0.1220 0.9698 0.2113
vn -0.3232 0.8644 0.3852
vn -0.0680 0.9907 0.1178
vn -0.0860 0.9851 0.1490
vn -0.0000 -0.7854 -0.6190
vn -0.0000 -0.9115 -0.4114
vn 0.2098 -0.9770 0.0370
vn 0.3095 0.7854 -0.5360
vn 0.2057 0.9115 -0.3563
vn 0.1788 0.9339 -0.3097
vn 0.1509 0.9534 -0.2613
vn 0.2514 0.8644 -0.4355
vn 0.1220 0.9698 -0.2113
vn 0.0680 0.9907 -0.1178
vn 0.0860 0.9851 -0.1490
vn -0.0000 -0.9339 -0.3576
vn -0.2698 -0.9617 -0.0476
vn -0.1407 0.9115 0.3866
vn -0.2117 0.7854 0.5816
vn -0.1223 0.9339 0.3360
vn -0.1032 0.9534 0.2835
vn -0.0835 0.9698 0.2293
vn -0.2514 0.8644 0.4355
vn -0.0589 0.9851 0.1617
vn -0.0000 -0.9445 -0.3285
vn -0.0714 0.9115 0.4051
vn -0.1075 0.7854 0.6096
vn -0.0621 0.9339 0.3521
vn -0.0424 0.9698 0.2403
vn -0.0524 0.9534 0.2971
vn -0.0873 0.8644 0.4952
vn -0.0236 0.9907 0.1340
vn -0.0299 0.9851 0.1695
vn -0.0000 -0.7755 -0.6314
vn -0.0000 -0.9698 -0.2440
vn -0.1404 -0.9898 -0.0248
vn 0.2117 0.7854 -0.5816
vn 0.1223 0.9339 -0.3360
vn 0.1407 0.9115 -0.3866
vn 0.1032 0.9534 -0.2835
vn 0.0835 0.9698 -0.2293
vn 0.0465 0.9907 -0.1278
vn 0.0589 0.9851 -0.1617
vn -0.0000 -0.9770 -0.2131
vn 0.4114 -0.9115 -0.0000
vn 0.6096 -0.7854 0.1075
vn -0.0000 0.9115 0.4114
vn -0.0000 0.7854 0.6190
vn -0.0000 0.9339 0.3576
vn -0.0000 0.9534 0.3017
vn -0.0000 0.9698 0.2440
vn -0.0000 0.8644 0.5028
vn -0.0000 0.9907 0.1360
vn -0.0000 0.9851 0.1721
vn -0.0000 -0.7656 0.6433
vn -0.0000 -0.9617 0.2740
vn 0.3576 -0.9339 -0.0000
vn 0.0714 0.9115 0.4051
vn 0.1075 0.7854 0.6096
vn 0.0524 0.9534 0.2971
vn 0.0621 0.9339 0.3521
vn 0.0873 0.8644 0.4952
vn 0.0424 0.9698 0.2403
vn 0.0236 0.9907 0.1340
vn 0.0299 0.9851 0.1695
vn -0.0000 -0.9898 0.1426
vn 0.3285 -0.9445 -0.0000
vn 0.3235 -0.9445 0.0570
vn 0.0714 0.9115 -0.4051
vn 0.1075 0.7854 -0.6096
vn 0.0621 0.9339 -0.3521
vn 0.0424 0.9698 -0.2403
vn 0.0524 0.9534 -0.2971
vn 0.1720 0.8644 -0.4725
vn 0.0236 0.9907 -0.1340
vn 0.0299 0.9851 -0.1695
vn 0.2440 -0.9698 -0.0000
vn 0.2403 -0.9698 0.0424
vn 0.2117 0.7854 0.5816
vn 0.1223 0.9339 0.3360
vn 0.1407 0.9115 0.3866
vn 0.1032 0.9534 0.2835
vn 0.0835 0.9698 0.2293
vn 0.1720 0.8644 0.4725
vn 0.0589 0.9851 0.1617
vn 0.5360 -0.7854 0.3095
vn 0.2131 -0.9770 -0.0000
vn 0.2057 0.9115 0.3563
vn 0.3095 0.7854 0.5360
vn 0.1788 0.9339 0.3097
vn 0.1220 0.9698 0.2113
vn 0.1509 0.9534 0.2613
vn 0.2514 0.8644 0.4355
vn 0.0680 0.9907 0.1178
vn 0.0860 0.9851 0.1490
vn 0.3097 -0.9339 0.1788
vn -0.2740 -0.9617 -0.0000
vn -0.6336 -0.7656 -0.1117
vn -0.0000 0.7854 -0.6190
vn -0.0000 0.9339 -0.3576
vn -0.0000 0.9115 -0.4114
vn -0.0000 0.9534 -0.3017
vn -0.0000 0.9698 -0.2440
vn -0.0000 0.8644 -0.5028
vn -0.0000 0.9907 -0.1360
vn -0.0000 0.9851 -0.1721
vn 0.2517 -0.9445 0.2112
vn 0.3979 0.7854 0.4742
vn 0.2298 0.9339 0.2739
vn 0.2644 0.9115 0.3151
vn 0.1939 0.9534 0.2311
vn 0.1569 0.9698 0.1869
vn 0.3232 0.8644 0.3852
vn 0.0874 0.9907 0.1042
vn 0.1106 0.9851 0.1318
vn 0.5468 -0.7755 0.3157
vn 0.4836 -0.7755 0.4058
vn -0.1426 -0.9898 -0.0000
vn 0.3151 0.9115 0.2644
vn 0.4742 0.7854 0.3979
vn 0.2739 0.9339 0.2298
vn 0.2311 0.9534 0.1939
vn 0.1869 0.9698 0.1569
vn 0.3852 0.8644 0.3232
vn 0.1042 0.9907 0.0874
vn 0.1318 0.9851 0.1106
vn -0.2057 -0.9115 -0.3563
vn -0.1407 -0.9115 -0.3866
vn -0.0714 0.9115 -0.4051
vn -0.1075 0.7854 -0.6096
vn -0.0621 0.9339 -0.3521
vn -0.0524 0.9534 -0.2971
vn -0.0873 0.8644 -0.4952
vn -0.0424 0.9698 -0.2403
vn -0.0236 0.9907 -0.1340
vn -0.0299 0.9851 -0.1695
vn -0.4928 -0.7656 -0.4135
vn -0.1788 -0.9339 -0.3097
vn 0.5360 0.7854 0.3095
vn 0.3097 0.9339 0.1788
vn 0.3563 0.9115 0.2057
vn 0.2613 0.9534 0.1509
vn 0.4355 0.8644 0.2514
vn 0.2113 0.9698 0.1220
vn 0.1178 0.9907 0.0680
vn 0.1490 0.9851 0.0860
vn 0.5816 0.7854 0.2117
vn 0.3866 0.9115 0.1407
vn 0.2835 0.9534 0.1032
vn 0.3360 0.9339 0.1223
vn 0.2293 0.9698 0.0835
vn 0.4725 0.8644 0.1720
vn 0.1278 0.9907 0.0465
vn 0.1617 0.9851 0.0589
vn -0.1220 -0.9698 -0.2113
vn -0.0835 -0.9698 -0.2293
vn -0.2117 0.7854 -0.5816
vn -0.1223 0.9339 -0.3360
vn -0.1407 0.9115 -0.3866
vn -0.1032 0.9534 -0.2835
vn -0.0835 0.9698 -0.2293
vn -0.1720 0.8644 -0.4725
vn -0.0589 0.9851 -0.1617
vn 0.3563 -0.9115 0.2057
vn -0.1065 -0.9770 -0.1845
vn 0.4051 0.9115 0.0714
vn 0.6096 0.7854 0.1075
vn 0.3521 0.9339 0.0621
vn 0.2971 0.9534 0.0524
vn 0.4952 0.8644 0.0873
vn 0.2403 0.9698 0.0424
vn 0.1340 0.9907 0.0236
vn 0.1695 0.9851 0.0299
vn 0.3217 -0.7656 0.5571
vn 0.2200 -0.7656 0.6045
vn 0.5028 0.8644 -0.0000
vn 0.1360 0.9907 -0.0000
vn 0.2845 -0.9445 0.1643
vn 0.1370 -0.9617 0.2373
vn -0.0680 0.9907 -0.1178
vn 0.0713 -0.9898 0.1235
vn -0.2644 -0.9115 -0.3151
vn -0.3095 -0.7854 -0.5360
vn -0.2298 -0.9339 -0.2739
vn -0.2112 -0.9445 -0.2517
vn -0.1643 -0.9445 -0.2845
vn -0.1569 -0.9698 -0.1869
vn -0.3157 -0.7755 -0.5468
vn -0.1370 -0.9770 -0.1632
vn 0.1761 -0.9617 0.2099
vn 0.0917 -0.9898 0.1092
vn -0.3151 -0.9115 -0.2644
vn -0.3979 -0.7854 -0.4742
vn -0.2517 -0.9445 -0.2112
vn -0.1869 -0.9698 -0.1569
vn -0.4058 -0.7755 -0.4836
vn -0.1632 -0.9770 -0.1370
vn 0.2099 -0.9617 0.1761
vn 0.4135 -0.7656 0.4928
vn 0.1092 -0.9898 0.0917
vn 0.6096 -0.7854 -0.1075
vn 0.6190 -0.7854 -0.0000
vn 0.4051 -0.9115 -0.0714
vn 0.3235 -0.9445 -0.0570
vn 0.2403 -0.9698 -0.0424
vn 0.6314 -0.7755 -0.0000
vn 0.2098 -0.9770 -0.0370
vn -0.2698 -0.9617 0.0476
vn -0.6433 -0.7656 -0.0000
vn -0.1404 -0.9898 0.0248
vn -0.3562 -0.9115 -0.2057
vn -0.4742 -0.7854 -0.3979
vn -0.3097 -0.9339 -0.1788
vn -0.2739 -0.9339 -0.2298
vn -0.5468 -0.7755 -0.3157
vn -0.4836 -0.7755 -0.4058
vn -0.1845 -0.9770 -0.1065
vn 0.2373 -0.9617 0.1370
vn 0.4928 -0.7656 0.4135
vn 0.1235 -0.9898 0.0713
vn -0.3866 -0.9115 -0.1407
vn -0.5360 -0.7854 -0.3095
vn -0.3360 -0.9339 -0.1223
vn -0.2845 -0.9445 -0.1643
vn -0.2113 -0.9698 -0.1220
vn -0.5933 -0.7755 -0.2159
vn -0.2002 -0.9770 -0.0729
vn 0.2575 -0.9617 0.0937
vn 0.5571 -0.7656 0.3217
vn 0.1340 -0.9898 0.0488
vn 0.5816 -0.7854 -0.2117
vn 0.3360 -0.9339 -0.1223
vn 0.3521 -0.9339 -0.0621
vn 0.3087 -0.9445 -0.1124
vn 0.5933 -0.7755 -0.2159
vn 0.6218 -0.7755 -0.1096
vn 0.2002 -0.9770 -0.0729
vn -0.2575 -0.9617 0.0937
vn -0.6336 -0.7656 0.1117
vn -0.1340 -0.9898 0.0488
vn -0.4051 -0.9115 -0.0714
vn -0.5816 -0.7854 -0.2117
vn -0.3087 -0.9445 -0.1124
vn -0.3521 -0.9339 -0.0621
vn -0.2403 -0.9698 -0.0424
vn -0.2293 -0.9698 -0.0835
vn -0.2098 -0.9770 -0.0370
vn 0.2698 -0.9617 0.0476
vn 0.6045 -0.7656 0.2200
vn 0.1404 -0.9898 0.0248
vn -0.4114 -0.9115 -0.0000
vn -0.6096 -0.7854 -0.1075
vn -0.3576 -0.9339 -0.0000
vn -0.3285 -0.9445 -0.0000
vn -0.3235 -0.9445 -0.0570
vn -0.2440 -0.9698 -0.0000
vn -0.6218 -0.7755 -0.1096
vn 0.2740 -0.9617 -0.0000
vn 0.6336 -0.7656 0.1117
vn 0.1426 -0.9898 -0.0000
vn 0.3866 -0.9115 -0.1407
vn 0.5360 -0.7854 -0.3095
vn 0.3097 -0.9339 -0.1788
vn 0.2845 -0.9445 -0.1643
vn 0.2113 -0.9698 -0.1220
vn 0.2293 -0.9698 -0.0835
vn 0.1845 -0.9770 -0.1065
vn -0.2373 -0.9617 0.1370
vn -0.6045 -0.7656 0.2200
vn -0.1235 -0.9898 0.0713
vn -0.6096 -0.7854 0.1075
vn -0.6190 -0.7854 -0.0000
vn -0.4051 -0.9115 0.0714
vn -0.3235 -0.9445 0.0570
vn -0.2403 -0.9698 0.0424
vn -0.6314 -0.7755 -0.0000
vn -0.2098 -0.9770 0.0370
vn -0.2131 -0.9770 -0.0000
vn 0.2698 -0.9617 -0.0476
vn 0.6433 -0.7656 -0.0000
vn 0.1404 -0.9898 -0.0248
vn -0.5816 -0.7854 0.2117
vn -0.3360 -0.9339 0.1223
vn -0.3521 -0.9339 0.0621
vn -0.3087 -0.9445 0.1124
vn -0.2293 -0.9698 0.0835
vn -0.6218 -0.7755 0.1096
vn -0.2002 -0.9770 0.0729
vn 0.2575 -0.9617 -0.0937
vn 0.6336 -0.7656 -0.1117
vn 0.1340 -0.9898 -0.0488
vn 0.3151 -0.9115 -0.2644
vn 0.3562 -0.9115 -0.2057
vn 0.2739 -0.9339 -0.2298
vn 0.2517 -0.9445 -0.2112
vn 0.1869 -0.9698 -0.1569
vn 0.5468 -0.7755 -0.3157
vn 0.1632 -0.9770 -0.1370
vn -0.2099 -0.9617 0.1761
vn -0.5571 -0.7656 0.3217
vn -0.1092 -0.9898 0.0917
vn -0.3563 -0.9115 0.2057
vn -0.3866 -0.9115 0.1407
vn -0.3097 -0.9339 0.1788
vn -0.2113 -0.9698 0.1220
vn -0.5933 -0.7755 0.2159
vn -0.1845 -0.9770 0.1065
vn 0.2373 -0.9617 -0.1370
vn 0.6045 -0.7656 -0.2200
vn 0.1235 -0.9898 -0.0713
vn -0.3151 -0.9115 0.2644
vn -0.5360 -0.7854 0.3095
vn -0.2517 -0.9445 0.2112
vn -0.2845 -0.9445 0.1643
vn -0.4836 -0.7755 0.4058
vn -0.5468 -0.7755 0.3157
vn -0.1632 -0.9770 0.1370
vn 0.4928 -0.7656 -0.4135
vn 0.5571 -0.7656 -0.3217
vn 0.2099 -0.9617 -0.1761
vn 0.1092 -0.9898 -0.0917
vn 0.3979 -0.7854 -0.4742
vn 0.4742 -0.7854 -0.3979
vn 0.2298 -0.9339 -0.2739
vn 0.2112 -0.9445 -0.2517
vn 0.1569 -0.9698 -0.1869
vn 0.4836 -0.7755 -0.4058
vn 0.1370 -0.9770 -0.1632
vn -0.1761 -0.9617 0.2099
vn -0.4928 -0.7656 0.4135
vn -0.0917 -0.9898 0.1092
vn -0.2644 -0.9115 0.3151
vn -0.4742 -0.7854 0.3979
vn -0.2298 -0.9339 0.2739
vn -0.2739 -0.9339 0.2298
vn -0.2112 -0.9445 0.2517
vn -0.1569 -0.9698 0.1869
vn -0.1869 -0.9698 0.1569
vn 0.4135 -0.7656 -0.4928
vn 0.0917 -0.9898 -0.1092
vn -0.2057 -0.9115 0.3563
vn -0.3979 -0.7854 0.4742
vn -0.1788 -0.9339 0.3097
vn -0.3157 -0.7755 0.5468
vn -0.4058 -0.7755 0.4836
vn -0.1065 -0.9770 0.1845
vn -0.1370 -0.9770 0.1632
vn 0.1370 -0.9617 -0.2373
vn 0.1761 -0.9617 -0.2099
vn 0.0713 -0.9898 -0.1235
vn 0.2644 -0.9115 -0.3151
vn 0.3095 -0.7854 -0.5360
vn 0.2057 -0.9115 -0.3562
vn 0.1788 -0.9339 -0.3097
vn 0.3157 -0.7755 -0.5468
vn 0.4058 -0.7755 -0.4836
vn 0.1065 -0.9770 -0.1845
vn -0.1370 -0.9617 0.2373
vn -0.4135 -0.7656 0.4928
vn -0.0713 -0.9898 0.1235
vn -0.2117 -0.7854 0.5816
vn -0.3095 -0.7854 0.5360
vn -0.1223 -0.9339 0.3360
vn -0.1124 -0.9445 0.3087
vn -0.1643 -0.9445 0.2845
vn -0.1220 -0.9698 0.2113
vn -0.2159 -0.7755 0.5933
vn -0.0729 -0.9770 0.2002
vn 0.2200 -0.7656 -0.6045
vn 0.3217 -0.7656 -0.5571
vn 0.0488 -0.9898 -0.1340
vn -0.0714 -0.9115 0.4051
vn -0.1407 -0.9115 0.3866
vn -0.0621 -0.9339 0.3521
vn -0.0424 -0.9698 0.2403
vn -0.0835 -0.9698 0.2293
vn -0.0370 -0.9770 0.2098
vn 0.0476 -0.9617 -0.2698
vn 0.0937 -0.9617 -0.2575
vn 0.0248 -0.9898 -0.1404
vn 0.1407 -0.9115 -0.3866
vn 0.1223 -0.9339 -0.3360
vn 0.1124 -0.9445 -0.3087
vn 0.1643 -0.9445 -0.2845
vn 0.0835 -0.9698 -0.2293
vn 0.1220 -0.9698 -0.2113
vn 0.0729 -0.9770 -0.2002
vn -0.0937 -0.9617 0.2575
vn -0.3217 -0.7656 0.5571
vn -0.0488 -0.9898 0.1340
vn -0.0000 -0.9115 0.4114
vn -0.1075 -0.7854 0.6096
vn -0.0000 -0.9339 0.3576
vn -0.0000 -0.9445 0.3285
vn -0.0570 -0.9445 0.3235
vn -0.0000 -0.9698 0.2440
vn -0.1096 -0.7755 0.6218
vn -0.0000 -0.9770 0.2131
vn -0.0000 -0.9617 -0.2740
vn 0.1117 -0.7656 -0.6336
vn -0.0000 -0.9898 -0.1426
vn 0.1075 -0.7854 0.6096
vn -0.0000 -0.7854 0.6190
vn 0.0714 -0.9115 0.4051
vn 0.0570 -0.9445 0.3235
vn 0.0424 -0.9698 0.2403
vn -0.0000 -0.7755 0.6314
vn -0.0476 -0.9617 -0.2699
vn -0.0000 -0.7656 -0.6433
vn -0.0248 -0.9898 -0.1404
vn 0.0714 -0.9115 -0.4051
vn 0.2117 -0.7854 -0.5816
vn 0.0621 -0.9339 -0.3521
vn 0.0424 -0.9698 -0.2403
vn 0.2159 -0.7755 -0.5933
vn -0.0476 -0.9617 0.2698
vn -0.2200 -0.7656 0.6045
vn -0.0248 -0.9898 0.1404
vn 0.2117 -0.7854 0.5816
vn 0.1223 -0.9339 0.3360
vn 0.0621 -0.9339 0.3521
vn 0.0835 -0.9698 0.2293
vn 0.1096 -0.7755 0.6218
vn 0.0729 -0.9770 0.2002
vn 0.0370 -0.9770 0.2098
vn -0.0937 -0.9617 -0.2575
vn -0.1117 -0.7656 -0.6336
vn -0.0488 -0.9898 -0.1340
vn 0.1407 -0.9115 0.3866
vn 0.1124 -0.9445 0.3087
vn 0.2159 -0.7755 0.5933
vn -0.2200 -0.7656 -0.6045
vn 0.1075 -0.7854 -0.6096
vn 0.0570 -0.9445 -0.3235
vn 0.1096 -0.7755 -0.6218
vn 0.0370 -0.9770 -0.2098
vn -0.1117 -0.7656 0.6336
vn -0.3337 0.8547 -0.3977
vn 0.4389 -0.4790 0.7602
vn 0.5643 -0.4790 0.6725
vn -0.3977 0.8547 -0.3337
vn -0.3852 0.8644 -0.3232
vn 0.6725 -0.4790 0.5643
vn 0.5112 0.8547 -0.0901
vn -0.8778 -0.4790 -0.0000
vn -0.8645 -0.4790 0.1524
vn 0.7602 -0.4790 0.4389
vn -0.4878 0.8547 -0.1776
vn 0.8249 -0.4790 0.3002
vn 0.4878 0.8547 -0.1776
vn -0.8249 -0.4790 0.3002
vn -0.5112 0.8547 -0.0901
vn 0.8645 -0.4790 0.1524
vn 0.8778 -0.4790 -0.0000
vn 0.4496 0.8547 -0.2596
vn -0.7602 -0.4790 0.4389
vn -0.5112 0.8547 0.0901
vn 0.8645 -0.4790 -0.1524
vn -0.4878 0.8547 0.1776
vn 0.8249 -0.4790 -0.3002
vn 0.3977 0.8547 -0.3337
vn -0.6725 -0.4790 0.5643
vn -0.4496 0.8547 0.2596
vn 0.7602 -0.4790 -0.4389
vn -0.3977 0.8547 0.3337
vn 0.6725 -0.4790 -0.5643
vn 0.3337 0.8547 -0.3977
vn 0.3232 0.8644 -0.3852
vn -0.5643 -0.4790 0.6725
vn -0.3337 0.8547 0.3977
vn 0.5643 -0.4790 -0.6725
vn -0.2596 0.8547 0.4496
vn 0.4389 -0.4790 -0.7602
vn 0.2596 0.8547 -0.4496
vn -0.4389 -0.4790 0.7602
vn -0.1775 0.8547 0.4878
vn -0.1720 0.8644 0.4725
vn 0.3002 -0.4790 -0.8249
vn -0.0901 0.8547 0.5112
vn 0.1524 -0.4790 -0.8645
vn 0.1775 0.8547 -0.4878
vn -0.3002 -0.4790 0.8249
vn -0.0000 0.8547 0.5191
vn -0.0000 -0.4790 -0.8778
vn 0.0901 0.8547 0.5112
vn -0.1524 -0.4790 -0.8645
vn 0.0901 0.8547 -0.5112
vn 0.0873 0.8644 -0.4952
vn -0.1524 -0.4790 0.8645
vn -0.3002 -0.4790 -0.8249
vn 0.2596 0.8547 0.4496
vn -0.4389 -0.4790 -0.7602
vn -0.0000 0.8547 -0.5191
vn -0.0000 -0.4790 0.8778
vn 0.3337 0.8547 0.3977
vn -0.5643 -0.4790 -0.6725
vn -0.6725 -0.4790 -0.5643
vn -0.0901 0.8547 -0.5112
vn 0.1524 -0.4790 0.8645
vn 0.3977 0.8547 0.3337
vn -0.7602 -0.4790 -0.4389
vn 0.4496 0.8547 0.2596
vn -0.8249 -0.4790 -0.3002
vn -0.1775 0.8547 -0.4878
vn 0.3002 -0.4790 0.8249
vn 0.5112 0.8547 0.0901
vn -0.8645 -0.4790 -0.1524
vn 0.5191 0.8547 -0.0000
vn -0.2596 0.8547 -0.4496
vn -0.0584 0.9932 -0.1012
vn -0.0751 0.9932 -0.0895
vn -0.0895 0.9932 -0.0751
vn 0.1150 0.9932 -0.0203
vn 0.1168 0.9932 -0.0000
vn -0.4496 0.8547 -0.2596
vn -0.1012 0.9932 -0.0584
vn -0.1098 0.9932 -0.0400
vn 0.1098 0.9932 -0.0400
vn -0.1150 0.9932 -0.0203
vn -0.5191 0.8547 -0.0000
vn -0.1168 0.9932 -0.0000
vn 0.1012 0.9932 -0.0584
vn -0.1150 0.9932 0.0203
vn -0.1098 0.9932 0.0400
vn 0.0895 0.9932 -0.0751
vn -0.1012 0.9932 0.0584
vn -0.1178 0.9907 0.0680
vn -0.0895 0.9932 0.0751
vn 0.0751 0.9932 -0.0895
vn -0.0751 0.9932 0.0895
vn -0.0584 0.9932 0.1012
vn 0.0584 0.9932 -0.1012
vn -0.0400 0.9932 0.1098
vn -0.0203 0.9932 0.1150
vn 0.0400 0.9932 -0.1098
vn -0.0000 0.9932 0.1168
vn 0.0203 0.9932 0.1150
vn 0.0203 0.9932 -0.1150
vn 0.1776 0.8547 0.4878
vn 0.0400 0.9932 0.1098
vn 0.0465 0.9907 0.1278
vn 0.0584 0.9932 0.1012
vn -0.0000 0.9932 -0.1168
vn 0.0751 0.9932 0.0895
vn 0.0895 0.9932 0.0751
vn -0.0203 0.9932 -0.1150
vn 0.1012 0.9932 0.0584
vn 0.4878 0.8547 0.1776
vn 0.1098 0.9932 0.0400
vn -0.0400 0.9932 -0.1098
vn 0.1150 0.9932 0.0203
vn -0.0465 0.9907 -0.1278
vn 0.1358 -0.9624 0.2352
vn 0.3890 -0.7961 0.4636
vn 0.1746 -0.9624 0.2081
vn -0.1051 -0.7961 -0.5960
vn -0.0929 -0.9624 -0.2552
vn -0.0472 -0.9624 -0.2675
vn 0.2081 -0.9624 0.1746
vn 0.5687 -0.7961 0.2070
vn 0.2675 -0.9624 0.0472
vn 0.2553 -0.9624 0.0929
vn -0.0000 -0.9624 -0.2716
vn 0.5960 -0.7961 0.1051
vn 0.2716 -0.9624 -0.0000
vn 0.4636 -0.7961 0.3890
vn 0.2352 -0.9624 0.1358
vn -0.3026 -0.7961 -0.5241
vn -0.1358 -0.9624 -0.2352
vn -0.3890 -0.7961 -0.4636
vn -0.1746 -0.9624 -0.2081
vn -0.2081 -0.9624 -0.1746
vn 0.5960 -0.7961 -0.1051
vn 0.2675 -0.9624 -0.0472
vn -0.4636 -0.7961 -0.3890
vn -0.2352 -0.9624 -0.1358
vn -0.5687 -0.7961 -0.2070
vn -0.2552 -0.9624 -0.0929
vn 0.2552 -0.9624 -0.0929
vn -0.5960 -0.7961 -0.1051
vn -0.2675 -0.9624 -0.0472
vn -0.2716 -0.9624 -0.0000
vn 0.5687 -0.7961 -0.2070
vn 0.2352 -0.9624 -0.1358
vn -0.5960 -0.7961 0.1051
vn -0.2675 -0.9624 0.0472
vn -0.2552 -0.9624 0.0929
vn 0.5241 -0.7961 -0.3026
vn 0.2081 -0.9624 -0.1746
vn -0.5687 -0.7961 0.2070
vn -0.2352 -0.9624 0.1358
vn -0.4636 -0.7961 0.3890
vn -0.2081 -0.9624 0.1746
vn 0.3890 -0.7961 -0.4636
vn 0.1746 -0.9624 -0.2081
vn -0.1746 -0.9624 0.2081
vn -0.3890 -0.7961 0.4636
vn -0.1358 -0.9624 0.2352
vn 0.1358 -0.9624 -0.2352
vn -0.3026 -0.7961 0.5241
vn -0.0929 -0.9624 0.2552
vn -0.2070 -0.7961 0.5687
vn -0.0472 -0.9624 0.2675
vn 0.2070 -0.7961 -0.5687
vn 0.0929 -0.9624 -0.2552
vn -0.1051 -0.7961 0.5960
vn -0.0000 -0.9624 0.2716
vn -0.0000 -0.7961 0.6052
vn 0.0472 -0.9624 0.2675
vn 0.0472 -0.9624 -0.2675
vn 0.1051 -0.7961 0.5960
vn 0.0929 -0.9624 0.2552
vn 0.2070 -0.7961 0.5687
vn 0.1051 -0.7961 -0.5960
vn -0.2435 -0.8734 -0.4218
vn -0.3131 -0.8734 -0.3731
vn 0.0846 -0.8734 0.4796
vn 0.1666 -0.8734 0.4577
vn -0.2070 -0.7961 -0.5687
vn -0.3731 -0.8734 -0.3131
vn -0.4577 -0.8734 -0.1666
vn -0.4796 -0.8734 -0.0846
vn -0.0000 -0.8734 0.4870
vn -0.0000 -0.7961 -0.6052
vn -0.4870 -0.8734 -0.0000
vn 0.6052 -0.7961 -0.0000
vn -0.4218 -0.8734 -0.2435
vn 0.5241 -0.7961 0.3026
vn 0.2435 -0.8734 0.4218
vn 0.3131 -0.8734 0.3731
vn 0.3731 -0.8734 0.3131
vn -0.4796 -0.8734 0.0846
vn 0.4218 -0.8734 0.2435
vn 0.4577 -0.8734 0.1666
vn -0.5241 -0.7961 -0.3026
vn -0.4577 -0.8734 0.1666
vn 0.4796 -0.8734 0.0846
vn 0.4870 -0.8734 -0.0000
vn -0.6052 -0.7961 -0.0000
vn -0.4218 -0.8734 0.2435
vn 0.4796 -0.8734 -0.0846
vn 0.4577 -0.8734 -0.1666
vn -0.3731 -0.8734 0.3131
vn 0.4636 -0.7961 -0.3890
vn 0.4218 -0.8734 -0.2435
vn -0.5241 -0.7961 0.3026
vn 0.3731 -0.8734 -0.3131
vn -0.3131 -0.8734 0.3731
vn 0.3131 -0.8734 -0.3731
vn 0.2435 -0.8734 -0.4218
vn -0.2435 -0.8734 0.4218
vn 0.1666 -0.8734 -0.4577
vn 0.0846 -0.8734 -0.4796
vn -0.1666 -0.8734 0.4577
vn 0.3026 -0.7961 -0.5241
vn -0.0000 -0.8734 -0.4870
vn -0.0846 -0.8734 -0.4796
vn -0.0846 -0.8734 0.4796
vn -0.1666 -0.8734 -0.4577
vn 0.3026 -0.7961 0.5241
vn -0.8053 -0.5154 -0.2931
vn -0.7421 -0.5154 -0.4285
vn -0.5508 -0.5154 -0.6565
vn -0.4285 -0.5154 -0.7421
vn 0.1488 -0.5154 0.8439
vn 0.2931 -0.5154 0.8053
vn -0.6565 -0.5154 -0.5508
vn -0.8439 -0.5154 -0.1488
vn -0.0000 -0.5154 0.8570
vn -0.8570 -0.5154 -0.0000
vn 0.4285 -0.5154 0.7421
vn 0.5508 -0.5154 0.6565
vn 0.6565 -0.5154 0.5508
vn -0.8439 -0.5154 0.1488
vn 0.7421 -0.5154 0.4285
vn 0.8053 -0.5154 0.2931
vn -0.8053 -0.5154 0.2931
vn 0.8439 -0.5154 0.1488
vn 0.8570 -0.5154 -0.0000
vn -0.7421 -0.5154 0.4285
vn 0.8439 -0.5154 -0.1488
vn 0.8053 -0.5154 -0.2931
vn -0.6565 -0.5154 0.5508
vn 0.7421 -0.5154 -0.4285
vn 0.6565 -0.5154 -0.5508
vn -0.5508 -0.5154 0.6565
vn 0.5508 -0.5154 -0.6565
vn 0.4285 -0.5154 -0.7421
vn -0.4285 -0.5154 0.7421
vn 0.2931 -0.5154 -0.8053
vn 0.1488 -0.5154 -0.8439
vn -0.2931 -0.5154 0.8053
vn -0.0000 -0.5154 -0.8570
vn -0.1488 -0.5154 -0.8439
vn -0.1488 -0.5154 0.8439
vn -0.2931 -0.5154 -0.8053
vn -0.5000 -0.0000 -0.8660
vn -0.5665 0.4725 -0.6751
vn -0.4407 0.4725 -0.7632
vn -0.6428 -0.0000 -0.7660
vn -0.6751 0.4725 -0.5665
vn -0.3420 -0.0000 -0.9397
vn -0.3014 0.4725 -0.8282
vn -0.8660 -0.0000 -0.5000
vn -0.7632 0.4725 -0.4407
vn -0.1736 -0.0000 -0.9848
vn -0.1530 0.4725 -0.8679
vn -0.8282 0.4725 -0.3014
vn -0.0000 0.4725 -0.8813
vn -0.9848 -0.0000 -0.1736
vn -0.8679 0.4725 -0.1530
vn 0.1736 -0.0000 -0.9848
vn 0.1530 0.4725 -0.8679
vn -0.8813 0.4725 -0.0000
vn 0.3014 0.4725 -0.8282
vn -0.8679 0.4725 0.1530
vn 0.4407 0.4725 -0.7632
vn 0.3420 -0.0000 -0.9397
vn -0.9848 -0.0000 0.1736
vn -0.8282 0.4725 0.3014
vn 0.5665 0.4725 -0.6751
vn 0.5000 -0.0000 -0.8660
vn -0.9397 -0.0000 0.3420
vn -0.7632 0.4725 0.4407
vn 0.7660 -0.0000 -0.6428
vn 0.6751 0.4725 -0.5665
vn -0.8660 -0.0000 0.5000
vn -0.6751 0.4725 0.5665
vn 0.8660 -0.0000 -0.5000
vn 0.7632 0.4725 -0.4407
vn -0.7660 -0.0000 0.6428
vn -0.5665 0.4725 0.6751
vn 0.9397 -0.0000 -0.3420
vn 0.8282 0.4725 -0.3014
vn -0.5000 -0.0000 0.8660
vn -0.4407 0.4725 0.7632
vn 0.9848 -0.0000 -0.1736
vn 0.8679 0.4725 -0.1530
vn -0.3014 0.4725 0.8282
vn 0.8813 0.4725 -0.0000
vn -0.1736 -0.0000 0.9848
vn -0.1530 0.4725 0.8679
vn 0.9848 -0.0000 0.1736
vn 0.8679 0.4725 0.1530
vn -0.0000 0.4725 0.8813
vn 0.9397 -0.0000 0.3420
vn 0.8282 0.4725 0.3014
vn 0.1530 0.4725 0.8679
vn 0.8660 -0.0000 0.5000
vn 0.7632 0.4725 0.4407
vn 0.1736 -0.0000 0.9848
vn 0.3014 0.4725 0.8282
vn 0.6751 0.4725 0.5665
vn 0.3420 -0.0000 0.9397
vn 0.4407 0.4725 0.7632
vn 0.6428 -0.0000 0.7660
vn 0.5665 0.4725 0.6751
vn 0.5000 -0.0000 0.8660
vn 0.5665 -0.4725 0.6751
vn 0.4407 -0.4725 0.7632
vn 0.3014 -0.4725 0.8282
vn 0.7660 -0.0000 0.6428
vn 0.6751 -0.4725 0.5665
vn 0.1530 -0.4725 0.8679
vn 0.7632 -0.4725 0.4407
vn -0.0000 -0.4725 0.8813
vn 0.8282 -0.4725 0.3014
vn -0.1530 -0.4725 0.8679
vn 0.8679 -0.4725 0.1530
vn -0.3014 -0.4725 0.8282
vn 0.8813 -0.4725 -0.0000
vn -0.3420 -0.0000 0.9397
vn -0.4407 -0.4725 0.7632
vn 0.8679 -0.4725 -0.1530
vn -0.5665 -0.4725 0.6751
vn 0.8282 -0.4725 -0.3014
vn -0.6428 -0.0000 0.7660
vn -0.6751 -0.4725 0.5665
vn 0.7632 -0.4725 -0.4407
vn -0.7632 -0.4725 0.4407
vn 0.6751 -0.4725 -0.5665
vn -0.8282 -0.4725 0.3014
vn 0.6428 -0.0000 -0.7660
vn 0.5665 -0.4725 -0.6751
vn -0.8679 -0.4725 0.1530
vn 0.4407 -0.4725 -0.7632
vn -0.8813 -0.4725 -0.0000
vn 0.3014 -0.4725 -0.8282
vn -0.8679 -0.4725 -0.1530
vn 0.1530 -0.4725 -0.8679
vn -0.8282 -0.4725 -0.3014
vn -0.0000 -0.4725 -0.8813
vn -0.9397 -0.0000 -0.3420
vn -0.7632 -0.4725 -0.4407
vn -0.1530 -0.4725 -0.8679
vn -0.6751 -0.4725 -0.5665
vn -0.3014 -0.4725 -0.8282
vn -0.7660 -0.0000 -0.6428
vn -0.5665 -0.4725 -0.6751
vn -0.4407 -0.4725 -0.7632
vn 0.8788 -0.1669 -0.4471
vn 0.9998 0.0144 0.0139
vn 0.9980 0.0219 0.0587
vn 0.5022 -0.3024 -0.8102
vn 0.8528 -0.2224 -0.4725
vn -0.0000 -0.3497 -0.9369
vn 0.4711 -0.3823 -0.7949
vn -0.4711 -0.3823 -0.7949
vn -0.5022 -0.3024 -0.8102
vn -0.8528 -0.2224 -0.4725
vn -0.8788 -0.1669 -0.4471
vn -0.9998 0.0144 0.0139
vn -0.9980 0.0219 0.0587
vn -0.8389 0.2374 0.4899
vn -0.8241 0.1981 0.5307
vn -0.4629 0.3779 0.8018
vn -0.4527 0.3118 0.8354
vn -0.0000 0.4238 0.9058
vn -0.0000 0.3497 0.9369
vn 0.4527 0.3118 0.8354
vn 0.8241 0.1981 0.5307
vn 0.4629 0.3779 0.8018
vn 0.8389 0.2374 0.4899
vn 0.9998 0.0182 0.0112
vn 0.8324 -0.3120 -0.4579
vn 0.9902 -0.0873 -0.1093
vn 0.4396 -0.5126 -0.7376
vn 0.7455 -0.4160 -0.5208
vn -0.0000 -0.4348 -0.9005
vn -0.0000 -0.5719 -0.8203
vn 0.3749 -0.5786 -0.7244
vn -0.4396 -0.5126 -0.7376
vn -0.3749 -0.5786 -0.7244
vn -0.8324 -0.3120 -0.4579
vn -0.7455 -0.4160 -0.5208
vn -0.9998 0.0182 0.0112
vn -0.9902 -0.0873 -0.1093
vn -0.8200 0.3278 0.4693
vn -0.8674 0.3106 0.3888
vn -0.4360 0.5067 0.7437
vn -0.4588 0.5545 0.6942
vn -0.0000 0.5608 0.8279
vn -0.0000 0.6241 0.7813
vn 0.4360 0.5067 0.7437
vn 0.8200 0.3278 0.4693
vn 0.4588 0.5545 0.6942
vn 0.8674 0.3106 0.3888
vn -0.0521 -0.1669 0.9846
vn -0.5119 0.0144 0.8589
vn -0.5498 0.0219 0.8350
vn 0.4506 -0.3024 0.8400
vn -0.0172 -0.2224 0.9748
vn 0.8114 -0.3497 0.4684
vn 0.4529 -0.3823 0.8054
vn 0.9240 -0.3823 -0.0105
vn 0.9527 -0.3024 -0.0298
vn 0.8356 -0.2224 -0.5023
vn 0.8266 -0.1669 -0.5375
vn 0.4879 0.0144 -0.8728
vn 0.4482 0.0219 -0.8937
vn -0.0048 0.2374 -0.9714
vn -0.0475 0.1981 -0.9790
vn -0.4629 0.3779 -0.8018
vn -0.4971 0.3118 -0.8098
vn -0.7844 0.4238 -0.4529
vn -0.8114 0.3497 -0.4684
vn -0.9498 0.3118 -0.0256
vn -0.8716 0.1981 0.4484
vn -0.9258 0.3779 -0.0000
vn -0.8437 0.2374 0.4815
vn -0.5096 0.0182 0.8602
vn -0.0197 -0.3120 0.9499
vn -0.4004 -0.0873 0.9122
vn 0.4190 -0.5126 0.7495
vn 0.0783 -0.4160 0.9060
vn 0.7799 -0.4348 0.4503
vn 0.7104 -0.5719 0.4102
vn 0.4399 -0.5786 0.6868
vn 0.8586 -0.5126 -0.0119
vn 0.8148 -0.5786 0.0375
vn 0.8128 -0.3120 -0.4920
vn 0.8238 -0.4160 -0.3852
vn 0.4902 0.0182 -0.8714
vn 0.5897 -0.0873 -0.8029
vn 0.0036 0.3278 -0.9447
vn 0.0970 0.3106 -0.9456
vn -0.4261 0.5067 -0.7495
vn -0.3718 0.5545 -0.7445
vn -0.7170 0.5608 -0.4140
vn -0.6767 0.6241 -0.3907
vn -0.8621 0.5067 0.0057
vn -0.8164 0.3278 0.4755
vn -0.8306 0.5545 0.0503
vn -0.7704 0.3106 0.5568
vn -0.8266 -0.1669 -0.5375
vn -0.4879 0.0144 -0.8728
vn -0.4482 0.0219 -0.8937
vn -0.9527 -0.3024 -0.0298
vn -0.8356 -0.2224 -0.5023
vn -0.8114 -0.3497 0.4684
vn -0.9240 -0.3823 -0.0105
vn -0.4529 -0.3823 0.8054
vn -0.4506 -0.3024 0.8400
vn 0.0172 -0.2224 0.9748
vn 0.0521 -0.1669 0.9846
vn 0.5119 0.0144 0.8589
vn 0.5498 0.0219 0.8350
vn 0.8437 0.2374 0.4815
vn 0.8716 0.1981 0.4484
vn 0.9258 0.3779 -0.0000
vn 0.9498 0.3118 -0.0256
vn 0.7844 0.4238 -0.4529
vn 0.8114 0.3497 -0.4684
vn 0.4971 0.3118 -0.8098
vn 0.0475 0.1981 -0.9790
vn 0.4629 0.3779 -0.8018
vn 0.0048 0.2374 -0.9714
vn -0.4902 0.0182 -0.8714
vn -0.8128 -0.3120 -0.4920
vn -0.5897 -0.0873 -0.8029
vn -0.8586 -0.5126 -0.0119
vn -0.8238 -0.4160 -0.3852
vn -0.7799 -0.4348 0.4503
vn -0.7104 -0.5719 0.4102
vn -0.8148 -0.5786 0.0375
vn -0.4190 -0.5126 0.7495
vn -0.4399 -0.5786 0.6868
vn 0.0197 -0.3120 0.9499
vn -0.0783 -0.4160 0.9060
vn 0.5096 0.0182 0.8602
vn 0.4004 -0.0873 0.9122
vn 0.8164 0.3278 0.4755
vn 0.7704 0.3106 0.5568
vn 0.8621 0.5067 0.0057
vn 0.8306 0.5545 0.0503
vn 0.7170 0.5608 -0.4140
vn 0.6767 0.6241 -0.3907
vn 0.4261 0.5067 -0.7495
vn -0.0036 0.3278 -0.9447
vn 0.3718 0.5545 -0.7445
vn -0.0970 0.3106 -0.9456
vn -0.1593 0.7789 0.6065
vn 0.1593 0.7789 0.6065
vn -0.0000 0.9985 0.0539
vn -0.0000 0.4118 0.9113
vn -0.6791 0.6684 -0.3034
vn -0.6444 0.4118 0.6444
vn -0.0539 0.9985 -0.0000
vn -0.5884 0.5401 0.6017
vn -0.6444 0.4118 -0.6444
vn 0.3162 0.7789 -0.5415
vn 0.6444 0.4118 -0.6444
vn 0.5884 0.5401 0.6017
vn 0.5884 0.5401 -0.6017
vn 0.6791 0.6684 -0.3034
vn -0.0094 0.5401 0.8415
vn 0.1042 0.9907 -0.0874
vn -0.0465 0.9907 0.1278
vn -0.0000 -0.6241 -0.7813
vn 0.6767 -0.6241 0.3907
vn -0.6767 -0.6241 0.3907
vt 0.109343 0.294735
vt 0.108604 0.293923
vt 0.109505 0.294450
vt 0.110136 0.295452
vt 0.110035 0.296590
vt 0.110330 0.296661
vt 0.110033 0.297751
vt 0.109194 0.298075
vt 0.109326 0.298430
vt 0.108400 0.298517
vt 0.107501 0.297990
vt 0.108416 0.298148
vt 0.106871 0.296989
vt 0.107662 0.297706
vt 0.106677 0.295783
vt 0.107133 0.296866
vt 0.107218 0.294939
vt 0.106972 0.294693
vt 0.107810 0.294368
vt 0.107677 0.294012
vt 0.108588 0.294293
vt 0.108819 0.293622
vt 0.110563 0.294013
vt 0.109833 0.294216
vt 0.111273 0.295140
vt 0.110544 0.295345
vt 0.111490 0.296498
vt 0.110762 0.296706
vt 0.110427 0.297933
vt 0.111156 0.297723
vt 0.109632 0.298698
vt 0.110361 0.298487
vt 0.108588 0.298796
vt 0.109319 0.298585
vt 0.107576 0.298202
vt 0.108309 0.297992
vt 0.106866 0.297076
vt 0.107600 0.296868
vt 0.106648 0.295717
vt 0.107715 0.294287
vt 0.106980 0.294490
vt 0.108508 0.293521
vt 0.107774 0.293723
vt 0.109551 0.293420
vt 0.184801 0.673866
vt 0.185831 0.672558
vt 0.185598 0.674133
vt 0.184281 0.673248
vt 0.184175 0.672446
vt 0.184514 0.671674
vt 0.185205 0.671139
vt 0.186063 0.670984
vt 0.186859 0.671252
vt 0.187379 0.671869
vt 0.187484 0.672671
vt 0.187146 0.673443
vt 0.186456 0.673978
vt 0.109417 0.294950
vt 0.108776 0.294574
vt 0.109867 0.295663
vt 0.110005 0.296524
vt 0.109794 0.297300
vt 0.109291 0.297784
vt 0.108630 0.297847
vt 0.107990 0.297471
vt 0.107541 0.296758
vt 0.107403 0.295899
vt 0.107613 0.295122
vt 0.108116 0.294637
vt 0.125004 0.343552
vt 0.124055 0.343512
vt 0.124893 0.343207
vt 0.125916 0.343477
vt 0.126850 0.344249
vt 0.125862 0.343778
vt 0.127443 0.345315
vt 0.126646 0.344426
vt 0.127222 0.346221
vt 0.127536 0.346388
vt 0.127106 0.347182
vt 0.126268 0.347484
vt 0.126861 0.346887
vt 0.125301 0.346914
vt 0.125247 0.347214
vt 0.124315 0.346445
vt 0.123722 0.345382
vt 0.124519 0.346269
vt 0.123626 0.344308
vt 0.124021 0.345376
vt 0.124300 0.343808
vt 0.124030 0.343181
vt 0.125665 0.342548
vt 0.124974 0.342838
vt 0.126816 0.342851
vt 0.126127 0.343142
vt 0.127866 0.343719
vt 0.127178 0.344011
vt 0.127846 0.345212
vt 0.128532 0.344917
vt 0.127951 0.346421
vt 0.128636 0.346125
vt 0.127466 0.347315
vt 0.128151 0.347017
vt 0.126522 0.347655
vt 0.127209 0.347357
vt 0.125372 0.347351
vt 0.126061 0.347054
vt 0.124323 0.346485
vt 0.124348 0.344993
vt 0.123655 0.345287
vt 0.124241 0.343786
vt 0.123547 0.344078
vt 0.124723 0.342891
vt 0.173945 0.626439
vt 0.173811 0.624845
vt 0.174765 0.626131
vt 0.173088 0.626321
vt 0.172425 0.625806
vt 0.172134 0.625034
vt 0.172292 0.624212
vt 0.172857 0.623559
vt 0.173678 0.623252
vt 0.174534 0.623371
vt 0.175196 0.623885
vt 0.175487 0.624656
vt 0.175330 0.625478
vt 0.124661 0.343942
vt 0.125259 0.343725
vt 0.125988 0.343917
vt 0.126653 0.344466
vt 0.127143 0.345320
vt 0.127075 0.345226
vt 0.127142 0.345991
vt 0.126835 0.346556
vt 0.126158 0.347141
vt 0.126238 0.346772
vt 0.125510 0.346580
vt 0.124846 0.346031
vt 0.124424 0.345273
vt 0.123941 0.344475
vt 0.124356 0.344509
vt 0.168406 0.370082
vt 0.168532 0.371040
vt 0.168171 0.370982
vt 0.169381 0.369813
vt 0.169181 0.369520
vt 0.170310 0.369751
vt 0.170289 0.369445
vt 0.171431 0.369880
vt 0.171998 0.370808
vt 0.172301 0.370705
vt 0.172665 0.371701
vt 0.172427 0.372598
vt 0.172303 0.371643
vt 0.171651 0.373158
vt 0.172104 0.372396
vt 0.170546 0.373232
vt 0.171453 0.372866
vt 0.169569 0.372565
vt 0.169407 0.372799
vt 0.168840 0.371874
vt 0.168537 0.371976
vt 0.167973 0.370792
vt 0.168845 0.369442
vt 0.168238 0.369779
vt 0.169717 0.368809
vt 0.169112 0.369145
vt 0.170962 0.368725
vt 0.170359 0.369061
vt 0.171646 0.369551
vt 0.172246 0.369214
vt 0.172625 0.370481
vt 0.173223 0.370143
vt 0.173035 0.371602
vt 0.173632 0.371262
vt 0.172766 0.372612
vt 0.173364 0.372271
vt 0.171893 0.373243
vt 0.172492 0.372900
vt 0.170649 0.373326
vt 0.169969 0.372497
vt 0.169366 0.372839
vt 0.168992 0.371572
vt 0.168386 0.371912
vt 0.168580 0.370453
vt 0.132643 0.600338
vt 0.131489 0.599361
vt 0.133072 0.599602
vt 0.131905 0.600811
vt 0.131055 0.600896
vt 0.130322 0.600570
vt 0.129901 0.599919
vt 0.129906 0.599119
vt 0.130335 0.598384
vt 0.131073 0.597912
vt 0.131922 0.597827
vt 0.132655 0.598153
vt 0.133076 0.598803
vt 0.169071 0.370300
vt 0.168903 0.370941
vt 0.168730 0.370285
vt 0.169624 0.369900
vt 0.170413 0.369847
vt 0.171226 0.370156
vt 0.171268 0.370115
vt 0.171845 0.370744
vt 0.172105 0.371453
vt 0.171936 0.372093
vt 0.171383 0.372492
vt 0.170596 0.372545
vt 0.169784 0.372236
vt 0.169164 0.371649
vt 0.215533 0.360427
vt 0.215732 0.361434
vt 0.215166 0.360484
vt 0.215211 0.359437
vt 0.216111 0.358824
vt 0.215855 0.358574
vt 0.216926 0.358128
vt 0.218136 0.358218
vt 0.217009 0.358450
vt 0.219159 0.358820
vt 0.218024 0.358526
vt 0.219356 0.359829
vt 0.219722 0.359772
vt 0.219675 0.360818
vt 0.219031 0.361678
vt 0.219316 0.360707
vt 0.217879 0.361802
vt 0.217963 0.362122
vt 0.216866 0.361727
vt 0.216756 0.362034
vt 0.216008 0.361224
vt 0.215519 0.361475
vt 0.215404 0.360083
vt 0.214881 0.360404
vt 0.215454 0.358906
vt 0.214931 0.359225
vt 0.216178 0.357936
vt 0.215657 0.358253
vt 0.216863 0.357750
vt 0.217382 0.357434
vt 0.218225 0.357852
vt 0.218742 0.357536
vt 0.219378 0.358531
vt 0.219892 0.358213
vt 0.220012 0.359603
vt 0.220525 0.359283
vt 0.219958 0.360780
vt 0.220471 0.360459
vt 0.219233 0.361748
vt 0.218546 0.361926
vt 0.218030 0.362249
vt 0.217190 0.361826
vt 0.216671 0.362149
vt 0.216040 0.361152
vt 0.085121 0.610915
vt 0.083689 0.611098
vt 0.084971 0.610153
vt 0.084887 0.611726
vt 0.084332 0.612369
vt 0.083605 0.612671
vt 0.082900 0.612552
vt 0.082407 0.612043
vt 0.082258 0.611281
vt 0.082493 0.610471
vt 0.083047 0.609829
vt 0.083774 0.609526
vt 0.084478 0.609645
vt 0.216227 0.360934
vt 0.215824 0.360257
vt 0.215856 0.359511
vt 0.215571 0.359548
vt 0.216315 0.358897
vt 0.217078 0.358579
vt 0.217939 0.358643
vt 0.218668 0.359072
vt 0.218883 0.359031
vt 0.219070 0.359750
vt 0.219036 0.360495
vt 0.218578 0.361108
vt 0.218776 0.361428
vt 0.217816 0.361425
vt 0.216956 0.361362
vt 0.238878 0.319553
vt 0.240045 0.319611
vt 0.240014 0.319975
vt 0.238097 0.318636
vt 0.239092 0.319256
vt 0.237880 0.317470
vt 0.238436 0.318487
vt 0.238596 0.316583
vt 0.238287 0.316367
vt 0.239369 0.315959
vt 0.239209 0.315624
vt 0.240366 0.315805
vt 0.240397 0.315440
vt 0.241533 0.315864
vt 0.242313 0.316783
vt 0.241320 0.316161
vt 0.242154 0.317909
vt 0.242527 0.317948
vt 0.241812 0.318833
vt 0.242120 0.319048
vt 0.241041 0.319456
vt 0.241201 0.319790
vt 0.239952 0.320212
vt 0.239157 0.319487
vt 0.238672 0.319736
vt 0.238279 0.318457
vt 0.237792 0.318704
vt 0.238035 0.317145
vt 0.237548 0.317390
vt 0.238006 0.316148
vt 0.238493 0.315905
vt 0.239044 0.315310
vt 0.239529 0.315069
vt 0.240383 0.315104
vt 0.240865 0.314863
vt 0.241662 0.315582
vt 0.242142 0.315341
vt 0.242540 0.316616
vt 0.243017 0.316373
vt 0.242781 0.317929
vt 0.242800 0.318920
vt 0.242323 0.319168
vt 0.241767 0.319754
vt 0.241287 0.320003
vt 0.240434 0.319962
vt 0.059280 0.651946
vt 0.058477 0.653148
vt 0.058706 0.651573
vt 0.059639 0.652641
vt 0.059686 0.653472
vt 0.059409 0.654217
vt 0.058883 0.654675
vt 0.058247 0.654723
vt 0.057674 0.654350
vt 0.057316 0.653655
vt 0.057269 0.652825
vt 0.057545 0.652081
vt 0.058071 0.651622
vt 0.239221 0.318973
vt 0.240031 0.319274
vt 0.238665 0.318320
vt 0.238255 0.317508
vt 0.238511 0.317489
vt 0.238801 0.316704
vt 0.239457 0.316174
vt 0.240303 0.316043
vt 0.241113 0.316346
vt 0.241974 0.316932
vt 0.241668 0.317000
vt 0.241821 0.317830
vt 0.241531 0.318614
vt 0.240876 0.319143
vt 0.225015 0.269712
vt 0.226208 0.269670
vt 0.225075 0.270089
vt 0.223981 0.269537
vt 0.223842 0.269880
vt 0.223139 0.268883
vt 0.222839 0.269100
vt 0.222336 0.267958
vt 0.222827 0.266918
vt 0.222467 0.266759
vt 0.223198 0.265826
vt 0.224332 0.265408
vt 0.223440 0.266135
vt 0.225565 0.265618
vt 0.224392 0.265785
vt 0.226567 0.266399
vt 0.225427 0.265961
vt 0.226689 0.267574
vt 0.227069 0.267541
vt 0.226578 0.268579
vt 0.226938 0.268738
vt 0.225966 0.269361
vt 0.226387 0.269955
vt 0.225629 0.270266
vt 0.225111 0.270426
vt 0.224243 0.270032
vt 0.223723 0.270191
vt 0.223116 0.269155
vt 0.222593 0.269313
vt 0.222026 0.268026
vt 0.222550 0.267871
vt 0.222174 0.266676
vt 0.222697 0.266523
vt 0.222997 0.265624
vt 0.223519 0.265474
vt 0.224275 0.265154
vt 0.224794 0.265005
vt 0.225663 0.265391
vt 0.226180 0.265241
vt 0.226791 0.266271
vt 0.227870 0.267402
vt 0.227357 0.267556
vt 0.227722 0.268748
vt 0.227209 0.268904
vt 0.226902 0.269796
vt 0.070227 0.699330
vt 0.070587 0.700814
vt 0.069632 0.699532
vt 0.070920 0.699525
vt 0.071523 0.700067
vt 0.071875 0.700808
vt 0.071882 0.701551
vt 0.071542 0.702096
vt 0.070946 0.702298
vt 0.070254 0.702102
vt 0.069652 0.701561
vt 0.069300 0.700820
vt 0.069292 0.700078
vt 0.224958 0.269458
vt 0.225765 0.269160
vt 0.224079 0.269309
vt 0.223365 0.268753
vt 0.223006 0.267939
vt 0.223100 0.267086
vt 0.223620 0.266421
vt 0.224428 0.266123
vt 0.225307 0.266273
vt 0.226267 0.266616
vt 0.226021 0.266829
vt 0.226378 0.267642
vt 0.226285 0.268496
vt 0.180408 0.241304
vt 0.181216 0.240465
vt 0.180701 0.241539
vt 0.179697 0.242221
vt 0.178540 0.241966
vt 0.178475 0.242328
vt 0.177361 0.241832
vt 0.176654 0.240866
vt 0.177605 0.241550
vt 0.176920 0.239750
vt 0.176544 0.239688
vt 0.177060 0.238614
vt 0.178064 0.237933
vt 0.177353 0.238849
vt 0.179221 0.238188
vt 0.179286 0.237826
vt 0.180155 0.238604
vt 0.180400 0.238322
vt 0.180748 0.239415
vt 0.181106 0.239288
vt 0.180841 0.240403
vt 0.181585 0.240608
vt 0.181611 0.241711
vt 0.181005 0.241817
vt 0.180483 0.242477
vt 0.179874 0.242585
vt 0.179108 0.242598
vt 0.178497 0.242706
vt 0.177243 0.242147
vt 0.177856 0.242040
vt 0.176447 0.241059
vt 0.177062 0.240954
vt 0.176323 0.239732
vt 0.176938 0.239630
vt 0.176905 0.238523
vt 0.177519 0.238423
vt 0.178035 0.237755
vt 0.178647 0.237657
vt 0.179412 0.237635
vt 0.181272 0.238094
vt 0.180666 0.238194
vt 0.182066 0.239180
vt 0.181461 0.239282
vt 0.182190 0.240504
vt 0.111486 0.725341
vt 0.112861 0.726208
vt 0.111282 0.725967
vt 0.112059 0.724946
vt 0.112847 0.724890
vt 0.113639 0.725187
vt 0.114222 0.725757
vt 0.114440 0.726448
vt 0.114235 0.727074
vt 0.113662 0.727468
vt 0.112875 0.727524
vt 0.112084 0.727228
vt 0.111501 0.726658
vt 0.180251 0.241212
vt 0.180619 0.240447
vt 0.179566 0.241876
vt 0.179536 0.241698
vt 0.178665 0.241774
vt 0.177872 0.241421
vt 0.177012 0.240739
vt 0.177369 0.240732
vt 0.177290 0.239893
vt 0.177658 0.239128
vt 0.178195 0.238277
vt 0.178373 0.238643
vt 0.179244 0.238566
vt 0.180037 0.238920
vt 0.180540 0.239608
vt 0.132020 0.251890
vt 0.132011 0.250729
vt 0.132355 0.251845
vt 0.132142 0.253036
vt 0.131244 0.253683
vt 0.131429 0.253982
vt 0.130386 0.254059
vt 0.130407 0.254430
vt 0.129500 0.253916
vt 0.129351 0.254259
vt 0.128543 0.253517
vt 0.128199 0.252402
vt 0.128822 0.253293
vt 0.128711 0.251359
vt 0.128412 0.251213
vt 0.129309 0.250565
vt 0.129124 0.250267
vt 0.130166 0.250189
vt 0.130145 0.249818
vt 0.131202 0.249987
vt 0.131732 0.250953
vt 0.132393 0.250624
vt 0.133477 0.251755
vt 0.132781 0.251881
vt 0.133238 0.253094
vt 0.132542 0.253222
vt 0.132436 0.254157
vt 0.131738 0.254287
vt 0.130588 0.254791
vt 0.131287 0.254661
vt 0.129398 0.254600
vt 0.130100 0.254469
vt 0.128488 0.253764
vt 0.129191 0.253635
vt 0.128101 0.252508
vt 0.128805 0.252382
vt 0.128340 0.251168
vt 0.129044 0.251045
vt 0.129142 0.250103
vt 0.130992 0.249477
vt 0.130292 0.249598
vt 0.132180 0.249667
vt 0.131482 0.249788
vt 0.133090 0.250501
vt 0.158917 0.714806
vt 0.160570 0.714518
vt 0.159289 0.715459
vt 0.158988 0.714075
vt 0.159484 0.713462
vt 0.160270 0.713133
vt 0.161137 0.713175
vt 0.161851 0.713576
vt 0.162222 0.714230
vt 0.162150 0.714960
vt 0.161655 0.715572
vt 0.160869 0.715901
vt 0.160004 0.715860
vt 0.131675 0.251201
vt 0.131921 0.251996
vt 0.131842 0.252889
vt 0.131769 0.252844
vt 0.131261 0.253518
vt 0.130533 0.253837
vt 0.129781 0.253716
vt 0.129205 0.253188
vt 0.128960 0.252393
vt 0.128533 0.252357
vt 0.129111 0.251545
vt 0.129619 0.250872
vt 0.130346 0.250552
vt 0.131053 0.250331
vt 0.131099 0.250672
vt 0.682509 0.771957
vt 0.674435 0.774006
vt 0.673625 0.773412
vt 0.673079 0.772749
vt 0.672816 0.772037
vt 0.672843 0.771298
vt 0.673161 0.770552
vt 0.673761 0.769824
vt 0.674627 0.769136
vt 0.675732 0.768508
vt 0.677043 0.767961
vt 0.678520 0.767511
vt 0.680118 0.767173
vt 0.681788 0.766956
vt 0.683478 0.766870
vt 0.685135 0.766914
vt 0.686708 0.767090
vt 0.688149 0.767390
vt 0.689412 0.767805
vt 0.690459 0.768323
vt 0.691259 0.768927
vt 0.691787 0.769599
vt 0.692029 0.770316
vt 0.691978 0.771059
vt 0.691637 0.771803
vt 0.691016 0.772526
vt 0.690137 0.773206
vt 0.689025 0.773824
vt 0.687716 0.774361
vt 0.686249 0.774801
vt 0.684668 0.775130
vt 0.683020 0.775340
vt 0.681354 0.775425
vt 0.679721 0.775381
vt 0.678167 0.775211
vt 0.676741 0.774918
vt 0.675484 0.774513
vt 0.723239 0.735091
vt 0.720527 0.728022
vt 0.724501 0.731355
vt 0.725677 0.738606
vt 0.727025 0.735025
vt 0.726667 0.742329
vt 0.728044 0.738912
vt 0.726203 0.746142
vt 0.727554 0.742890
vt 0.724326 0.749927
vt 0.725598 0.746838
vt 0.721117 0.753571
vt 0.722262 0.750636
vt 0.717669 0.754176
vt 0.711207 0.760027
vt 0.711974 0.757362
vt 0.704825 0.762664
vt 0.705355 0.760107
vt 0.697739 0.764810
vt 0.698010 0.762341
vt 0.690155 0.766412
vt 0.690149 0.764008
vt 0.682284 0.767430
vt 0.681992 0.765067
vt 0.673764 0.765492
vt 0.666549 0.767627
vt 0.665687 0.765272
vt 0.659115 0.766803
vt 0.657982 0.764415
vt 0.652247 0.765384
vt 0.650861 0.762938
vt 0.646138 0.763407
vt 0.644524 0.760880
vt 0.639156 0.758292
vt 0.636891 0.757989
vt 0.634921 0.755239
vt 0.634044 0.754690
vt 0.631957 0.751802
vt 0.632528 0.751114
vt 0.630372 0.748075
vt 0.632413 0.747362
vt 0.630239 0.744163
vt 0.633727 0.743545
vt 0.631588 0.740181
vt 0.634408 0.736251
vt 0.638637 0.732498
vt 0.636457 0.739780
vt 0.645875 0.732879
vt 0.644166 0.729045
vt 0.652304 0.729973
vt 0.650834 0.726008
vt 0.659631 0.727569
vt 0.658440 0.723494
vt 0.667624 0.725751
vt 0.666741 0.721593
vt 0.676021 0.724585
vt 0.675464 0.720375
vt 0.684542 0.724115
vt 0.684317 0.719883
vt 0.693001 0.720137
vt 0.701222 0.721126
vt 0.692900 0.724358
vt 0.708706 0.722815
vt 0.700813 0.725304
vt 0.715209 0.725142
vt 0.708018 0.726920
vt 0.719406 0.731901
vt 0.719208 0.743632
vt 0.721393 0.746710
vt 0.721906 0.753323
vt 0.720260 0.756650
vt 0.717426 0.759858
vt 0.713505 0.762853
vt 0.716695 0.756969
vt 0.708628 0.765552
vt 0.702948 0.767882
vt 0.696634 0.769779
vt 0.689870 0.771197
vt 0.675760 0.772459
vt 0.674343 0.767838
vt 0.668805 0.772273
vt 0.662175 0.771543
vt 0.656054 0.770287
vt 0.650618 0.768538
vt 0.640967 0.760920
vt 0.642417 0.763753
vt 0.639908 0.760844
vt 0.638521 0.754395
vt 0.639723 0.751042
vt 0.642179 0.747739
vt 0.645833 0.744591
vt 0.640542 0.736186
vt 0.650588 0.741698
vt 0.656305 0.739158
vt 0.662810 0.737059
vt 0.669898 0.735473
vt 0.677337 0.734457
vt 0.684883 0.734047
vt 0.692283 0.734258
vt 0.699292 0.735083
vt 0.705678 0.736492
vt 0.711236 0.738435
vt 0.714281 0.729145
vt 0.715791 0.740843
vt 0.713795 0.751543
vt 0.715655 0.754099
vt 0.716440 0.756815
vt 0.722295 0.749975
vt 0.716140 0.759604
vt 0.714778 0.762382
vt 0.709119 0.767572
vt 0.705013 0.769836
vt 0.700220 0.771792
vt 0.694885 0.773388
vt 0.689162 0.774580
vt 0.682847 0.772097
vt 0.677213 0.775643
vt 0.671324 0.775486
vt 0.660539 0.773815
vt 0.652085 0.770498
vt 0.646025 0.766341
vt 0.649058 0.768327
vt 0.646967 0.765889
vt 0.645887 0.763254
vt 0.638591 0.757694
vt 0.645862 0.760498
vt 0.646908 0.757704
vt 0.652109 0.752338
vt 0.656129 0.749939
vt 0.660948 0.747835
vt 0.672373 0.744786
vt 0.678615 0.743947
vt 0.684942 0.743608
vt 0.691148 0.743783
vt 0.702390 0.745629
vt 0.710904 0.749230
vt 0.707176 0.758549
vt 0.708647 0.760517
vt 0.709075 0.764769
vt 0.708036 0.766920
vt 0.706208 0.769002
vt 0.712410 0.765064
vt 0.703652 0.770953
vt 0.696706 0.774242
vt 0.692528 0.775489
vt 0.688040 0.776421
vt 0.683215 0.775338
vt 0.678661 0.777253
vt 0.674038 0.777130
vt 0.669636 0.776649
vt 0.665713 0.774871
vt 0.665582 0.775823
vt 0.661994 0.774673
vt 0.655952 0.772344
vt 0.656629 0.771540
vt 0.655018 0.769643
vt 0.654212 0.765461
vt 0.655058 0.763299
vt 0.656722 0.761177
vt 0.649007 0.754955
vt 0.659163 0.759161
vt 0.666073 0.755700
vt 0.670334 0.754368
vt 0.666420 0.746097
vt 0.674962 0.753364
vt 0.684720 0.752463
vt 0.694101 0.753118
vt 0.697027 0.744465
vt 0.698270 0.754009
vt 0.707064 0.747236
vt 0.704909 0.756771
vt 0.699577 0.764410
vt 0.709284 0.762612
vt 0.700600 0.765743
vt 0.700933 0.768633
vt 0.700240 0.770101
vt 0.699002 0.771524
vt 0.697260 0.772860
vt 0.695069 0.774070
vt 0.700452 0.772716
vt 0.692498 0.775120
vt 0.689622 0.775978
vt 0.683373 0.777015
vt 0.686529 0.776621
vt 0.680056 0.777195
vt 0.676866 0.777110
vt 0.671038 0.776208
vt 0.668572 0.775416
vt 0.666507 0.774425
vt 0.658979 0.773232
vt 0.664904 0.773263
vt 0.663275 0.770563
vt 0.654201 0.767597
vt 0.663304 0.769105
vt 0.663907 0.767633
vt 0.665067 0.766191
vt 0.666755 0.764824
vt 0.668921 0.763575
vt 0.662311 0.757316
vt 0.674415 0.761586
vt 0.679809 0.752721
vt 0.677574 0.760910
vt 0.684225 0.760303
vt 0.687506 0.760393
vt 0.689536 0.752596
vt 0.693465 0.761344
vt 0.695955 0.762174
vt 0.701910 0.755241
vt 0.698013 0.763207
vt 0.701055 0.767166
vt 0.683309 0.777030
vt 0.673830 0.776778
vt 0.663815 0.771963
vt 0.671501 0.762484
vt 0.680879 0.760477
vt 0.690619 0.760744
vt 0.390175 0.709113
vt 0.402120 0.704916
vt 0.388983 0.704889
vt 0.391480 0.713019
vt 0.401906 0.709129
vt 0.392846 0.716399
vt 0.401687 0.713026
vt 0.394271 0.719230
vt 0.401474 0.716401
vt 0.401067 0.721483
vt 0.401267 0.719228
vt 0.396875 0.724863
vt 0.400922 0.724477
vt 0.396527 0.724482
vt 0.400009 0.689181
vt 0.415042 0.693950
vt 0.399737 0.693891
vt 0.295639 0.275029
vt 0.289762 0.287495
vt 0.289560 0.275522
vt 0.378680 0.709081
vt 0.376100 0.704835
vt 0.384409 0.716397
vt 0.381489 0.713005
vt 0.387436 0.719234
vt 0.395752 0.721487
vt 0.392971 0.724873
vt 0.392241 0.724493
vt 0.400276 0.685030
vt 0.413407 0.689242
vt 0.701679 0.313358
vt 0.713732 0.317224
vt 0.704338 0.317633
vt 0.478612 0.703646
vt 0.464619 0.708283
vt 0.473241 0.703463
vt 0.469465 0.708388
vt 0.455522 0.712646
vt 0.449995 0.716342
vt 0.459782 0.712693
vt 0.440133 0.719328
vt 0.446359 0.716334
vt 0.430226 0.721647
vt 0.437158 0.719342
vt 0.422632 0.725079
vt 0.422977 0.724739
vt 0.424870 0.724708
vt 0.409980 0.681687
vt 0.400526 0.681632
vt 0.698613 0.305503
vt 0.708433 0.313065
vt 0.367712 0.709034
vt 0.363785 0.704755
vt 0.371972 0.712983
vt 0.380950 0.719241
vt 0.376387 0.716393
vt 0.385654 0.721505
vt 0.389280 0.724888
vt 0.388186 0.724508
vt 0.273983 0.284734
vt 0.262653 0.289702
vt 0.266763 0.281405
vt 0.696020 0.295612
vt 0.701940 0.305360
vt 0.352357 0.704651
vt 0.363183 0.712955
vt 0.357557 0.708973
vt 0.368999 0.716388
vt 0.374994 0.719250
vt 0.381157 0.721519
vt 0.385908 0.724907
vt 0.384479 0.724528
vt 0.277678 0.273446
vt 0.272240 0.270942
vt 0.425179 0.692804
vt 0.415330 0.697321
vt 0.428016 0.697275
vt 0.481461 0.703834
vt 0.462151 0.712742
vt 0.472097 0.708497
vt 0.452063 0.716351
vt 0.441863 0.719314
vt 0.431579 0.721624
vt 0.423673 0.725048
vt 0.426006 0.724676
vt 0.687940 0.311869
vt 0.676164 0.313140
vt 0.681407 0.310140
vt 0.412292 0.688692
vt 0.422108 0.688641
vt 0.348498 0.708898
vt 0.342128 0.704523
vt 0.355373 0.712922
vt 0.362458 0.716382
vt 0.377206 0.721536
vt 0.369741 0.719260
vt 0.382955 0.724930
vt 0.381229 0.724552
vt 0.691846 0.304776
vt 0.688618 0.303931
vt 0.410646 0.685050
vt 0.418928 0.685001
vt 0.340808 0.708811
vt 0.333404 0.704375
vt 0.348775 0.712883
vt 0.356962 0.716375
vt 0.365351 0.719272
vt 0.373922 0.721555
vt 0.380511 0.724956
vt 0.378537 0.724579
vt 0.327091 0.214501
vt 0.327836 0.203607
vt 0.334413 0.210085
vt 0.472513 0.708604
vt 0.481801 0.704019
vt 0.462615 0.712790
vt 0.452541 0.716359
vt 0.431977 0.721601
vt 0.442319 0.719300
vt 0.426358 0.724643
vt 0.429775 0.694067
vt 0.313564 0.216400
vt 0.317732 0.220518
vt 0.326477 0.704211
vt 0.334742 0.708716
vt 0.352690 0.716368
vt 0.343608 0.712840
vt 0.361965 0.719285
vt 0.371410 0.721577
vt 0.378653 0.724984
vt 0.376486 0.724609
vt 0.411694 0.685090
vt 0.426322 0.689365
vt 0.717331 0.274951
vt 0.732830 0.268411
vt 0.722618 0.277565
vt 0.321612 0.704034
vt 0.340063 0.712793
vt 0.330529 0.708613
vt 0.349796 0.716360
vt 0.359703 0.719299
vt 0.369756 0.721599
vt 0.375147 0.724641
vt 0.422715 0.685210
vt 0.706576 0.286322
vt 0.709220 0.287656
vt 0.470779 0.708708
vt 0.479723 0.704197
vt 0.451455 0.716367
vt 0.461217 0.712836
vt 0.431425 0.721578
vt 0.441515 0.719286
vt 0.425928 0.724612
vt 0.424002 0.725017
vt 0.281729 0.286785
vt 0.271248 0.293670
vt 0.328362 0.708505
vt 0.319039 0.703849
vt 0.338297 0.712745
vt 0.358657 0.719313
vt 0.348405 0.716351
vt 0.369023 0.721622
vt 0.374568 0.724673
vt 0.377444 0.725015
vt 0.283511 0.274988
vt 0.457797 0.690039
vt 0.455428 0.694452
vt 0.448892 0.689772
vt 0.328383 0.708397
vt 0.318933 0.703661
vt 0.348597 0.716343
vt 0.338420 0.712697
vt 0.358884 0.719327
vt 0.369249 0.721645
vt 0.377127 0.725076
vt 0.374778 0.724705
vt 0.694772 0.312954
vt 0.685232 0.315552
vt 0.442049 0.685609
vt 0.467020 0.708804
vt 0.475381 0.704363
vt 0.458056 0.712879
vt 0.448876 0.716375
vt 0.439501 0.719273
vt 0.422545 0.724958
vt 0.424737 0.724582
vt 0.695213 0.305306
vt 0.435207 0.682164
vt 0.449728 0.685873
vt 0.321400 0.703477
vt 0.340489 0.712650
vt 0.330673 0.708291
vt 0.350410 0.716335
vt 0.360404 0.719341
vt 0.378046 0.725106
vt 0.375779 0.724737
vt 0.297835 0.286840
vt 0.309013 0.293798
vt 0.299651 0.296181
vt 0.335236 0.708191
vt 0.326464 0.703303
vt 0.344496 0.712606
vt 0.353826 0.716327
vt 0.363196 0.719354
vt 0.370441 0.721667
vt 0.379663 0.725134
vt 0.377552 0.724765
vt 0.440026 0.697185
vt 0.435867 0.692705
vt 0.301561 0.273526
vt 0.468980 0.704512
vt 0.461408 0.708891
vt 0.453270 0.712919
vt 0.444914 0.716382
vt 0.427618 0.721538
vt 0.436357 0.719261
vt 0.420817 0.724932
vt 0.422829 0.724554
vt 0.431375 0.688541
vt 0.714815 0.312087
vt 0.341994 0.708100
vt 0.334046 0.703144
vt 0.350361 0.712566
vt 0.358770 0.716320
vt 0.367192 0.719365
vt 0.372577 0.721688
vt 0.380048 0.724791
vt 0.426737 0.684906
vt 0.350773 0.708023
vt 0.343961 0.703008
vt 0.357930 0.712532
vt 0.372281 0.719375
vt 0.365107 0.716314
vt 0.379429 0.721722
vt 0.384794 0.725179
vt 0.383195 0.724813
vt 0.339705 0.217594
vt 0.331536 0.220820
vt 0.705088 0.304883
vt 0.460759 0.704641
vt 0.447034 0.712953
vt 0.454151 0.708967
vt 0.439710 0.716388
vt 0.432193 0.719250
vt 0.418492 0.724909
vt 0.420270 0.724530
vt 0.321080 0.225290
vt 0.464747 0.690336
vt 0.465487 0.694704
vt 0.361309 0.707961
vt 0.355912 0.702900
vt 0.366974 0.712505
vt 0.372645 0.716310
vt 0.378307 0.719383
vt 0.383941 0.721735
vt 0.388155 0.725195
vt 0.386896 0.724830
vt 0.739116 0.272525
vt 0.727167 0.280602
vt 0.455761 0.686166
vt 0.373253 0.707918
vt 0.369498 0.702825
vt 0.381140 0.716306
vt 0.377194 0.712486
vt 0.388995 0.721743
vt 0.385077 0.719388
vt 0.391911 0.725207
vt 0.391037 0.724842
vt 0.711480 0.289202
vt 0.446726 0.682678
vt 0.441639 0.682407
vt 0.445481 0.709030
vt 0.450982 0.704748
vt 0.439547 0.712981
vt 0.427142 0.719242
vt 0.433431 0.716393
vt 0.424498 0.721520
vt 0.415644 0.724889
vt 0.417137 0.724510
vt 0.313109 0.281561
vt 0.305698 0.284841
vt 0.384229 0.702786
vt 0.388238 0.712476
vt 0.386182 0.707896
vt 0.390302 0.716305
vt 0.392367 0.719391
vt 0.394427 0.721748
vt 0.395482 0.724848
vt 0.443396 0.694236
vt 0.307143 0.271060
vt 0.399622 0.707895
vt 0.399553 0.702784
vt 0.399710 0.712476
vt 0.399928 0.719391
vt 0.399812 0.716305
vt 0.400058 0.721748
vt 0.400121 0.725213
vt 0.400089 0.724849
vt 0.432948 0.685386
vt 0.720615 0.310458
vt 0.722596 0.315857
vt 0.439932 0.704830
vt 0.431030 0.713003
vt 0.435651 0.709078
vt 0.426262 0.716397
vt 0.421354 0.719235
vt 0.416316 0.721495
vt 0.412359 0.724874
vt 0.413527 0.724494
vt 0.419116 0.681798
vt 0.414886 0.702821
vt 0.411195 0.712485
vt 0.413074 0.707916
vt 0.409336 0.716306
vt 0.407503 0.719389
vt 0.405700 0.721744
vt 0.404307 0.725207
vt 0.404705 0.724843
vt 0.290037 0.296961
vt 0.280471 0.296116
vt 0.707959 0.304086
vt 0.426040 0.707957
vt 0.429648 0.702893
vt 0.422280 0.712503
vt 0.418540 0.716309
vt 0.414832 0.719384
vt 0.411166 0.721735
vt 0.408367 0.725196
vt 0.409180 0.724831
vt 0.402234 0.692856
vt 0.413875 0.692854
vt 0.424928 0.709111
vt 0.427903 0.704886
vt 0.421716 0.713018
vt 0.418403 0.716399
vt 0.411494 0.721487
vt 0.414994 0.719230
vt 0.408732 0.724864
vt 0.409544 0.724483
vt 0.694729 0.317069
vt 0.402179 0.688694
vt 0.443294 0.702999
vt 0.432574 0.712529
vt 0.438053 0.708017
vt 0.427107 0.716314
vt 0.416277 0.721723
vt 0.421669 0.719376
vt 0.412170 0.725181
vt 0.413370 0.724815
vt 0.455350 0.703133
vt 0.448700 0.708094
vt 0.434752 0.716320
vt 0.441729 0.712563
vt 0.427792 0.719366
vt 0.420869 0.721708
vt 0.415595 0.725160
vt 0.417141 0.724793
vt 0.315118 0.204625
vt 0.321563 0.209049
vt 0.415197 0.704915
vt 0.411852 0.713026
vt 0.413586 0.709128
vt 0.410068 0.716401
vt 0.408237 0.719228
vt 0.406364 0.721483
vt 0.405302 0.724478
vt 0.438287 0.689544
vt 0.308702 0.213058
vt 0.457641 0.708183
vt 0.465427 0.703289
vt 0.449453 0.712602
vt 0.441233 0.716326
vt 0.424798 0.721690
vt 0.433006 0.719355
vt 0.418536 0.725136
vt 0.420376 0.724768
vt 0.717521 0.262021
vt 0.725559 0.264879
vt 0.427946 0.721669
vt 0.420904 0.725108
vt 0.427620 0.681959
vt 0.711465 0.272830
vt 0.400879 0.724858
vt 0.703629 0.285236
vt 0.390543 0.692809
vt 0.402273 0.697323
vt 0.392024 0.688647
vt 0.393537 0.685007
vt 0.402108 0.685052
vt 0.307952 0.201360
vt 0.320172 0.198352
vt 0.303294 0.210591
vt 0.705191 0.271260
vt 0.700467 0.284430
vt 0.379089 0.692715
vt 0.389157 0.697280
vt 0.385157 0.684916
vt 0.300280 0.199351
vt 0.311653 0.194475
vt 0.297503 0.209072
vt 0.698689 0.270280
vt 0.708946 0.259908
vt 0.697182 0.283926
vt 0.478647 0.695279
vt 0.473287 0.694983
vt 0.469574 0.690651
vt 0.450334 0.682968
vt 0.319840 0.277103
vt 0.317836 0.289889
vt 0.312216 0.267706
vt 0.725648 0.308234
vt 0.730633 0.313583
vt 0.710462 0.302996
vt 0.368161 0.692575
vt 0.376295 0.697194
vt 0.372620 0.688408
vt 0.382085 0.688551
vt 0.293088 0.191265
vt 0.302534 0.192089
vt 0.291502 0.208547
vt 0.692141 0.269917
vt 0.700073 0.258592
vt 0.693870 0.283740
vt 0.358044 0.692391
vt 0.364002 0.697065
vt 0.363881 0.688223
vt 0.377191 0.684780
vt 0.292332 0.198657
vt 0.283596 0.192026
vt 0.285472 0.209032
vt 0.685731 0.270180
vt 0.691145 0.258104
vt 0.690629 0.283875
vt 0.481491 0.695581
vt 0.462350 0.686799
vt 0.459995 0.686478
vt 0.452386 0.683266
vt 0.332800 0.278026
vt 0.325847 0.284576
vt 0.316623 0.263569
vt 0.729759 0.305492
vt 0.737581 0.310485
vt 0.712520 0.301648
vt 0.349021 0.692168
vt 0.352593 0.696896
vt 0.369857 0.684604
vt 0.356116 0.687997
vt 0.276558 0.201255
vt 0.284344 0.199298
vt 0.279594 0.210511
vt 0.679639 0.271062
vt 0.682405 0.258458
vt 0.687553 0.284328
vt 0.341364 0.691911
vt 0.342383 0.696690
vt 0.349559 0.687738
vt 0.357911 0.684147
vt 0.363365 0.684391
vt 0.269204 0.204471
vt 0.274341 0.194350
vt 0.674038 0.272541
vt 0.674091 0.259643
vt 0.684733 0.285087
vt 0.472195 0.690973
vt 0.481830 0.695879
vt 0.462809 0.687118
vt 0.452857 0.683565
vt 0.330467 0.265240
vt 0.325685 0.271606
vt 0.320232 0.258777
vt 0.732825 0.302325
vt 0.743225 0.306674
vt 0.714073 0.300086
vt 0.326764 0.696188
vt 0.333677 0.696453
vt 0.335325 0.691625
vt 0.353676 0.683877
vt 0.262505 0.208851
vt 0.265600 0.198170
vt 0.268990 0.216251
vt 0.274044 0.212942
vt 0.669090 0.274576
vt 0.666431 0.261631
vt 0.682251 0.286130
vt 0.321912 0.695903
vt 0.340909 0.687144
vt 0.344427 0.687451
vt 0.350811 0.683588
vt 0.256663 0.214265
vt 0.257635 0.203372
vt 0.264584 0.220340
vt 0.664939 0.277116
vt 0.659643 0.264374
vt 0.680182 0.287428
vt 0.470879 0.691601
vt 0.472608 0.691293
vt 0.461417 0.687427
vt 0.451775 0.683854
vt 0.334041 0.258202
vt 0.338485 0.270442
vt 0.322932 0.253477
vt 0.734760 0.298838
vt 0.747396 0.302285
vt 0.715074 0.298358
vt 0.328983 0.690999
vt 0.331135 0.691318
vt 0.339162 0.686825
vt 0.251854 0.220553
vt 0.250685 0.209804
vt 0.260960 0.225088
vt 0.661714 0.280091
vt 0.653925 0.267804
vt 0.678590 0.288942
vt 0.329011 0.690676
vt 0.319347 0.695605
vt 0.349638 0.682991
vt 0.349437 0.683290
vt 0.240641 0.225566
vt 0.244962 0.217276
vt 0.258230 0.230351
vt 0.646370 0.276351
vt 0.649451 0.271832
vt 0.659519 0.283420
vt 0.677525 0.290630
vt 0.475420 0.696432
vt 0.479755 0.696166
vt 0.458270 0.687716
vt 0.449211 0.684126
vt 0.336302 0.250709
vt 0.342730 0.262062
vt 0.324643 0.247832
vt 0.735519 0.295144
vt 0.749984 0.297467
vt 0.715496 0.296520
vt 0.331300 0.690360
vt 0.319246 0.695303
vt 0.341360 0.686190
vt 0.339293 0.686503
vt 0.351447 0.682701
vt 0.245892 0.234977
vt 0.248226 0.227527
vt 0.644794 0.281239
vt 0.677021 0.292442
vt 0.335853 0.690062
vt 0.321713 0.695006
vt 0.345353 0.685895
vt 0.236698 0.243589
vt 0.237856 0.234426
vt 0.255755 0.241781
vt 0.256476 0.235972
vt 0.658500 0.290753
vt 0.658432 0.287009
vt 0.677098 0.294324
vt 0.467133 0.691889
vt 0.469029 0.696672
vt 0.461539 0.692149
vt 0.453507 0.687978
vt 0.346449 0.243958
vt 0.345411 0.253142
vt 0.325316 0.242015
vt 0.735093 0.291359
vt 0.750936 0.292379
vt 0.715329 0.294628
vt 0.334344 0.694471
vt 0.326772 0.694726
vt 0.351193 0.685629
vt 0.359763 0.682183
vt 0.354847 0.682428
vt 0.244926 0.242681
vt 0.237206 0.252778
vt 0.256091 0.247602
vt 0.646416 0.291551
vt 0.644800 0.286356
vt 0.677757 0.296219
vt 0.351341 0.689561
vt 0.342591 0.689792
vt 0.358725 0.685402
vt 0.247187 0.257909
vt 0.245361 0.250403
vt 0.257474 0.253257
vt 0.662119 0.298258
vt 0.659736 0.294541
vt 0.678982 0.298070
vt 0.454306 0.692375
vt 0.447301 0.688206
vt 0.440102 0.684588
vt 0.445273 0.684373
vt 0.336663 0.235282
vt 0.337183 0.242991
vt 0.324932 0.236202
vt 0.733512 0.287600
vt 0.750250 0.287186
vt 0.714584 0.292740
vt 0.361841 0.689378
vt 0.344243 0.694252
vt 0.367721 0.685222
vt 0.373550 0.681809
vt 0.366061 0.681974
vt 0.250353 0.264970
vt 0.239371 0.261714
vt 0.259867 0.258574
vt 0.665591 0.301786
vt 0.649625 0.296667
vt 0.680740 0.299819
vt 0.369737 0.693957
vt 0.356174 0.694078
vt 0.373741 0.689250
vt 0.381986 0.681694
vt 0.254766 0.271367
vt 0.243131 0.270121
vt 0.670055 0.305011
vt 0.654354 0.301539
vt 0.682979 0.301411
vt 0.445664 0.692562
vt 0.460820 0.696881
vt 0.439851 0.688395
vt 0.334760 0.227817
vt 0.345820 0.234788
vt 0.730839 0.283979
vt 0.747980 0.282046
vt 0.713287 0.290913
vt 0.384441 0.693894
vt 0.388869 0.685032
vt 0.377887 0.685097
vt 0.260292 0.276902
vt 0.248377 0.277741
vt 0.267363 0.267555
vt 0.263196 0.263389
vt 0.675382 0.307828
vt 0.660479 0.306007
vt 0.685632 0.302797
vt 0.386621 0.689183
vt 0.391084 0.681635
vt 0.254951 0.284337
vt 0.667824 0.309920
vt 0.451059 0.697053
vt 0.433861 0.684768
vt 0.343547 0.225911
vt 0.323505 0.230570
vt 0.744223 0.277112
vt 0.181487 0.733143
vt 0.190351 0.727880
vt 0.184880 0.730892
vt 0.400875 0.723144
vt 0.397423 0.725322
vt 0.397289 0.723147
vt 0.175177 0.735365
vt 0.178178 0.733255
vt 0.393794 0.723154
vt 0.147997 0.688605
vt 0.139126 0.681686
vt 0.149475 0.683301
vt 0.417683 0.725541
vt 0.420302 0.723296
vt 0.418752 0.723316
vt 0.170440 0.734913
vt 0.390997 0.725344
vt 0.390490 0.723164
vt 0.159812 0.737782
vt 0.161882 0.735825
vt 0.388148 0.725361
vt 0.387474 0.723177
vt 0.157424 0.690873
vt 0.159505 0.685734
vt 0.419150 0.725515
vt 0.421240 0.723275
vt 0.151183 0.737920
vt 0.152738 0.735972
vt 0.384835 0.723193
vt 0.143252 0.735349
vt 0.385657 0.725382
vt 0.382655 0.723211
vt 0.166243 0.693822
vt 0.168881 0.688896
vt 0.420039 0.725488
vt 0.421544 0.723254
vt 0.133197 0.736038
vt 0.133678 0.733971
vt 0.383599 0.725405
vt 0.381001 0.723231
vt 0.124325 0.734063
vt 0.124274 0.731870
vt 0.382040 0.725431
vt 0.379928 0.723252
vt 0.174172 0.697345
vt 0.177302 0.692671
vt 0.420330 0.725460
vt 0.421210 0.723233
vt 0.115862 0.731456
vt 0.115299 0.729096
vt 0.381030 0.725458
vt 0.379476 0.723273
vt 0.108048 0.728284
vt 0.107007 0.725718
vt 0.380607 0.725485
vt 0.379663 0.723294
vt 0.180966 0.701318
vt 0.184507 0.696927
vt 0.420019 0.725433
vt 0.420257 0.723213
vt 0.101113 0.724626
vt 0.099643 0.721822
vt 0.381573 0.725539
vt 0.380492 0.723315
vt 0.095273 0.720581
vt 0.093434 0.717509
vt 0.382945 0.725564
vt 0.381942 0.723334
vt 0.186427 0.705607
vt 0.190288 0.701516
vt 0.419122 0.725407
vt 0.418717 0.723195
vt 0.090720 0.716259
vt 0.088585 0.712897
vt 0.384866 0.725586
vt 0.383975 0.723351
vt 0.087616 0.711784
vt 0.085272 0.708119
vt 0.386530 0.723365
vt 0.190409 0.710071
vt 0.194492 0.706289
vt 0.417671 0.725384
vt 0.416642 0.723179
vt 0.086085 0.707291
vt 0.083627 0.703316
vt 0.390109 0.725618
vt 0.389530 0.723376
vt 0.086207 0.702919
vt 0.083740 0.698639
vt 0.392881 0.723384
vt 0.192819 0.714569
vt 0.197021 0.711093
vt 0.415712 0.725363
vt 0.414096 0.723165
vt 0.085643 0.694240
vt 0.396661 0.725634
vt 0.396476 0.723388
vt 0.091470 0.695099
vt 0.089310 0.690265
vt 0.400199 0.723388
vt 0.193615 0.718964
vt 0.197837 0.715784
vt 0.413308 0.725345
vt 0.411157 0.723155
vt 0.096498 0.691919
vt 0.094650 0.686856
vt 0.403693 0.725629
vt 0.403932 0.723384
vt 0.101510 0.684134
vt 0.407552 0.723377
vt 0.192806 0.723129
vt 0.196950 0.720226
vt 0.407463 0.725323
vt 0.407910 0.723148
vt 0.109676 0.682199
vt 0.102948 0.689381
vt 0.410310 0.725605
vt 0.410945 0.723366
vt 0.118879 0.681125
vt 0.110620 0.687578
vt 0.413196 0.725587
vt 0.414003 0.723352
vt 0.190447 0.726946
vt 0.194421 0.724294
vt 0.404192 0.725318
vt 0.404450 0.723144
vt 0.128587 0.686416
vt 0.128809 0.680952
vt 0.416632 0.723335
vt 0.138275 0.687101
vt 0.415679 0.725566
vt 0.186631 0.730313
vt 0.176249 0.731823
vt 0.400813 0.725318
vt 0.394119 0.725331
vt 0.138234 0.691587
vt 0.167883 0.736924
vt 0.170712 0.733782
vt 0.157199 0.735916
vt 0.154945 0.694858
vt 0.141720 0.735520
vt 0.142231 0.737334
vt 0.125963 0.732633
vt 0.169600 0.700479
vt 0.111670 0.727543
vt 0.376927 0.725046
vt 0.380787 0.725513
vt 0.100498 0.720775
vt 0.180373 0.707676
vt 0.096536 0.716986
vt 0.387278 0.725604
vt 0.092548 0.709145
vt 0.092692 0.705331
vt 0.393270 0.725628
vt 0.183897 0.711573
vt 0.094304 0.701752
vt 0.088011 0.698809
vt 0.395943 0.725212
vt 0.400173 0.725634
vt 0.186787 0.719357
vt 0.410531 0.725332
vt 0.097356 0.698527
vt 0.107413 0.693563
vt 0.407108 0.725619
vt 0.186115 0.723011
vt 0.114115 0.692001
vt 0.121656 0.691134
vt 0.119263 0.686577
vt 0.184077 0.726366
vt 0.180751 0.729329
vt 0.404869 0.724858
vt 0.400532 0.682437
vt 0.409708 0.682437
vt 0.409742 0.682490
vt 0.418438 0.685593
vt 0.410415 0.685700
vt 0.418502 0.685653
vt 0.418644 0.682595
vt 0.434195 0.682890
vt 0.440605 0.683176
vt 0.434330 0.682944
vt 0.426126 0.685562
vt 0.440446 0.683121
vt 0.445572 0.683434
vt 0.418573 0.682541
vt 0.426931 0.682748
vt 0.402075 0.685641
vt 0.402077 0.685701
vt 0.393737 0.685598
vt 0.393707 0.685658
vt 0.385524 0.685571
vt 0.448909 0.683654
vt 0.449100 0.683710
vt 0.385585 0.685511
vt 0.377748 0.685442
vt 0.370710 0.685214
vt 0.370590 0.685273
vt 0.451111 0.683995
vt 0.364403 0.685010
vt 0.364258 0.685069
vt 0.358943 0.684836
vt 0.450913 0.683938
vt 0.451582 0.684280
vt 0.355002 0.684520
vt 0.354818 0.684578
vt 0.352033 0.684303
vt 0.451384 0.684223
vt 0.450537 0.684556
vt 0.352229 0.684245
vt 0.350704 0.684018
vt 0.351114 0.683677
vt 0.350910 0.683733
vt 0.447863 0.684757
vt 0.448044 0.684816
vt 0.352684 0.683455
vt 0.352883 0.683400
vt 0.356008 0.683195
vt 0.444209 0.685052
vt 0.356194 0.683141
vt 0.360807 0.682962
vt 0.360975 0.682907
vt 0.366949 0.682762
vt 0.439023 0.685199
vt 0.439167 0.685258
vt 0.367093 0.682709
vt 0.374250 0.682605
vt 0.374364 0.682552
vt 0.382471 0.682496
vt 0.433079 0.685429
vt 0.382550 0.682443
vt 0.391334 0.682440
vt 0.391377 0.682387
vt 0.432959 0.685370
vt 0.271275 0.294858
vt 0.328598 0.203611
vt 0.280619 0.297336
vt 0.309536 0.294987
vt 0.340622 0.217780
vt 0.318475 0.291026
vt 0.290311 0.298192
vt 0.320834 0.198288
vt 0.312204 0.194360
vt 0.302966 0.191944
vt 0.293398 0.191109
vt 0.333634 0.279006
vt 0.274408 0.194234
vt 0.265554 0.198103
vt 0.339393 0.271322
vt 0.250445 0.209889
vt 0.343693 0.262831
vt 0.244647 0.217458
vt 0.240269 0.225856
vt 0.236274 0.244115
vt 0.346407 0.253794
vt 0.236788 0.253425
vt 0.238981 0.262478
vt 0.347458 0.244489
vt 0.242790 0.270996
vt 0.344516 0.226206
vt 0.254764 0.285400
vt 0.262567 0.290837
vt 0.290651 0.274367
vt 0.274860 0.270193
vt 0.312540 0.220443
vt 0.279818 0.272475
vt 0.296193 0.273918
vt 0.319394 0.228555
vt 0.301591 0.272548
vt 0.308106 0.217393
vt 0.303172 0.215141
vt 0.306681 0.270300
vt 0.297889 0.213755
vt 0.292414 0.213276
vt 0.311305 0.267243
vt 0.286913 0.213718
vt 0.281551 0.215068
vt 0.318615 0.259102
vt 0.276489 0.217287
vt 0.271879 0.220307
vt 0.267862 0.224039
vt 0.264558 0.228372
vt 0.321078 0.254269
vt 0.260473 0.238302
vt 0.323255 0.243814
vt 0.259818 0.243601
vt 0.260126 0.248910
vt 0.261391 0.254068
vt 0.263574 0.258916
vt 0.322906 0.238512
vt 0.266612 0.263307
vt 0.270412 0.267105
vt 0.402218 0.701139
vt 0.388923 0.704293
vt 0.402140 0.704321
vt 0.388858 0.701104
vt 0.375960 0.704236
vt 0.415516 0.701138
vt 0.415296 0.704319
vt 0.363227 0.700926
vt 0.363569 0.704151
vt 0.428438 0.701100
vt 0.428080 0.704289
vt 0.352068 0.704041
vt 0.440674 0.701025
vt 0.440183 0.704230
vt 0.341181 0.700618
vt 0.341772 0.703906
vt 0.451918 0.700916
vt 0.451302 0.704144
vt 0.332989 0.703750
vt 0.461142 0.704031
vt 0.332292 0.700421
vt 0.326012 0.703577
vt 0.469419 0.703894
vt 0.461872 0.700775
vt 0.325226 0.700203
vt 0.321109 0.703390
vt 0.475866 0.703737
vt 0.470249 0.700603
vt 0.320256 0.699967
vt 0.318512 0.703195
vt 0.481216 0.700184
vt 0.480242 0.703562
vt 0.317616 0.699721
vt 0.318398 0.702997
vt 0.483352 0.699948
vt 0.482340 0.703375
vt 0.317488 0.699471
vt 0.320875 0.702802
vt 0.483028 0.699701
vt 0.482006 0.703179
vt 0.325125 0.698994
vt 0.325967 0.702618
vt 0.480148 0.699452
vt 0.479145 0.702981
vt 0.333596 0.702451
vt 0.474697 0.699207
vt 0.473745 0.702787
vt 0.342935 0.698601
vt 0.343576 0.702307
vt 0.466752 0.698976
vt 0.465884 0.702604
vt 0.355608 0.702193
vt 0.456494 0.698767
vt 0.455742 0.702439
vt 0.355114 0.698457
vt 0.369289 0.702114
vt 0.444213 0.698588
vt 0.443605 0.702297
vt 0.368965 0.698357
vt 0.384124 0.702072
vt 0.429865 0.702186
vt 0.383988 0.698304
vt 0.399558 0.702071
vt 0.415254 0.698351
vt 0.415000 0.702109
vt 0.399617 0.698302
vt 0.415130 0.694638
vt 0.399713 0.694581
vt 0.384303 0.694583
vt 0.430304 0.698448
vt 0.429972 0.694752
vt 0.369490 0.694645
vt 0.443690 0.694918
vt 0.355830 0.694763
vt 0.455807 0.695129
vt 0.343814 0.694933
vt 0.465934 0.695375
vt 0.333847 0.695147
vt 0.473783 0.695648
vt 0.332838 0.698783
vt 0.326227 0.695396
vt 0.479174 0.695937
vt 0.321139 0.695671
vt 0.482030 0.696232
vt 0.319982 0.699226
vt 0.318662 0.695960
vt 0.482364 0.696523
vt 0.318773 0.696255
vt 0.480268 0.696803
vt 0.321363 0.696546
vt 0.476779 0.700405
vt 0.475898 0.697063
vt 0.326255 0.696825
vt 0.469460 0.697298
vt 0.333219 0.697083
vt 0.461194 0.697501
vt 0.341988 0.697315
vt 0.451366 0.697669
vt 0.352268 0.697516
vt 0.440261 0.697798
vt 0.351596 0.700787
vt 0.363752 0.697680
vt 0.428174 0.697886
vt 0.376125 0.697806
vt 0.415407 0.697931
vt 0.375755 0.701033
vt 0.389069 0.697891
vt 0.402269 0.697933
vt 0.384499 0.691801
vt 0.382846 0.691797
vt 0.384251 0.691780
vt 0.384304 0.691821
vt 0.383719 0.691834
vt 0.382901 0.691838
vt 0.382068 0.691831
vt 0.381442 0.691815
vt 0.381192 0.691794
vt 0.381385 0.691774
vt 0.381970 0.691760
vt 0.382791 0.691756
vt 0.383626 0.691763
vt 0.377330 0.654957
vt 0.372929 0.655093
vt 0.378126 0.655118
vt 0.377530 0.655271
vt 0.375709 0.655376
vt 0.373151 0.655405
vt 0.370533 0.655351
vt 0.368548 0.655227
vt 0.367728 0.655067
vt 0.368302 0.654913
vt 0.370124 0.654806
vt 0.372705 0.654777
vt 0.375346 0.654832
vt 0.378101 0.656113
vt 0.377505 0.656264
vt 0.375683 0.656367
vt 0.373125 0.656396
vt 0.370506 0.656342
vt 0.368520 0.656221
vt 0.367701 0.656063
vt 0.368275 0.655911
vt 0.370097 0.655806
vt 0.372679 0.655777
vt 0.375320 0.655832
vt 0.377305 0.655955
vt 0.374317 0.656045
vt 0.374386 0.656145
vt 0.372975 0.656187
vt 0.371491 0.656131
vt 0.371230 0.656080
vt 0.371417 0.656031
vt 0.372831 0.655988
vt 0.373678 0.656006
vt 0.374575 0.656096
vt 0.376334 0.667934
vt 0.376591 0.667975
vt 0.373800 0.656178
vt 0.376400 0.668014
vt 0.374990 0.668048
vt 0.374147 0.668034
vt 0.372130 0.656170
vt 0.373510 0.668003
vt 0.373251 0.667962
vt 0.373440 0.667923
vt 0.374026 0.667896
vt 0.372003 0.655998
vt 0.374853 0.667888
vt 0.375698 0.667902
vt 0.379658 0.679871
vt 0.379911 0.679902
vt 0.379718 0.679932
vt 0.375814 0.668041
vt 0.379132 0.679952
vt 0.378310 0.679958
vt 0.377471 0.679947
vt 0.376839 0.679923
vt 0.376584 0.679892
vt 0.376774 0.679863
vt 0.377360 0.679842
vt 0.378185 0.679837
vt 0.379026 0.679847
vt 0.383964 0.693212
vt 0.384787 0.693245
vt 0.383411 0.693224
vt 0.384738 0.693209
vt 0.385525 0.693215
vt 0.386114 0.693230
vt 0.386346 0.693248
vt 0.386161 0.693266
vt 0.385608 0.693278
vt 0.384836 0.693282
vt 0.384051 0.693275
vt 0.383462 0.693261
vt 0.383227 0.693242
vt 0.372549 0.660350
vt 0.376763 0.660500
vt 0.374219 0.660262
vt 0.376577 0.660237
vt 0.378984 0.660283
vt 0.380788 0.660387
vt 0.381507 0.660521
vt 0.380955 0.660649
vt 0.379287 0.660737
vt 0.376948 0.660761
vt 0.374560 0.660716
vt 0.372754 0.660613
vt 0.372016 0.660479
vt 0.374195 0.661175
vt 0.376553 0.661151
vt 0.378961 0.661196
vt 0.380766 0.661299
vt 0.381485 0.661431
vt 0.380933 0.661556
vt 0.379264 0.661643
vt 0.376925 0.661667
vt 0.374536 0.661622
vt 0.372730 0.661521
vt 0.371992 0.661389
vt 0.372525 0.661263
vt 0.375387 0.661363
vt 0.376680 0.661327
vt 0.377452 0.661341
vt 0.378033 0.661374
vt 0.378091 0.661457
vt 0.376800 0.661493
vt 0.376029 0.661478
vt 0.375449 0.661446
vt 0.375213 0.661403
vt 0.375924 0.661335
vt 0.376961 0.671911
vt 0.377502 0.671889
vt 0.378263 0.671882
vt 0.379622 0.671921
vt 0.379855 0.671955
vt 0.378266 0.661417
vt 0.379678 0.671989
vt 0.379137 0.672011
vt 0.377554 0.661485
vt 0.378378 0.672018
vt 0.377604 0.672006
vt 0.377021 0.671979
vt 0.376786 0.671945
vt 0.379623 0.682512
vt 0.380169 0.682494
vt 0.380936 0.682490
vt 0.379039 0.671894
vt 0.381717 0.682499
vt 0.382302 0.682519
vt 0.382535 0.682546
vt 0.382354 0.682572
vt 0.381809 0.682589
vt 0.381044 0.682594
vt 0.380265 0.682585
vt 0.379679 0.682564
vt 0.379444 0.682538
vt 0.434860 0.692674
vt 0.435681 0.692643
vt 0.435652 0.692681
vt 0.434288 0.692659
vt 0.434088 0.692640
vt 0.434315 0.692621
vt 0.434909 0.692608
vt 0.435710 0.692604
vt 0.436503 0.692611
vt 0.437075 0.692626
vt 0.437273 0.692646
vt 0.437044 0.692665
vt 0.436451 0.692677
vt 0.455235 0.658574
vt 0.455418 0.658293
vt 0.452819 0.658525
vt 0.451091 0.658414
vt 0.450516 0.658270
vt 0.451255 0.658131
vt 0.453117 0.658035
vt 0.455603 0.658009
vt 0.458037 0.658058
vt 0.459762 0.658171
vt 0.460316 0.658316
vt 0.459558 0.658453
vt 0.457699 0.658548
vt 0.452810 0.659467
vt 0.451082 0.659357
vt 0.450506 0.659215
vt 0.451245 0.659079
vt 0.453108 0.658984
vt 0.455594 0.658958
vt 0.458029 0.659007
vt 0.459754 0.659118
vt 0.460308 0.659260
vt 0.459550 0.659396
vt 0.457690 0.659489
vt 0.455226 0.659515
vt 0.455350 0.659327
vt 0.454015 0.659276
vt 0.454073 0.659187
vt 0.455468 0.659148
vt 0.456250 0.659164
vt 0.456985 0.659245
vt 0.456743 0.659289
vt 0.454571 0.659311
vt 0.451156 0.670391
vt 0.450373 0.670378
vt 0.453833 0.659230
vt 0.449814 0.670349
vt 0.449864 0.670277
vt 0.450463 0.670252
vt 0.454671 0.659156
vt 0.451261 0.670245
vt 0.452046 0.670258
vt 0.452605 0.670287
vt 0.456805 0.659199
vt 0.452789 0.670324
vt 0.456145 0.659319
vt 0.452550 0.670359
vt 0.451952 0.670384
vt 0.444597 0.681507
vt 0.443811 0.681497
vt 0.443246 0.681475
vt 0.449627 0.670312
vt 0.443054 0.681447
vt 0.443287 0.681419
vt 0.443883 0.681401
vt 0.444683 0.681395
vt 0.445471 0.681405
vt 0.446036 0.681427
vt 0.446226 0.681455
vt 0.445991 0.681483
vt 0.445395 0.681501
vt 0.109873 0.295576
vt 0.109786 0.297505
vt 0.106970 0.295854
vt 0.107383 0.295512
vt 0.125014 0.346189
vt 0.170526 0.372928
vt 0.171250 0.372983
vt 0.219747 0.361426
vt 0.243258 0.317683
vt 0.222717 0.267924
vt 0.227306 0.266119
vt 0.180021 0.237536
vt 0.129844 0.249982
vt 0.390566 0.721494
vt 0.423620 0.724987
vt 0.429953 0.721557
vt 0.375602 0.721707
vt 0.381934 0.725158
vt 0.420693 0.721506
vt 0.146715 0.692891
vt 0.164301 0.735158
vt 0.149602 0.736037
vt 0.162655 0.697417
vt 0.133767 0.734376
vt 0.118526 0.730336
vt 0.175564 0.703937
vt 0.105598 0.724327
vt 0.093851 0.713070
vt 0.186048 0.715507
vt 0.101768 0.695765
vt 0.129787 0.690994
vt 0.400536 0.682384
vt 0.410381 0.685639
vt 0.426032 0.685502
vt 0.445394 0.683378
vt 0.426827 0.682695
vt 0.377839 0.685382
vt 0.359109 0.684777
vt 0.450345 0.684498
vt 0.350907 0.683961
vt 0.444044 0.684993
vt 0.335261 0.210173
vt 0.300051 0.297401
vt 0.326590 0.285643
vt 0.283783 0.191880
vt 0.257485 0.203373
vt 0.237448 0.234832
vt 0.346819 0.235199
vt 0.248104 0.278717
vt 0.316342 0.224202
vt 0.285136 0.273881
vt 0.315324 0.263471
vt 0.262070 0.233174
vt 0.322640 0.249120
vt 0.321605 0.233374
s 1
usemtl saucer
f 51/1/1 38/2/2 39/3/1
f 40/4/1 51/1/1 39/3/1
f 53/5/3 40/4/1 41/6/1
f 42/7/1 53/5/3 41/6/1
f 55/8/4 42/7/1 43/9/1
f 44/10/5 55/8/4 43/9/1
f 45/11/6 56/12/7 44/10/5
f 46/13/8 57/14/9 45/11/6
f 47/15/1 58/16/10 46/13/8
f 60/17/11 47/15/1 48/18/1
f 61/19/12 48/18/1 49/20/13
f 50/21/14 49/20/13 38/2/2
f 1/22/15 15/23/16 2/24/17
f 2/24/17 16/25/18 3/26/19
f 3/26/19 17/27/20 4/28/20
f 17/27/20 5/29/21 4/28/20
f 18/30/22 6/31/23 5/29/21
f 19/32/24 7/33/25 6/31/23
f 20/34/26 8/35/27 7/33/25
f 21/36/28 9/37/29 8/35/27
f 22/38/30 10/39/31 9/37/29
f 10/39/31 24/40/32 11/41/33
f 11/41/33 25/42/34 12/43/35
f 12/43/35 14/44/36 1/22/15
f 27/45/6 13/46/1 26/47/5
f 28/48/8 13/46/1 27/45/6
f 29/49/37 13/46/1 28/48/8
f 30/50/38 13/46/1 29/49/37
f 31/51/13 13/46/1 30/50/38
f 32/52/2 13/46/1 31/51/13
f 33/53/39 13/46/1 32/52/2
f 34/54/40 13/46/1 33/53/39
f 35/55/41 13/46/1 34/54/40
f 36/56/42 13/46/1 35/55/41
f 37/57/43 13/46/1 36/56/42
f 26/47/5 13/46/1 37/57/43
f 2/24/44 38/2/2 1/22/15
f 50/21/14 27/58/6 26/59/5
f 40/4/45 2/24/44 3/26/45
f 51/1/46 28/60/8 27/58/6
f 4/28/47 40/4/45 3/26/45
f 28/60/8 53/5/3 29/61/37
f 42/7/48 4/28/47 5/29/48
f 53/5/3 30/62/38 29/61/37
f 6/31/49 42/7/48 5/29/48
f 30/62/38 55/8/4 31/63/13
f 44/10/5 6/31/49 7/33/25
f 31/63/13 56/12/7 32/64/2
f 8/35/27 44/10/5 7/33/25
f 56/12/7 33/65/39 32/64/2
f 46/13/8 8/35/27 9/37/29
f 33/65/39 58/16/10 34/66/40
f 10/39/31 46/13/8 9/37/29
f 58/16/10 35/67/41 34/66/40
f 48/18/50 10/39/31 11/41/33
f 35/67/41 60/17/11 36/68/42
f 12/43/35 48/18/50 11/41/33
f 60/17/11 37/69/43 36/68/42
f 38/2/2 12/43/35 1/22/15
f 37/69/43 50/21/14 26/59/5
f 112/70/51 99/71/52 100/72/53
f 101/73/54 112/70/51 100/72/53
f 102/74/54 113/75/55 101/73/54
f 103/76/54 114/77/56 102/74/54
f 116/78/57 103/76/54 104/79/54
f 105/80/54 116/78/57 104/79/54
f 106/81/54 117/82/58 105/80/54
f 119/83/59 106/81/54 107/84/54
f 108/85/54 119/83/59 107/84/54
f 109/86/54 120/87/60 108/85/54
f 110/88/54 121/89/61 109/86/54
f 111/90/62 110/88/54 99/71/52
f 62/91/63 76/92/64 63/93/65
f 63/93/65 77/94/66 64/95/67
f 64/95/67 78/96/68 65/97/68
f 78/96/68 66/98/69 65/97/68
f 79/99/70 67/100/71 66/98/69
f 80/101/72 68/102/73 67/100/71
f 81/103/74 69/104/75 68/102/73
f 82/105/76 70/106/77 69/104/75
f 83/107/78 71/108/79 70/106/77
f 71/108/79 85/109/80 72/110/81
f 72/110/81 86/111/82 73/112/83
f 73/112/83 75/113/84 62/91/63
f 88/114/85 74/115/54 87/116/86
f 89/117/87 74/115/54 88/114/85
f 90/118/88 74/115/54 89/117/87
f 91/119/89 74/115/54 90/118/88
f 92/120/90 74/115/54 91/119/89
f 93/121/52 74/115/54 92/120/90
f 94/122/53 74/115/54 93/121/52
f 95/123/91 74/115/54 94/122/53
f 96/124/92 74/115/54 95/123/91
f 97/125/93 74/115/54 96/124/92
f 98/126/94 74/115/54 97/125/93
f 87/116/86 74/115/54 98/126/94
f 100/72/53 62/91/63 63/93/95
f 87/127/86 112/70/51 88/128/85
f 64/95/96 100/72/53 63/93/95
f 88/128/85 113/75/55 89/129/87
f 65/97/97 101/73/96 64/95/96
f 89/129/87 114/77/56 90/130/88
f 103/76/98 65/97/97 66/98/98
f 90/130/88 115/131/99 91/132/89
f 67/100/100 103/76/98 66/98/98
f 91/132/89 116/78/57 92/133/90
f 68/102/73 104/79/100 67/100/100
f 116/78/57 93/134/52 92/133/90
f 106/81/101 68/102/73 69/104/75
f 93/134/52 118/135/102 94/136/53
f 107/84/103 69/104/75 70/106/77
f 118/135/102 95/137/91 94/136/53
f 71/108/79 107/84/103 70/106/77
f 95/137/91 120/87/60 96/138/92
f 109/86/104 71/108/79 72/110/81
f 120/87/60 97/139/93 96/138/92
f 110/88/105 72/110/81 73/112/83
f 97/139/93 122/140/106 98/141/94
f 99/71/52 73/112/83 62/91/63
f 98/141/94 111/90/62 87/127/86
f 161/142/107 172/143/108 160/144/107
f 174/145/109 161/142/107 162/146/107
f 175/147/110 162/146/107 163/148/107
f 164/149/107 175/147/110 163/148/107
f 177/150/111 164/149/107 165/151/107
f 166/152/107 177/150/111 165/151/107
f 167/153/107 178/154/112 166/152/107
f 168/155/107 179/156/113 167/153/107
f 169/157/107 180/158/114 168/155/107
f 182/159/115 169/157/107 170/160/107
f 183/161/116 170/160/107 171/162/107
f 172/143/108 171/162/107 160/144/107
f 123/163/117 137/164/118 124/165/119
f 124/165/119 138/166/120 125/167/121
f 125/167/121 139/168/122 126/169/122
f 139/168/122 127/170/123 126/169/122
f 140/171/124 128/172/125 127/170/123
f 141/173/126 129/174/127 128/172/125
f 142/175/128 130/176/129 129/174/127
f 143/177/130 131/178/131 130/176/129
f 144/179/132 132/180/133 131/178/131
f 132/180/133 146/181/134 133/182/135
f 133/182/135 147/183/136 134/184/137
f 134/184/137 136/185/138 123/163/117
f 149/186/139 135/187/107 148/188/140
f 150/189/141 135/187/107 149/186/139
f 151/190/142 135/187/107 150/189/141
f 152/191/143 135/187/107 151/190/142
f 153/192/144 135/187/107 152/191/143
f 154/193/145 135/187/107 153/192/144
f 155/194/146 135/187/107 154/193/145
f 156/195/147 135/187/107 155/194/146
f 157/196/148 135/187/107 156/195/147
f 158/197/149 135/187/107 157/196/148
f 159/198/150 135/187/107 158/197/149
f 148/188/140 135/187/107 159/198/150
f 124/165/151 160/144/152 123/163/117
f 172/143/108 149/199/139 148/200/140
f 162/146/153 124/165/151 125/167/153
f 173/201/154 150/202/141 149/199/139
f 163/148/155 125/167/153 126/169/155
f 174/145/109 151/203/142 150/202/141
f 164/149/156 126/169/155 127/170/156
f 175/147/110 152/204/143 151/203/142
f 165/151/157 127/170/156 128/172/157
f 176/205/158 153/206/144 152/204/143
f 166/152/159 128/172/157 129/174/127
f 153/206/144 178/154/112 154/207/145
f 167/153/160 129/174/127 130/176/129
f 178/154/112 155/208/146 154/207/145
f 168/155/161 130/176/129 131/178/131
f 155/208/146 180/158/114 156/209/147
f 169/157/162 131/178/131 132/180/133
f 180/158/114 157/210/148 156/209/147
f 170/160/163 132/180/133 133/182/135
f 157/210/148 182/159/115 158/211/149
f 134/184/137 170/160/163 133/182/135
f 182/159/115 159/212/150 158/211/149
f 160/144/152 134/184/137 123/163/117
f 159/212/150 172/143/108 148/200/140
f 234/213/164 221/214/165 222/215/166
f 223/216/167 234/213/164 222/215/166
f 236/217/168 223/216/167 224/218/167
f 225/219/167 236/217/168 224/218/167
f 226/220/167 237/221/169 225/219/167
f 227/222/170 238/223/171 226/220/167
f 240/224/172 227/222/170 228/225/173
f 229/226/167 240/224/172 228/225/173
f 230/227/167 241/228/174 229/226/167
f 243/229/175 230/227/167 231/230/167
f 244/231/176 231/230/167 232/232/177
f 233/233/178 232/232/177 221/214/165
f 184/234/179 198/235/180 185/236/181
f 185/236/181 199/237/182 186/238/183
f 186/238/183 200/239/184 187/240/184
f 200/239/184 188/241/185 187/240/184
f 201/242/186 189/243/187 188/241/185
f 202/244/188 190/245/189 189/243/187
f 203/246/190 191/247/191 190/245/189
f 204/248/192 192/249/193 191/247/191
f 205/250/194 193/251/195 192/249/193
f 193/251/195 207/252/196 194/253/197
f 194/253/197 208/254/198 195/255/199
f 195/255/199 197/256/200 184/234/179
f 210/257/173 196/258/167 209/259/170
f 211/260/201 196/258/167 210/257/173
f 212/261/202 196/258/167 211/260/201
f 213/262/203 196/258/167 212/261/202
f 214/263/177 196/258/167 213/262/203
f 215/264/165 196/258/167 214/263/177
f 216/265/166 196/258/167 215/264/165
f 217/266/204 196/258/167 216/265/166
f 218/267/205 196/258/167 217/266/204
f 219/268/206 196/258/167 218/267/205
f 220/269/207 196/258/167 219/268/206
f 209/259/170 196/258/167 220/269/207
f 185/236/208 221/214/165 184/234/179
f 209/270/170 234/213/164 210/271/173
f 223/216/209 185/236/208 186/238/209
f 234/213/164 211/272/201 210/271/173
f 187/240/210 223/216/209 186/238/209
f 235/273/211 212/274/202 211/272/201
f 188/241/212 224/218/210 187/240/210
f 236/217/168 213/275/203 212/274/202
f 226/220/213 188/241/212 189/243/213
f 237/221/169 214/276/177 213/275/203
f 227/222/170 189/243/213 190/245/189
f 238/223/171 215/277/165 214/276/177
f 191/247/191 227/222/170 190/245/189
f 239/278/214 216/279/166 215/277/165
f 229/226/215 191/247/191 192/249/193
f 240/224/172 217/280/204 216/279/166
f 193/251/195 229/226/215 192/249/193
f 241/228/174 218/281/205 217/280/204
f 231/230/216 193/251/195 194/253/197
f 242/282/217 219/283/206 218/281/205
f 195/255/199 231/230/216 194/253/197
f 243/229/175 220/284/207 219/283/206
f 184/234/179 232/232/177 195/255/199
f 244/231/176 209/270/170 220/284/207
f 283/285/218 294/286/219 282/287/220
f 284/288/221 295/289/222 283/285/218
f 285/290/223 296/291/218 284/288/221
f 298/292/218 285/290/223 286/293/224
f 299/294/225 286/293/224 287/295/218
f 300/296/226 287/295/218 288/297/227
f 289/298/228 300/296/226 288/297/227
f 290/299/218 301/300/229 289/298/228
f 303/301/230 290/299/218 291/302/218
f 304/303/231 291/302/218 292/304/218
f 305/305/232 292/304/218 293/306/233
f 294/286/219 293/306/233 282/287/220
f 245/307/234 259/308/235 246/309/28
f 246/309/28 260/310/236 247/311/30
f 247/311/30 261/312/237 248/313/237
f 261/312/237 249/314/32 248/313/237
f 262/315/238 250/316/34 249/314/32
f 263/317/239 251/318/240 250/316/34
f 264/319/241 252/320/242 251/318/240
f 265/321/17 253/322/243 252/320/242
f 266/323/19 254/324/244 253/322/243
f 254/324/244 268/325/21 255/326/245
f 255/326/245 269/327/23 256/328/246
f 256/328/246 258/329/247 245/307/234
f 271/330/218 257/331/218 270/332/227
f 272/333/218 257/331/218 271/330/218
f 273/334/248 257/331/218 272/333/218
f 274/335/249 257/331/218 273/334/248
f 275/336/218 257/331/218 274/335/249
f 276/337/220 257/331/218 275/336/218
f 277/338/250 257/331/218 276/337/220
f 278/339/221 257/331/218 277/338/250
f 279/340/223 257/331/218 278/339/221
f 280/341/224 257/331/218 279/340/223
f 281/342/251 257/331/218 280/341/224
f 270/332/227 257/331/218 281/342/251
f 246/309/252 282/287/220 245/307/234
f 294/286/219 271/343/253 270/344/227
f 247/311/254 283/285/252 246/309/252
f 295/289/222 272/345/255 271/343/253
f 285/290/223 247/311/254 248/313/256
f 272/345/255 297/346/257 273/347/248
f 249/314/258 285/290/223 248/313/256
f 297/346/257 274/348/249 273/347/248
f 287/295/259 249/314/258 250/316/259
f 274/348/249 299/294/225 275/349/260
f 288/297/227 250/316/259 251/318/240
f 275/349/260 300/296/226 276/350/220
f 252/320/242 288/297/227 251/318/240
f 300/296/226 277/351/250 276/350/220
f 253/322/243 289/298/228 252/320/242
f 277/351/250 302/352/261 278/353/221
f 254/324/244 290/299/255 253/322/243
f 278/353/221 303/301/230 279/354/223
f 292/304/262 254/324/244 255/326/245
f 303/301/230 280/355/224 279/354/223
f 293/306/233 255/326/245 256/328/246
f 304/303/231 281/356/251 280/355/224
f 245/307/234 293/306/233 256/328/246
f 281/356/251 294/286/219 270/344/227
f 356/357/263 343/358/264 344/359/265
f 357/360/266 344/359/265 345/361/265
f 358/362/267 345/361/265 346/363/265
f 347/364/265 358/362/267 346/363/265
f 360/365/268 347/364/265 348/366/265
f 349/367/269 360/365/268 348/366/265
f 350/368/270 361/369/271 349/367/269
f 351/370/265 362/371/272 350/368/270
f 352/372/265 363/373/273 351/370/265
f 365/374/274 352/372/265 353/375/265
f 366/376/275 353/375/265 354/377/276
f 355/378/277 354/377/276 343/358/264
f 306/379/278 320/380/279 307/381/76
f 307/381/76 321/382/280 308/383/78
f 308/383/78 322/384/281 309/385/281
f 322/384/281 310/386/80 309/385/281
f 323/387/282 311/388/82 310/386/80
f 324/389/283 312/390/284 311/388/82
f 325/391/285 313/392/286 312/390/284
f 326/393/65 314/394/287 313/392/286
f 327/395/67 315/396/288 314/394/287
f 315/396/288 329/397/69 316/398/289
f 316/398/289 330/399/71 317/400/290
f 317/400/290 319/401/291 306/379/278
f 332/402/270 318/403/265 331/404/269
f 333/405/292 318/403/265 332/402/270
f 334/406/293 318/403/265 333/405/292
f 335/407/294 318/403/265 334/406/293
f 336/408/276 318/403/265 335/407/294
f 337/409/264 318/403/265 336/408/276
f 338/410/295 318/403/265 337/409/264
f 339/411/296 318/403/265 338/410/295
f 340/412/297 318/403/265 339/411/296
f 341/413/298 318/403/265 340/412/297
f 342/414/265 318/403/265 341/413/298
f 331/404/269 318/403/265 342/414/265
f 307/381/299 343/358/264 306/379/278
f 355/378/277 332/415/270 331/416/269
f 308/383/300 344/359/299 307/381/299
f 332/415/270 357/360/266 333/417/292
f 309/385/301 345/361/300 308/383/300
f 357/360/266 334/418/293 333/417/292
f 347/364/302 309/385/301 310/386/302
f 358/362/267 335/419/294 334/418/293
f 311/388/303 347/364/302 310/386/302
f 335/419/294 360/365/268 336/420/276
f 349/367/269 311/388/303 312/390/284
f 360/365/268 337/421/264 336/420/276
f 350/368/270 312/390/284 313/392/286
f 337/421/264 362/371/272 338/422/295
f 351/370/304 313/392/286 314/394/287
f 362/371/272 339/423/296 338/422/295
f 315/396/288 351/370/304 314/394/287
f 339/423/296 364/424/305 340/425/297
f 353/375/306 315/396/288 316/398/289
f 340/425/297 365/374/274 341/426/298
f 317/400/290 353/375/306 316/398/289
f 341/426/298 366/376/275 342/427/303
f 343/358/264 317/400/290 306/379/278
f 366/376/275 331/416/269 342/427/303
f 417/428/307 404/429/308 405/430/308
f 406/431/308 417/428/307 405/430/308
f 419/432/309 406/431/308 407/433/308
f 408/434/308 419/432/309 407/433/308
f 409/435/308 420/436/310 408/434/308
f 422/437/311 409/435/308 410/438/308
f 411/439/308 422/437/311 410/438/308
f 412/440/308 423/441/312 411/439/308
f 425/442/313 412/440/308 413/443/308
f 426/444/314 413/443/308 414/445/308
f 427/446/315 414/445/308 415/447/308
f 416/448/316 415/447/308 404/429/308
f 367/449/317 381/450/318 368/451/130
f 368/451/130 382/452/319 369/453/132
f 369/453/132 383/454/320 370/455/320
f 383/454/320 371/456/134 370/455/320
f 384/457/321 372/458/136 371/456/134
f 385/459/322 373/460/323 372/458/136
f 386/461/324 374/462/325 373/460/323
f 387/463/119 375/464/326 374/462/325
f 388/465/121 376/466/327 375/464/326
f 376/466/327 390/467/123 377/468/328
f 377/468/328 391/469/125 378/470/329
f 378/470/329 380/471/330 367/449/317
f 393/472/331 379/473/308 392/474/332
f 394/475/333 379/473/308 393/472/331
f 395/476/334 379/473/308 394/475/333
f 396/477/335 379/473/308 395/476/334
f 397/478/336 379/473/308 396/477/335
f 398/479/337 379/473/308 397/478/336
f 399/480/338 379/473/308 398/479/337
f 400/481/339 379/473/308 399/480/338
f 401/482/340 379/473/308 400/481/339
f 402/483/341 379/473/308 401/482/340
f 403/484/342 379/473/308 402/483/341
f 392/474/332 379/473/308 403/484/342
f 368/451/343 404/429/344 367/449/317
f 416/448/316 393/485/331 392/486/332
f 406/431/345 368/451/343 369/453/345
f 393/485/331 418/487/346 394/488/333
f 370/455/347 406/431/345 369/453/345
f 394/488/333 419/432/309 395/489/334
f 408/434/348 370/455/347 371/456/348
f 419/432/309 396/490/335 395/489/334
f 372/458/349 408/434/348 371/456/348
f 396/490/335 421/491/350 397/492/336
f 410/438/351 372/458/349 373/460/323
f 397/492/336 422/437/311 398/493/337
f 374/462/325 410/438/351 373/460/323
f 422/437/311 399/494/338 398/493/337
f 412/440/352 374/462/325 375/464/326
f 399/494/338 424/495/353 400/496/339
f 413/443/354 375/464/326 376/466/327
f 424/495/353 401/497/340 400/496/339
f 414/445/355 376/466/327 377/468/328
f 401/497/340 426/444/314 402/498/341
f 378/470/329 414/445/355 377/468/328
f 426/444/314 403/499/342 402/498/341
f 404/429/344 378/470/329 367/449/317
f 403/499/342 416/448/316 392/486/332
f 478/500/356 465/501/357 466/502/357
f 467/503/357 478/500/356 466/502/357
f 480/504/358 467/503/357 468/505/357
f 481/506/359 468/505/357 469/507/357
f 482/508/360 469/507/357 470/509/357
f 471/510/357 482/508/360 470/509/357
f 472/511/357 483/512/361 471/510/357
f 485/513/362 472/511/357 473/514/363
f 486/515/364 473/514/363 474/516/365
f 487/517/366 474/516/365 475/518/357
f 476/519/357 487/517/366 475/518/357
f 477/520/367 476/519/357 465/501/357
f 428/521/368 442/522/369 429/523/192
f 429/523/192 443/524/370 430/525/194
f 430/525/194 444/526/371 431/527/371
f 444/526/371 432/528/196 431/527/371
f 445/529/372 433/530/198 432/528/196
f 446/531/373 434/532/374 433/530/198
f 447/533/375 435/534/376 434/532/374
f 448/535/181 436/536/377 435/534/376
f 449/537/183 437/538/378 436/536/377
f 437/538/378 451/539/185 438/540/379
f 438/540/379 452/541/187 439/542/380
f 439/542/380 441/543/381 428/521/368
f 454/544/382 440/545/357 453/546/383
f 455/547/363 440/545/357 454/544/382
f 456/548/365 440/545/357 455/547/363
f 457/549/384 440/545/357 456/548/365
f 458/550/385 440/545/357 457/549/384
f 459/551/386 440/545/357 458/550/385
f 460/552/387 440/545/357 459/551/386
f 461/553/388 440/545/357 460/552/387
f 462/554/389 440/545/357 461/553/388
f 463/555/390 440/545/357 462/554/389
f 464/556/391 440/545/357 463/555/390
f 453/546/383 440/545/357 464/556/391
f 466/502/392 428/521/368 429/523/392
f 453/557/383 478/500/356 454/558/382
f 467/503/393 429/523/392 430/525/393
f 454/558/382 479/559/394 455/560/363
f 431/527/395 467/503/393 430/525/393
f 479/559/394 456/561/365 455/560/363
f 469/507/396 431/527/395 432/528/396
f 480/504/358 457/562/384 456/561/365
f 470/509/397 432/528/396 433/530/397
f 481/506/359 458/563/385 457/562/384
f 434/532/374 470/509/397 433/530/397
f 482/508/360 459/564/386 458/563/385
f 435/534/376 471/510/398 434/532/374
f 483/512/361 460/565/387 459/564/386
f 473/514/363 435/534/376 436/536/377
f 484/566/399 461/567/388 460/565/387
f 437/538/378 473/514/363 436/536/377
f 461/567/388 486/515/364 462/568/389
f 475/518/400 437/538/378 438/540/379
f 486/515/364 463/569/390 462/568/389
f 439/542/380 475/518/400 438/540/379
f 463/569/390 488/570/401 464/571/391
f 428/521/368 476/519/402 439/542/380
f 488/570/401 453/557/383 464/571/391
f 489/572/403 688/573/404 689/574/405
f 489/572/403 689/574/405 690/575/406
f 489/572/403 690/575/406 691/576/407
f 489/572/403 691/576/407 692/577/408
f 489/572/403 692/577/408 693/578/409
f 489/572/403 693/578/409 694/579/410
f 489/572/403 694/579/410 695/580/411
f 489/572/403 695/580/411 696/581/412
f 489/572/403 696/581/412 697/582/413
f 489/572/403 697/582/413 698/583/414
f 489/572/403 698/583/414 699/584/415
f 489/572/403 699/584/415 700/585/416
f 489/572/403 700/585/416 701/586/417
f 489/572/403 701/586/417 702/587/418
f 489/572/403 702/587/418 703/588/419
f 489/572/403 703/588/419 704/589/420
f 489/572/403 704/589/420 705/590/421
f 489/572/403 705/590/421 670/591/422
f 489/572/403 670/591/422 671/592/423
f 489/572/403 671/592/423 672/593/424
f 489/572/403 672/593/424 673/594/425
f 489/572/403 673/594/425 674/595/426
f 489/572/403 674/595/426 675/596/427
f 489/572/403 675/596/427 676/597/428
f 489/572/403 676/597/428 677/598/429
f 489/572/403 677/598/429 678/599/430
f 489/572/403 678/599/430 679/600/431
f 489/572/403 679/600/431 680/601/432
f 489/572/403 680/601/432 681/602/433
f 489/572/403 681/602/433 682/603/434
f 489/572/403 682/603/434 683/604/435
f 489/572/403 683/604/435 684/605/436
f 489/572/403 684/605/436 685/606/437
f 489/572/403 685/606/437 686/607/438
f 489/572/403 686/607/438 687/608/439
f 489/572/403 687/608/439 688/573/404
f 491/609/440 706/610/441 707/611/442
f 492/612/443 707/611/442 708/613/444
f 493/614/445 708/613/444 709/615/446
f 494/616/447 709/615/446 710/617/448
f 495/618/449 710/617/448 711/619/450
f 496/620/451 711/619/450 712/621/452
f 713/622/453 496/620/451 712/621/452
f 498/623/454 713/622/453 714/624/455
f 499/625/456 714/624/455 715/626/457
f 500/627/458 715/626/457 716/628/459
f 501/629/460 716/628/459 717/630/461
f 502/631/462 717/630/461 718/632/463
f 719/633/464 502/631/462 718/632/463
f 504/634/465 719/633/464 720/635/466
f 505/636/467 720/635/466 721/637/468
f 506/638/469 721/637/468 722/639/470
f 507/640/471 722/639/470 723/641/472
f 724/642/473 507/640/471 723/641/472
f 509/643/474 724/642/473 725/644/475
f 510/645/476 725/644/475 726/646/477
f 511/647/478 726/646/477 727/648/479
f 512/649/480 727/648/479 728/650/481
f 513/651/482 728/650/481 729/652/483
f 730/653/484 513/651/482 729/652/483
f 731/654/485 514/655/486 730/653/484
f 516/656/487 731/654/485 732/657/488
f 517/658/489 732/657/488 733/659/490
f 518/660/491 733/659/490 734/661/492
f 519/662/493 734/661/492 735/663/494
f 520/664/495 735/663/494 736/665/496
f 521/666/497 736/665/496 737/667/498
f 738/668/499 521/666/497 737/667/498
f 739/669/500 522/670/501 738/668/499
f 740/671/502 523/672/503 739/669/500
f 741/673/504 524/674/505 740/671/502
f 490/675/506 741/673/504 706/610/441
f 527/676/507 490/675/506 491/609/440
f 528/677/508 491/609/440 492/612/443
f 493/614/445 528/677/508 492/612/443
f 530/678/509 493/614/445 494/616/447
f 531/679/510 494/616/447 495/618/449
f 532/680/511 495/618/449 496/620/451
f 533/681/512 496/620/451 497/682/513
f 534/683/514 497/682/513 498/623/454
f 535/684/515 498/623/454 499/625/456
f 536/685/516 499/625/456 500/627/458
f 537/686/517 500/627/458 501/629/460
f 502/631/462 537/686/517 501/629/460
f 539/687/518 502/631/462 503/688/519
f 540/689/520 503/688/519 504/634/465
f 541/690/521 504/634/465 505/636/467
f 542/691/522 505/636/467 506/638/469
f 543/692/523 506/638/469 507/640/471
f 508/693/524 543/692/523 507/640/471
f 545/694/525 508/693/524 509/643/474
f 546/695/526 509/643/474 510/645/476
f 511/647/478 546/695/526 510/645/476
f 548/696/527 511/647/478 512/649/480
f 549/697/528 512/649/480 513/651/482
f 550/698/529 513/651/482 514/655/486
f 551/699/530 514/655/486 515/700/531
f 552/701/532 515/700/531 516/656/487
f 553/702/533 516/656/487 517/658/489
f 554/703/534 517/658/489 518/660/491
f 555/704/535 518/660/491 519/662/493
f 556/705/536 519/662/493 520/664/495
f 557/706/537 520/664/495 521/666/497
f 558/707/538 521/666/497 522/670/501
f 559/708/539 522/670/501 523/672/503
f 560/709/540 523/672/503 524/674/505
f 561/710/541 524/674/505 525/711/542
f 526/712/543 525/711/542 490/675/506
f 563/713/544 526/712/543 527/676/507
f 564/714/545 527/676/507 528/677/508
f 565/715/546 528/677/508 529/716/547
f 566/717/548 529/716/547 530/678/509
f 567/718/549 530/678/509 531/679/510
f 532/680/511 567/718/549 531/679/510
f 569/719/550 532/680/511 533/681/512
f 570/720/551 533/681/512 534/683/514
f 571/721/552 534/683/514 535/684/515
f 572/722/553 535/684/515 536/685/516
f 573/723/554 536/685/516 537/686/517
f 538/724/555 573/723/554 537/686/517
f 575/725/556 538/724/555 539/687/518
f 576/726/557 539/687/518 540/689/520
f 541/690/521 576/726/557 540/689/520
f 578/727/558 541/690/521 542/691/522
f 543/692/523 578/727/558 542/691/522
f 580/728/559 543/692/523 544/729/560
f 581/730/561 544/729/560 545/694/525
f 582/731/562 545/694/525 546/695/526
f 583/732/563 546/695/526 547/733/564
f 584/734/565 547/733/564 548/696/527
f 585/735/566 548/696/527 549/697/528
f 550/698/529 585/735/566 549/697/528
f 587/736/567 550/698/529 551/699/530
f 588/737/568 551/699/530 552/701/532
f 589/738/569 552/701/532 553/702/533
f 554/703/534 589/738/569 553/702/533
f 591/739/570 554/703/534 555/704/535
f 592/740/571 555/704/535 556/705/536
f 593/741/572 556/705/536 557/706/537
f 594/742/573 557/706/537 558/707/538
f 559/708/539 594/742/573 558/707/538
f 596/743/574 559/708/539 560/709/540
f 561/710/541 596/743/574 560/709/540
f 562/744/575 561/710/541 526/712/543
f 599/745/576 562/744/575 563/713/544
f 600/746/577 563/713/544 564/714/545
f 565/715/546 600/746/577 564/714/545
f 602/747/578 565/715/546 566/717/548
f 603/748/579 566/717/548 567/718/549
f 604/749/580 567/718/549 568/750/581
f 605/751/582 568/750/581 569/719/550
f 570/720/551 605/751/582 569/719/550
f 607/752/583 570/720/551 571/721/552
f 608/753/584 571/721/552 572/722/553
f 609/754/585 572/722/553 573/723/554
f 574/755/586 609/754/585 573/723/554
f 611/756/587 574/755/586 575/725/556
f 612/757/588 575/725/556 576/726/557
f 613/758/589 576/726/557 577/759/590
f 614/760/591 577/759/590 578/727/558
f 615/761/592 578/727/558 579/762/593
f 580/728/559 615/761/592 579/762/593
f 617/763/594 580/728/559 581/730/561
f 618/764/595 581/730/561 582/731/562
f 583/732/563 618/764/595 582/731/562
f 620/765/596 583/732/563 584/734/565
f 621/766/597 584/734/565 585/735/566
f 622/767/598 585/735/566 586/768/599
f 623/769/600 586/768/599 587/736/567
f 588/737/568 623/769/600 587/736/567
f 625/770/601 588/737/568 589/738/569
f 626/771/602 589/738/569 590/772/603
f 627/773/604 590/772/603 591/739/570
f 592/740/571 627/773/604 591/739/570
f 629/774/605 592/740/571 593/741/572
f 594/742/573 629/774/605 593/741/572
f 631/775/606 594/742/573 595/776/607
f 632/777/608 595/776/607 596/743/574
f 597/778/609 632/777/608 596/743/574
f 598/779/610 597/778/609 562/744/575
f 635/780/611 598/779/610 599/745/576
f 600/746/577 635/780/611 599/745/576
f 601/781/612 636/782/613 600/746/577
f 638/783/614 601/781/612 602/747/578
f 639/784/615 602/747/578 603/748/579
f 640/785/616 603/748/579 604/749/580
f 641/786/617 604/749/580 605/751/582
f 642/787/618 605/751/582 606/788/619
f 643/789/620 606/788/619 607/752/583
f 644/790/621 607/752/583 608/753/584
f 609/754/585 644/790/621 608/753/584
f 610/791/622 645/792/623 609/754/585
f 647/793/624 610/791/622 611/756/587
f 648/794/625 611/756/587 612/757/588
f 613/758/589 648/794/625 612/757/588
f 650/795/626 613/758/589 614/760/591
f 651/796/627 614/760/591 615/761/592
f 652/797/628 615/761/592 616/798/629
f 653/799/630 616/798/629 617/763/594
f 618/764/595 653/799/630 617/763/594
f 655/800/631 618/764/595 619/801/632
f 656/802/633 619/801/632 620/765/596
f 657/803/634 620/765/596 621/766/597
f 658/804/635 621/766/597 622/767/598
f 659/805/636 622/767/598 623/769/600
f 660/806/637 623/769/600 624/807/638
f 625/770/601 660/806/637 624/807/638
f 662/808/639 625/770/601 626/771/602
f 627/773/604 662/808/639 626/771/602
f 628/809/640 663/810/641 627/773/604
f 665/811/642 628/809/640 629/774/605
f 666/812/643 629/774/605 630/813/644
f 631/775/606 666/812/643 630/813/644
f 668/814/645 631/775/606 632/777/608
f 669/815/646 632/777/608 633/816/647
f 598/779/610 669/815/646 633/816/647
f 635/780/611 670/591/422 634/817/648
f 672/593/424 635/780/611 636/782/613
f 673/594/425 636/782/613 637/818/649
f 674/595/426 637/818/649 638/783/614
f 675/596/427 638/783/614 639/784/615
f 676/597/428 639/784/615 640/785/616
f 677/598/429 640/785/616 641/786/617
f 678/599/430 641/786/617 642/787/618
f 679/600/431 642/787/618 643/789/620
f 680/601/432 643/789/620 644/790/621
f 645/792/623 680/601/432 644/790/621
f 646/819/650 681/602/433 645/792/623
f 683/604/435 646/819/650 647/793/624
f 684/605/436 647/793/624 648/794/625
f 649/820/651 684/605/436 648/794/625
f 686/607/438 649/820/651 650/795/626
f 687/608/439 650/795/626 651/796/627
f 688/573/404 651/796/627 652/797/628
f 653/799/630 688/573/404 652/797/628
f 690/575/406 653/799/630 654/821/652
f 655/800/631 690/575/406 654/821/652
f 692/577/408 655/800/631 656/802/633
f 693/578/409 656/802/633 657/803/634
f 694/579/410 657/803/634 658/804/635
f 695/580/411 658/804/635 659/805/636
f 696/581/412 659/805/636 660/806/637
f 697/582/413 660/806/637 661/822/653
f 662/808/639 697/582/413 661/822/653
f 663/810/641 698/583/414 662/808/639
f 700/585/416 663/810/641 664/823/654
f 701/586/417 664/823/654 665/811/642
f 702/587/418 665/811/642 666/812/643
f 703/588/419 666/812/643 667/824/655
f 704/589/420 667/824/655 668/814/645
f 705/590/421 668/814/645 669/815/646
f 670/591/422 669/815/646 634/817/648
f 834/825/656 742/826/657 749/827/658
f 835/828/659 827/829/660 834/825/656
f 836/830/661 828/831/662 835/828/659
f 837/832/663 829/833/664 836/830/661
f 837/832/663 831/834/665 830/835/666
f 1382/836/667 1379/837/668 1381/838/669
f 1236/839/670 763/840/671 756/841/672
f 1272/842/673 1263/843/674 1264/844/675
f 841/845/676 749/827/658 770/846/677
f 841/845/676 835/828/659 834/825/656
f 843/847/678 835/828/659 842/848/679
f 844/849/680 836/830/661 843/847/678
f 844/849/680 838/850/681 837/832/663
f 1384/851/682 1381/838/669 1383/852/683
f 1237/853/684 1244/854/685 1236/839/670
f 1265/855/686 1569/856/687 1568/857/688
f 784/858/689 743/859/690 777/860/691
f 750/861/692 744/862/693 743/859/690
f 752/863/694 744/862/693 751/864/695
f 753/865/696 745/866/697 752/863/694
f 754/867/698 746/868/699 753/865/696
f 1358/869/700 1355/870/701 1357/871/702
f 1246/872/703 1237/853/684 1238/873/704
f 1266/874/705 1273/875/706 1265/855/686
f 848/876/707 770/846/677 791/877/708
f 849/878/709 841/845/676 848/876/707
f 849/878/709 843/847/678 842/848/679
f 851/879/710 843/847/678 850/880/711
f 852/881/712 844/849/680 851/879/710
f 1386/882/713 1383/852/683 1385/883/714
f 1247/884/715 1457/885/716 1239/886/717
f 994/887/718 1274/888/719 1266/874/705
f 798/889/720 848/876/707 791/877/708
f 856/890/721 848/876/707 855/891/722
f 857/892/723 849/878/709 856/890/721
f 858/893/724 850/880/711 857/892/723
f 859/894/725 851/879/710 858/893/724
f 1388/895/726 1385/883/714 1387/896/727
f 1248/897/728 1239/886/717 1240/898/729
f 1076/899/730 812/900/731 805/901/732
f 819/902/733 750/861/692 784/858/689
f 758/903/734 750/861/692 757/904/735
f 759/905/736 751/864/695 758/903/734
f 760/906/737 752/863/694 759/905/736
f 761/907/738 753/865/696 760/906/737
f 1360/908/739 1357/871/702 1359/909/740
f 1249/910/741 1565/911/742 1241/912/743
f 1085/913/744 1076/899/730 1077/914/745
f 862/915/746 798/889/720 826/916/747
f 862/915/746 856/890/721 855/891/722
f 863/917/748 857/892/723 856/890/721
f 864/918/749 858/893/724 857/892/723
f 866/919/750 858/893/724 865/920/751
f 1390/921/752 1387/896/727 1389/922/753
f 1250/923/754 1241/912/743 1242/924/755
f 1086/925/756 1077/914/745 1078/926/757
f 869/927/758 826/916/747 833/928/759
f 870/929/760 862/915/746 869/927/758
f 871/930/761 863/917/748 870/929/760
f 872/931/762 864/918/749 871/930/761
f 873/932/763 865/920/751 872/931/762
f 1392/933/764 1389/922/753 1391/934/765
f 994/887/718 1250/923/754 1242/924/755
f 1079/935/766 1438/936/767 1437/937/768
f 764/938/769 819/902/733 840/939/770
f 765/940/771 757/904/735 764/938/769
f 766/941/772 758/903/734 765/940/771
f 766/941/772 760/906/737 759/905/736
f 768/942/773 760/906/737 767/943/774
f 1361/944/775 1360/908/739 1359/909/740
f 1244/854/685 847/945/776 763/840/671
f 1088/946/777 1079/935/766 1080/947/778
f 854/948/779 869/927/758 833/928/759
f 876/949/780 870/929/760 869/927/758
f 878/950/781 870/929/760 877/951/782
f 879/952/783 871/930/761 878/950/781
f 880/953/784 872/931/762 879/952/783
f 1394/954/785 1391/934/765 1393/955/786
f 1245/956/787 1252/957/788 1244/854/685
f 1089/958/789 1545/959/790 1081/960/791
f 861/961/792 876/949/780 854/948/779
f 884/962/793 876/949/780 883/963/794
f 885/964/795 877/951/782 884/962/793
f 886/965/796 878/950/781 885/964/795
f 887/966/797 879/952/783 886/965/796
f 1395/967/798 1394/954/785 1393/955/786
f 1246/872/703 1253/968/799 1245/956/787
f 1090/969/800 1081/960/791 1082/970/801
f 771/971/802 840/939/770 868/972/803
f 771/971/802 765/940/771 764/938/769
f 773/973/804 765/940/771 772/974/805
f 773/973/804 767/943/774 766/941/772
f 775/975/806 767/943/774 774/976/807
f 1363/977/808 1362/978/809 1361/944/775
f 1255/979/810 1458/980/811 1247/884/715
f 994/887/718 1090/969/800 1082/970/801
f 890/981/812 861/961/792 875/982/813
f 891/983/814 883/963/794 890/981/812
f 891/983/814 885/964/795 884/962/793
f 893/984/815 885/964/795 892/985/816
f 894/986/817 886/965/796 893/984/815
f 1397/987/818 1396/988/819 1395/967/798
f 1256/989/820 1247/884/715 1248/897/728
f 1276/990/821 882/991/822 1268/992/823
f 897/993/824 875/982/813 896/994/825
f 897/993/824 891/983/814 890/981/812
f 899/995/826 891/983/814 898/996/827
f 900/997/828 892/985/816 899/995/826
f 901/998/829 893/984/815 900/997/828
f 1400/999/830 1397/987/818 1399/1000/831
f 1257/1001/832 1566/1002/833 1249/910/741
f 1269/1003/834 1276/990/821 1268/992/823
f 778/1004/835 868/972/803 903/1005/836
f 779/1006/837 771/971/802 778/1004/835
f 780/1007/838 772/974/805 779/1006/837
f 780/1007/838 774/976/807 773/973/804
f 781/1008/839 775/975/806 774/976/807
f 1366/1009/840 1363/977/808 1365/1010/841
f 1258/1011/842 1249/910/741 1250/923/754
f 1270/1012/843 1277/1013/844 1269/1003/834
f 910/1014/845 897/993/824 896/994/825
f 905/1015/846 897/993/824 904/1016/847
f 906/1017/848 898/996/827 905/1015/846
f 907/1018/849 899/995/826 906/1017/848
f 907/1018/849 901/998/829 900/997/828
f 1402/1019/850 1399/1000/831 1401/1020/851
f 994/887/718 1258/1011/842 1250/923/754
f 1271/1021/852 1462/1022/853 1461/1023/854
f 911/1024/855 910/1014/845 917/1025/856
f 911/1024/855 905/1015/846 904/1016/847
f 912/1026/857 906/1017/848 905/1015/846
f 913/1027/858 907/1018/849 906/1017/848
f 914/1028/859 908/1029/860 907/1018/849
f 1404/1030/861 1401/1020/851 1403/1031/862
f 1076/899/730 924/1032/863 1068/1033/864
f 1280/1034/865 1271/1021/852 1272/842/673
f 931/1035/866 778/1004/835 903/1005/836
f 785/1036/867 779/1006/837 778/1004/835
f 786/1037/868 780/1007/838 779/1006/837
f 787/1038/869 781/1008/839 780/1007/838
f 789/1039/870 781/1008/839 788/1040/871
f 1368/1041/872 1365/1010/841 1367/1042/873
f 1069/1043/874 1076/899/730 1068/1033/864
f 1281/1044/875 1569/856/687 1273/875/706
f 918/1045/876 917/1025/856 938/1046/877
f 919/1047/878 911/1024/855 918/1045/876
f 920/1048/879 912/1026/857 919/1047/878
f 921/1049/880 913/1027/858 920/1048/879
f 921/1049/880 915/1050/881 914/1028/859
f 1405/1051/882 1404/1030/861 1403/1031/862
f 1078/926/757 1069/1043/874 1070/1052/883
f 1274/888/719 1281/1044/875 1273/875/706
f 925/1053/884 938/1046/877 945/1054/885
f 925/1053/884 919/1047/878 918/1045/876
f 926/1055/886 920/1048/879 919/1047/878
f 928/1056/887 920/1048/879 927/1057/888
f 929/1058/889 921/1049/880 928/1056/887
f 1408/1059/890 1405/1051/882 1407/1060/891
f 1079/935/766 1436/1061/892 1071/1062/893
f 994/887/718 1282/1063/894 1274/888/719
f 952/1064/895 785/1036/867 931/1035/866
f 793/1065/896 785/1036/867 792/1066/897
f 794/1067/898 786/1037/868 793/1065/896
f 794/1067/898 788/1040/871 787/1038/869
f 795/1068/899 789/1039/870 788/1040/871
f 1370/1069/900 1367/1042/873 1369/1070/901
f 1080/947/778 1071/1062/893 1072/1071/902
f 996/1072/903 889/1073/904 1276/990/821
f 932/1074/905 945/1054/885 966/1075/906
f 933/1076/907 925/1053/884 932/1074/905
f 934/1077/908 926/1055/886 933/1076/907
f 935/1078/909 927/1057/888 934/1077/908
f 936/1079/910 928/1056/887 935/1078/909
f 1410/1080/911 1407/1060/891 1409/1081/912
f 1081/960/791 1544/1082/913 1073/1083/914
f 997/1084/915 1276/990/821 1277/1013/844
f 939/1085/916 966/1075/906 973/1086/917
f 939/1085/916 933/1076/907 932/1074/905
f 941/1087/918 933/1076/907 940/1088/919
f 941/1087/918 935/1078/909 934/1077/908
f 943/1089/920 935/1078/909 942/1090/921
f 1412/1091/922 1409/1081/912 1411/1092/923
f 1082/970/801 1073/1083/914 1074/1093/924
f 998/1094/925 1277/1013/844 1278/1095/926
f 799/1096/927 952/1064/895 980/1097/928
f 800/1098/929 792/1066/897 799/1096/927
f 800/1098/929 794/1067/898 793/1065/896
f 802/1099/930 794/1067/898 801/1100/931
f 802/1099/930 796/1101/932 795/1068/899
f 1372/1102/933 1369/1070/901 1371/1103/934
f 994/887/718 1082/970/801 1074/1093/924
f 999/1104/935 1462/1022/853 1279/1105/936
f 987/1106/937 939/1085/916 973/1086/917
f 947/1107/938 939/1085/916 946/1108/939
f 948/1109/940 940/1088/919 947/1107/938
f 949/1110/941 941/1087/918 948/1109/940
f 950/1111/942 942/1090/921 949/1110/941
f 1413/1112/943 1412/1091/922 1411/1092/923
f 1252/957/788 995/1113/944 847/945/776
f 1000/1114/945 1279/1105/936 1280/1034/865
f 953/1115/946 987/1106/937 1003/1116/947
f 953/1115/946 947/1107/938 946/1108/939
f 954/1117/948 948/1109/940 947/1107/938
f 956/1118/949 948/1109/940 955/1119/950
f 957/1120/951 949/1110/941 956/1118/949
f 1416/1121/952 1413/1112/943 1415/1122/953
f 1261/1123/954 1252/957/788 1253/968/799
f 1001/1124/955 1570/1125/956 1281/1044/875
f 1011/1126/957 799/1096/927 980/1097/928
f 807/1127/958 799/1096/927 806/1128/959
f 808/1129/960 800/1098/929 807/1127/958
f 809/1130/961 801/1100/931 808/1129/960
f 810/1131/962 802/1099/930 809/1130/961
f 1374/1132/963 1371/1103/934 1373/1133/964
f 1254/1134/965 1261/1123/954 1253/968/799
f 1282/1063/894 1001/1124/955 1281/1044/875
f 1019/1135/966 953/1115/946 1003/1116/947
f 961/1136/967 953/1115/946 960/1137/968
f 962/1138/969 954/1117/948 961/1136/967
f 963/1139/970 955/1119/950 962/1138/969
f 964/1140/971 956/1118/949 963/1139/970
f 1418/1141/972 1415/1122/953 1417/1142/973
f 1255/979/810 1460/1143/974 1459/1144/975
f 994/887/718 1002/1145/976 1282/1063/894
f 967/1146/977 1019/1135/966 1027/1147/978
f 968/1148/979 960/1137/968 967/1146/977
f 969/1149/980 961/1136/967 968/1148/979
f 970/1150/981 962/1138/969 969/1149/980
f 971/1151/982 963/1139/970 970/1150/981
f 1420/1152/983 1417/1142/973 1419/1153/984
f 1264/844/675 1255/979/810 1256/989/820
f 1092/1154/985 812/900/731 1084/1155/986
f 813/1156/987 1011/1126/957 1043/1157/988
f 814/1158/989 806/1128/959 813/1156/987
f 815/1159/990 807/1127/958 814/1158/989
f 815/1159/990 809/1130/961 808/1129/960
f 817/1160/991 809/1130/961 816/1161/992
f 1376/1162/993 1373/1133/964 1375/1163/994
f 1265/855/686 1567/1164/995 1257/1001/832
f 1093/1165/996 1084/1155/986 1085/913/744
f 1051/1166/997 967/1146/977 1027/1147/978
f 975/1167/998 967/1146/977 974/1168/999
f 975/1167/998 969/1149/980 968/1148/979
f 976/1169/1000 970/1150/981 969/1149/980
f 978/1170/1001 970/1150/981 977/1171/1002
f 1422/1172/1003 1419/1153/984 1421/1173/1004
f 1266/874/705 1257/1001/832 1258/1011/842
f 1086/925/756 1093/1165/996 1085/913/744
f 1059/1174/1005 974/1168/999 1051/1166/997
f 981/1175/1006 975/1167/998 974/1168/999
f 983/1176/1007 975/1167/998 982/1177/1008
f 984/1178/1009 976/1169/1000 983/1176/1007
f 985/1179/1010 977/1171/1002 984/1178/1009
f 1424/1180/1011 1421/1173/1004 1423/1181/1012
f 994/887/718 1266/874/705 1258/1011/842
f 1095/1182/1013 1438/936/767 1087/1183/1014
f 1067/1184/1015 813/1156/987 1043/1157/988
f 821/1185/1016 813/1156/987 820/1186/1017
f 822/1187/1018 814/1158/989 821/1185/1016
f 823/1188/1019 815/1159/990 822/1187/1018
f 824/1189/1020 816/1161/992 823/1188/1019
f 1377/1190/1021 1376/1162/993 1375/1163/994
f 1268/992/823 995/1113/944 1260/1191/1022
f 1096/1192/1023 1087/1183/1014 1088/946/777
f 988/1193/1024 1059/1174/1005 1075/1194/1025
f 988/1193/1024 982/1177/1008 981/1175/1006
f 989/1195/1026 983/1176/1007 982/1177/1008
f 990/1196/1027 984/1178/1009 983/1176/1007
f 992/1197/1028 984/1178/1009 991/1198/1029
f 1426/1199/1030 1423/1181/1012 1425/1200/1031
f 1269/1003/834 1260/1191/1022 1261/1123/954
f 1089/958/789 1547/1201/1032 1546/1202/1033
f 743/859/690 1075/1194/1025 777/860/691
f 744/862/693 988/1193/1024 743/859/690
f 745/866/697 989/1195/1026 744/862/693
f 746/868/699 990/1196/1027 745/866/697
f 747/1203/1034 991/1198/1029 746/868/699
f 1356/1204/1035 1425/1200/1031 1355/870/701
f 1270/1012/843 1261/1123/954 1262/1205/1036
f 1090/969/800 1097/1206/1037 1089/958/789
f 827/829/660 1067/1184/1015 742/826/657
f 827/829/660 821/1185/1016 820/1186/1017
f 829/833/664 821/1185/1016 828/831/662
f 830/835/666 822/1187/1018 829/833/664
f 831/834/665 823/1188/1019 830/835/666
f 1380/1207/1038 1377/1190/1021 1379/837/668
f 1263/843/674 1461/1023/854 1460/1143/974
f 994/887/718 1098/1208/1039 1090/969/800
f 1100/1209/1040 1035/1210/1041 1092/1154/985
f 1101/1211/1042 1092/1154/985 1093/1165/996
f 1102/1212/1043 1093/1165/996 1094/1213/1044
f 1103/1214/1045 1439/1215/1046 1095/1182/1013
f 1104/1216/1047 1095/1182/1013 1096/1192/1023
f 1105/1217/1048 1547/1201/1032 1097/1206/1037
f 1106/1218/1049 1097/1206/1037 1098/1208/1039
f 994/887/718 1106/1218/1049 1098/1208/1039
f 1108/1219/1050 1083/1220/1051 1100/1209/1040
f 1101/1211/1042 1108/1219/1050 1100/1209/1040
f 1110/1221/1052 1101/1211/1042 1102/1212/1043
f 1111/1222/1053 1440/1223/1054 1103/1214/1045
f 1112/1224/1055 1103/1214/1045 1104/1216/1047
f 1113/1225/1056 1548/1226/1057 1105/1217/1048
f 1106/1218/1049 1113/1225/1056 1105/1217/1048
f 994/887/718 1114/1227/1058 1106/1218/1049
f 996/1072/903 1099/1228/1059 959/1229/1060
f 997/1084/915 1004/1230/1061 996/1072/903
f 1006/1231/1062 997/1084/915 998/1094/925
f 1007/1232/1063 1427/1233/1064 999/1104/935
f 1008/1234/1065 999/1104/935 1000/1114/945
f 1009/1235/1066 1535/1236/1067 1001/1124/955
f 1010/1237/1068 1001/1124/955 1002/1145/976
f 994/887/718 1010/1237/1068 1002/1145/976
f 1116/1238/1069 1091/1239/1070 1108/1219/1050
f 1117/1240/1071 1108/1219/1050 1109/1241/1072
f 1110/1221/1052 1117/1240/1071 1109/1241/1072
f 1111/1222/1053 1442/1242/1073 1441/1243/1074
f 1120/1244/1075 1111/1222/1053 1112/1224/1055
f 1121/1245/1076 1549/1246/1077 1113/1225/1056
f 1122/1247/1078 1113/1225/1056 1114/1227/1058
f 994/887/718 1122/1247/1078 1114/1227/1058
f 1124/1248/1079 1107/1249/1080 1116/1238/1069
f 1125/1250/1081 1116/1238/1069 1117/1240/1071
f 1118/1251/1082 1125/1250/1081 1117/1240/1071
f 1119/1252/1083 1443/1253/1084 1442/1242/1073
f 1128/1254/1085 1119/1252/1083 1120/1244/1075
f 1129/1255/1086 1550/1256/1087 1121/1245/1076
f 1130/1257/1088 1121/1245/1076 1122/1247/1078
f 994/887/718 1130/1257/1088 1122/1247/1078
f 1004/1230/1061 1123/1258/1089 1099/1228/1059
f 1013/1259/1090 1004/1230/1061 1005/1260/1091
f 1014/1261/1092 1005/1260/1091 1006/1231/1062
f 1007/1232/1063 1429/1262/1093 1428/1263/1094
f 1016/1264/1095 1007/1232/1063 1008/1234/1065
f 1017/1265/1096 1536/1266/1097 1009/1235/1066
f 1010/1237/1068 1017/1265/1096 1009/1235/1066
f 994/887/718 1018/1267/1098 1010/1237/1068
f 1132/1268/1099 1115/1269/1100 1124/1248/1079
f 1125/1250/1081 1132/1268/1099 1124/1248/1079
f 1126/1270/1101 1133/1271/1102 1125/1250/1081
f 1135/1272/1103 1443/1253/1084 1127/1273/1104
f 1136/1274/1105 1127/1273/1104 1128/1254/1085
f 1137/1275/1106 1551/1276/1107 1129/1255/1086
f 1138/1277/1108 1129/1255/1086 1130/1257/1088
f 994/887/718 1138/1277/1108 1130/1257/1088
f 1140/1278/1109 1131/1279/1110 1132/1268/1099
f 1141/1280/1111 1132/1268/1099 1133/1271/1102
f 1142/1281/1112 1133/1271/1102 1134/1282/1113
f 1143/1283/1114 1444/1284/1115 1135/1272/1103
f 1136/1274/1105 1143/1283/1114 1135/1272/1103
f 1145/1285/1116 1552/1286/1117 1137/1275/1106
f 1138/1277/1108 1145/1285/1116 1137/1275/1106
f 994/887/718 1146/1287/1118 1138/1277/1108
f 1012/1288/1119 1147/1289/1120 1123/1258/1089
f 1021/1290/1121 1012/1288/1119 1013/1259/1090
f 1022/1291/1122 1013/1259/1090 1014/1261/1092
f 1023/1292/1123 1429/1262/1093 1015/1293/1124
f 1024/1294/1125 1015/1293/1124 1016/1264/1095
f 1025/1295/1126 1537/1296/1127 1017/1265/1096
f 1026/1297/1128 1017/1265/1096 1018/1267/1098
f 994/887/718 1026/1297/1128 1018/1267/1098
f 1140/1278/1109 1155/1298/1129 1139/1299/1130
f 1141/1280/1111 1148/1300/1131 1140/1278/1109
f 1150/1301/1132 1141/1280/1111 1142/1281/1112
f 1151/1302/1133 1445/1303/1134 1143/1283/1114
f 1152/1304/1135 1143/1283/1114 1144/1305/1136
f 1153/1306/1137 1553/1307/1138 1145/1285/1116
f 1154/1308/1139 1145/1285/1116 1146/1287/1118
f 994/887/718 1154/1308/1139 1146/1287/1118
f 1148/1300/1131 1163/1309/1140 1155/1298/1129
f 1157/1310/1141 1148/1300/1131 1149/1311/1142
f 1158/1312/1143 1149/1311/1142 1150/1301/1132
f 1159/1313/1144 1446/1314/1145 1151/1302/1133
f 1160/1315/1146 1151/1302/1133 1152/1304/1135
f 1161/1316/1147 1554/1317/1148 1153/1306/1137
f 1162/1318/1149 1153/1306/1137 1154/1308/1139
f 994/887/718 1162/1318/1149 1154/1308/1139
f 1028/1319/1150 1147/1289/1120 1020/1320/1151
f 1029/1321/1152 1020/1320/1151 1021/1290/1121
f 1030/1322/1153 1021/1290/1121 1022/1291/1122
f 1031/1323/1154 1430/1324/1155 1023/1292/1123
f 1032/1325/1156 1023/1292/1123 1024/1294/1125
f 1033/1326/1157 1538/1327/1158 1025/1295/1126
f 1034/1328/1159 1025/1295/1126 1026/1297/1128
f 994/887/718 1034/1328/1159 1026/1297/1128
f 1164/1329/1160 1163/1309/1140 1156/1330/1161
f 1157/1310/1141 1164/1329/1160 1156/1330/1161
f 1158/1312/1143 1165/1331/1162 1157/1310/1141
f 1167/1332/1163 1447/1333/1164 1159/1313/1144
f 1168/1334/1165 1159/1313/1144 1160/1315/1146
f 1169/1335/1166 1555/1336/1167 1161/1316/1147
f 1170/1337/1168 1161/1316/1147 1162/1318/1149
f 994/887/718 1170/1337/1168 1162/1318/1149
f 1172/1338/1169 1179/1339/1170 1164/1329/1160
f 1165/1331/1162 1172/1338/1169 1164/1329/1160
f 1174/1340/1171 1165/1331/1162 1166/1341/1172
f 1167/1332/1163 1449/1342/1173 1448/1343/1174
f 1176/1344/1175 1167/1332/1163 1168/1334/1165
f 1169/1335/1166 1557/1345/1176 1556/1346/1177
f 1170/1337/1168 1177/1347/1178 1169/1335/1166
f 994/887/718 1178/1348/1179 1170/1337/1168
f 1028/1319/1150 1195/1349/1180 1171/1350/1181
f 1037/1351/1182 1028/1319/1150 1029/1321/1152
f 1038/1352/1183 1029/1321/1152 1030/1322/1153
f 1039/1353/1184 1431/1354/1185 1031/1323/1154
f 1040/1355/1186 1031/1323/1154 1032/1325/1156
f 1041/1356/1187 1539/1357/1188 1033/1326/1157
f 1042/1358/1189 1033/1326/1157 1034/1328/1159
f 994/887/718 1042/1358/1189 1034/1328/1159
f 1180/1359/1190 1187/1360/1191 1172/1338/1169
f 1181/1361/1192 1172/1338/1169 1173/1362/1193
f 1182/1363/1194 1173/1362/1193 1174/1340/1171
f 1183/1364/1195 1449/1342/1173 1175/1365/1196
f 1176/1344/1175 1183/1364/1195 1175/1365/1196
f 1177/1347/1178 1558/1366/1197 1557/1345/1176
f 1186/1367/1198 1177/1347/1178 1178/1348/1179
f 994/887/718 1186/1367/1198 1178/1348/1179
f 1188/1368/1199 1203/1369/1200 1180/1359/1190
f 1189/1370/1201 1180/1359/1190 1181/1361/1192
f 1182/1363/1194 1189/1370/1201 1181/1361/1192
f 1183/1364/1195 1451/1371/1202 1450/1372/1203
f 1192/1373/1204 1183/1364/1195 1184/1374/1205
f 1193/1375/1206 1558/1366/1197 1185/1376/1207
f 1194/1377/1208 1185/1376/1207 1186/1367/1198
f 994/887/718 1194/1377/1208 1186/1367/1198
f 1036/1378/1209 1219/1379/1210 1195/1349/1180
f 1037/1351/1182 1044/1380/1211 1036/1378/1209
f 1038/1352/1183 1045/1381/1212 1037/1351/1182
f 1039/1353/1184 1433/1382/1213 1432/1383/1214
f 1048/1384/1215 1039/1353/1184 1040/1355/1186
f 1049/1385/1216 1540/1386/1217 1041/1356/1187
f 1050/1387/1218 1041/1356/1187 1042/1358/1189
f 994/887/718 1050/1387/1218 1042/1358/1189
f 1188/1368/1199 1227/1388/1219 1211/1389/1220
f 1197/1390/1221 1188/1368/1199 1189/1370/1201
f 1198/1391/1222 1189/1370/1201 1190/1392/1223
f 1191/1393/1224 1452/1394/1225 1451/1371/1202
f 1200/1395/1226 1191/1393/1224 1192/1373/1204
f 1193/1375/1206 1560/1396/1227 1559/1397/1228
f 1202/1398/1229 1193/1375/1206 1194/1377/1208
f 994/887/718 1202/1398/1229 1194/1377/1208
f 1204/1399/1230 1227/1388/1219 1196/1400/1231
f 1205/1401/1232 1196/1400/1231 1197/1390/1221
f 1198/1391/1222 1205/1401/1232 1197/1390/1221
f 1207/1402/1233 1452/1394/1225 1199/1403/1234
f 1208/1404/1235 1199/1403/1234 1200/1395/1226
f 1209/1405/1236 1560/1396/1227 1201/1406/1237
f 1210/1407/1238 1201/1406/1237 1202/1398/1229
f 994/887/718 1210/1407/1238 1202/1398/1229
f 1052/1408/1239 1219/1379/1210 1044/1380/1211
f 1053/1409/1240 1044/1380/1211 1045/1381/1212
f 1054/1410/1241 1045/1381/1212 1046/1411/1242
f 1055/1412/1243 1433/1382/1213 1047/1413/1244
f 1056/1414/1245 1047/1413/1244 1048/1384/1215
f 1057/1415/1246 1541/1416/1247 1049/1385/1216
f 1058/1417/1248 1049/1385/1216 1050/1387/1218
f 994/887/718 1058/1417/1248 1050/1387/1218
f 1212/1418/1249 1235/1419/1250 1204/1399/1230
f 1213/1420/1251 1204/1399/1230 1205/1401/1232
f 1214/1421/1252 1205/1401/1232 1206/1422/1253
f 1215/1423/1254 1453/1424/1255 1207/1402/1233
f 1216/1425/1256 1207/1402/1233 1208/1404/1235
f 1217/1426/1257 1561/1427/1258 1209/1405/1236
f 1218/1428/1259 1209/1405/1236 1210/1407/1238
f 994/887/718 1218/1428/1259 1210/1407/1238
f 1212/1418/1249 1259/1429/1260 1251/1430/1261
f 1213/1420/1251 1220/1431/1262 1212/1418/1249
f 1222/1432/1263 1213/1420/1251 1214/1421/1252
f 1223/1433/1264 1454/1434/1265 1215/1423/1254
f 1216/1425/1256 1223/1433/1264 1215/1423/1254
f 1225/1435/1266 1562/1436/1267 1217/1426/1257
f 1218/1428/1259 1225/1435/1266 1217/1426/1257
f 994/887/718 1226/1437/1268 1218/1428/1259
f 1060/1438/1269 1243/1439/1270 1052/1408/1239
f 1053/1409/1240 1060/1438/1269 1052/1408/1239
f 1054/1410/1241 1061/1440/1271 1053/1409/1240
f 1063/1441/1272 1434/1442/1273 1055/1412/1243
f 1056/1414/1245 1063/1441/1272 1055/1412/1243
f 1065/1443/1274 1542/1444/1275 1057/1415/1246
f 1066/1445/1276 1057/1415/1246 1058/1417/1248
f 994/887/718 1066/1445/1276 1058/1417/1248
f 1220/1431/1262 1275/1446/1277 1259/1429/1260
f 1229/1447/1278 1220/1431/1262 1221/1448/1279
f 1222/1432/1263 1229/1447/1278 1221/1448/1279
f 1231/1449/1280 1455/1450/1281 1223/1433/1264
f 1232/1451/1282 1223/1433/1264 1224/1452/1283
f 1233/1453/1284 1563/1454/1285 1225/1435/1266
f 1234/1455/1286 1225/1435/1266 1226/1437/1268
f 994/887/718 1234/1455/1286 1226/1437/1268
f 1236/839/670 1275/1446/1277 1228/1456/1287
f 1229/1447/1278 1236/839/670 1228/1456/1287
f 1230/1457/1288 1237/853/684 1229/1447/1278
f 1239/886/717 1456/1458/1289 1231/1449/1280
f 1240/898/729 1231/1449/1280 1232/1451/1282
f 1241/912/743 1564/1459/1290 1233/1453/1284
f 1234/1455/1286 1241/912/743 1233/1453/1284
f 994/887/718 1242/924/755 1234/1455/1286
f 1068/1033/864 1267/1460/1291 1060/1438/1269
f 1061/1440/1271 1068/1033/864 1060/1438/1269
f 1070/1052/883 1061/1440/1271 1062/1461/1292
f 1071/1062/893 1435/1462/1293 1063/1441/1272
f 1072/1071/902 1063/1441/1272 1064/1463/1294
f 1073/1083/914 1543/1464/1295 1065/1443/1274
f 1066/1445/1276 1073/1083/914 1065/1443/1274
f 994/887/718 1074/1093/924 1066/1445/1276
f 1309/1465/1296 831/1466/665 838/1467/681
f 832/1468/1297 1310/1469/1298 839/1470/1298
f 1311/1471/1299 838/1467/681 845/1472/1300
f 1310/1469/1298 846/1473/1301 839/1470/1298
f 1285/1474/1302 747/1475/1034 754/1476/698
f 1284/1477/1303 755/1478/1304 748/1479/1303
f 852/1480/712 1311/1471/1299 845/1472/1300
f 846/1473/1301 1314/1481/1305 853/1482/1305
f 1315/1483/1306 852/1480/712 859/1484/725
f 853/1482/1305 1316/1485/1307 860/1486/1307
f 1287/1487/1308 754/1476/698 761/1488/738
f 1286/1489/1304 762/1490/1309 755/1478/1304
f 1317/1491/1310 859/1484/725 866/1492/750
f 1316/1485/1307 867/1493/1311 860/1486/1307
f 873/1494/763 1317/1491/1310 866/1492/750
f 1318/1495/1311 874/1496/1312 867/1493/1311
f 1289/1497/1313 761/1488/738 768/1498/773
f 1288/1499/1309 769/1500/1314 762/1490/1309
f 1321/1501/1315 873/1494/763 880/1502/784
f 1320/1503/1312 881/1504/1316 874/1496/1312
f 1323/1505/1317 880/1502/784 887/1506/797
f 1322/1507/1316 888/1508/1318 881/1504/1316
f 1291/1509/1319 768/1498/773 775/1510/806
f 1290/1511/1314 776/1512/1320 769/1500/1314
f 1325/1513/1321 887/1506/797 894/1514/817
f 1324/1515/1318 895/1516/1322 888/1508/1318
f 1327/1517/1323 894/1514/817 901/1518/829
f 1326/1519/1322 902/1520/1324 895/1516/1322
f 1293/1521/1325 775/1510/806 782/1522/1326
f 1292/1523/1320 783/1524/1327 776/1512/1320
f 1329/1525/1328 901/1518/829 908/1526/860
f 902/1520/1324 1330/1527/1329 909/1528/1329
f 1331/1529/1330 908/1526/860 915/1530/881
f 909/1528/1329 1332/1531/1331 916/1532/1331
f 1295/1533/1332 782/1522/1326 789/1534/870
f 1294/1535/1327 790/1536/1333 783/1524/1327
f 1333/1537/1334 915/1530/881 922/1538/1335
f 916/1532/1331 1334/1539/1336 923/1540/1336
f 1335/1541/1337 922/1538/1335 929/1542/889
f 1334/1539/1336 930/1543/1338 923/1540/1336
f 1297/1544/1339 789/1534/870 796/1545/932
f 1296/1546/1333 797/1547/1340 790/1536/1333
f 1337/1548/1341 929/1542/889 936/1549/910
f 930/1543/1338 1338/1550/1342 937/1551/1342
f 1339/1552/1343 936/1549/910 943/1553/920
f 1338/1550/1342 944/1554/1344 937/1551/1342
f 1299/1555/1345 796/1545/932 803/1556/1346
f 1298/1557/1340 804/1558/1347 797/1547/1340
f 950/1559/942 1339/1552/1343 943/1553/920
f 944/1554/1344 1342/1560/1348 951/1561/1348
f 1343/1562/1349 950/1559/942 957/1563/951
f 1342/1560/1348 958/1564/1350 951/1561/1348
f 1301/1565/1351 803/1556/1346 810/1566/962
f 1300/1567/1347 811/1568/1352 804/1558/1347
f 1345/1569/1353 957/1563/951 964/1570/971
f 958/1564/1350 1346/1571/1354 965/1572/1354
f 971/1573/982 1345/1569/1353 964/1570/971
f 1346/1571/1354 972/1574/1355 965/1572/1354
f 1303/1575/1356 810/1566/962 817/1576/991
f 811/1568/1352 1304/1577/1357 818/1578/1357
f 978/1579/1001 1347/1580/1358 971/1573/982
f 972/1574/1355 1350/1581/1359 979/1582/1359
f 985/1583/1010 1349/1584/1360 978/1579/1001
f 979/1582/1359 1352/1585/1361 986/1586/1361
f 1305/1587/1362 817/1576/991 824/1588/1020
f 818/1578/1357 1306/1589/1363 825/1590/1363
f 1353/1591/1364 985/1583/1010 992/1592/1028
f 1352/1585/1361 993/1593/1365 986/1586/1361
f 1283/1594/1366 992/1592/1028 747/1475/1034
f 1354/1595/1365 748/1479/1303 993/1593/1365
f 1307/1596/1367 824/1588/1020 831/1466/665
f 1306/1589/1363 832/1468/1297 825/1590/1363
f 1381/1597/669 1307/1596/1367 1309/1465/1296
f 1308/1598/1368 1382/836/667 1310/1469/1369
f 1311/1471/1299 1381/1597/669 1309/1465/1296
f 1382/836/667 1312/1599/1370 1310/1469/1369
f 1285/1474/1302 1355/1600/701 1283/1594/1366
f 1356/1204/1035 1286/1489/1371 1284/1477/1372
f 1313/1601/1373 1383/1602/683 1311/1471/1299
f 1384/851/682 1314/1481/1374 1312/1599/1370
f 1387/1603/727 1313/1601/1373 1315/1483/1306
f 1386/882/713 1316/1485/1375 1314/1481/1374
f 1359/1604/740 1285/1474/1302 1287/1487/1308
f 1358/869/700 1288/1499/1376 1286/1489/1371
f 1317/1491/1310 1387/1603/727 1315/1483/1306
f 1316/1485/1375 1390/921/752 1318/1495/1377
f 1391/1605/765 1317/1491/1310 1319/1606/1378
f 1390/921/752 1320/1503/1379 1318/1495/1377
f 1289/1497/1313 1359/1604/740 1287/1487/1308
f 1360/908/739 1290/1511/1380 1288/1499/1376
f 1321/1501/1315 1391/1605/765 1319/1606/1378
f 1392/933/764 1322/1507/1381 1320/1503/1379
f 1395/1607/798 1321/1501/1315 1323/1505/1317
f 1394/954/785 1324/1515/1382 1322/1507/1381
f 1363/1608/808 1289/1497/1313 1291/1509/1319
f 1362/978/809 1292/1523/1383 1290/1511/1380
f 1325/1513/1321 1395/1607/798 1323/1505/1317
f 1396/988/819 1326/1519/1384 1324/1515/1382
f 1399/1609/831 1325/1513/1321 1327/1517/1323
f 1398/1610/1385 1328/1611/1386 1326/1519/1384
f 1293/1521/1325 1363/1608/808 1291/1509/1319
f 1292/1523/1383 1366/1009/840 1294/1535/1387
f 1329/1525/1328 1399/1609/831 1327/1517/1323
f 1400/999/830 1330/1527/1388 1328/1611/1386
f 1403/1612/862 1329/1525/1328 1331/1529/1330
f 1402/1019/850 1332/1531/1389 1330/1527/1388
f 1367/1613/873 1293/1521/1325 1295/1533/1332
f 1366/1009/840 1296/1546/1390 1294/1535/1387
f 1333/1537/1334 1403/1612/862 1331/1529/1330
f 1404/1030/861 1334/1539/1391 1332/1531/1389
f 1335/1541/1337 1405/1614/882 1333/1537/1334
f 1334/1539/1391 1408/1059/890 1336/1615/1392
f 1297/1544/1339 1367/1613/873 1295/1533/1332
f 1368/1041/872 1298/1557/1393 1296/1546/1390
f 1409/1616/912 1335/1541/1337 1337/1548/1341
f 1408/1059/890 1338/1550/1394 1336/1615/1392
f 1411/1617/923 1337/1548/1341 1339/1552/1343
f 1410/1080/911 1340/1618/1395 1338/1550/1394
f 1299/1555/1345 1369/1619/901 1297/1544/1339
f 1298/1557/1393 1372/1102/933 1300/1567/1396
f 1413/1620/943 1339/1552/1343 1341/1621/1397
f 1412/1091/922 1342/1560/1398 1340/1618/1395
f 1343/1562/1349 1413/1620/943 1341/1621/1397
f 1414/1622/1399 1344/1623/1400 1342/1560/1398
f 1373/1624/964 1299/1555/1345 1301/1565/1351
f 1372/1102/933 1302/1625/1401 1300/1567/1396
f 1345/1569/1353 1415/1626/953 1343/1562/1349
f 1416/1121/952 1346/1571/1402 1344/1623/1400
f 1419/1627/984 1345/1569/1353 1347/1580/1358
f 1418/1141/972 1348/1628/1403 1346/1571/1402
f 1375/1629/994 1301/1565/1351 1303/1575/1356
f 1302/1625/1401 1376/1162/993 1304/1577/1404
f 1421/1630/1004 1347/1580/1358 1349/1584/1360
f 1348/1628/1403 1422/1172/1003 1350/1581/1405
f 1423/1631/1012 1349/1584/1360 1351/1632/1406
f 1422/1172/1003 1352/1585/1407 1350/1581/1405
f 1377/1633/1021 1303/1575/1356 1305/1587/1362
f 1376/1162/993 1306/1589/1408 1304/1577/1404
f 1353/1591/1364 1423/1631/1012 1351/1632/1406
f 1352/1585/1407 1426/1199/1030 1354/1595/1409
f 1355/1600/701 1353/1591/1364 1283/1594/1366
f 1426/1199/1030 1284/1477/1372 1354/1595/1409
f 1379/1634/668 1305/1587/1362 1307/1596/1367
f 1378/1635/1410 1308/1598/1368 1306/1589/1408
f 1493/1636/1411 1530/1637/1412 1494/1638/1413
f 1509/1639/1414 1474/1640/1415 1473/1641/1416
f 1530/1637/1412 1495/1642/1417 1494/1638/1413
f 1533/1643/1418 1498/1644/1419 1497/1645/1420
f 1472/1646/1421 1509/1639/1414 1473/1641/1416
f 1534/1647/1422 1463/1648/1423 1498/1644/1419
f 1531/1649/1424 1496/1650/1425 1495/1642/1417
f 1474/1640/1415 1511/1651/1426 1475/1652/1427
f 1496/1650/1425 1533/1643/1418 1497/1645/1420
f 1475/1652/1427 1512/1653/1428 1476/1654/1429
f 1512/1653/1428 1477/1655/1430 1476/1654/1429
f 1463/1648/1423 1500/1656/1431 1464/1657/1432
f 1513/1658/1433 1478/1659/1434 1477/1655/1430
f 1478/1659/1434 1515/1660/1435 1479/1661/1436
f 1500/1656/1431 1465/1662/1437 1464/1657/1432
f 1479/1661/1436 1516/1663/1438 1480/1664/1439
f 1516/1663/1438 1481/1665/1440 1480/1664/1439
f 1501/1666/1441 1466/1667/1442 1465/1662/1437
f 1481/1665/1440 1518/1668/1443 1482/1669/1444
f 1518/1668/1443 1483/1670/1445 1482/1669/1444
f 1502/1671/1446 1467/1672/1447 1466/1667/1442
f 1519/1673/1448 1484/1674/1449 1483/1670/1445
f 1484/1674/1449 1521/1675/1450 1485/1676/1451
f 1467/1672/1447 1504/1677/1452 1468/1678/1453
f 1521/1675/1450 1486/1679/1454 1485/1676/1451
f 1522/1680/1455 1487/1681/1456 1486/1679/1454
f 1504/1677/1452 1469/1682/1457 1468/1678/1453
f 1523/1683/1458 1488/1684/1459 1487/1681/1456
f 1524/1685/1460 1489/1686/1461 1488/1684/1459
f 1469/1682/1457 1506/1687/1462 1470/1688/1463
f 1525/1689/1464 1490/1690/1465 1489/1686/1461
f 1526/1691/1466 1491/1692/1467 1490/1690/1465
f 1506/1687/1462 1471/1693/1468 1470/1688/1463
f 1527/1694/1469 1492/1695/1470 1491/1692/1467
f 1528/1696/1471 1493/1636/1411 1492/1695/1470
f 1507/1697/1472 1472/1646/1421 1471/1693/1468
f 1493/1636/1473 1246/872/1474 1238/873/1473
f 1530/1698/1412 1457/885/716 1458/980/811
f 1473/1641/1475 1086/925/1476 1078/926/1475
f 1510/1699/1477 1437/937/768 1438/936/767
f 1246/872/1474 1495/1642/1478 1254/1134/1478
f 1531/1700/1424 1458/980/811 1459/1144/975
f 1497/1645/1479 1278/1095/1480 1270/1012/1479
f 1534/1701/1422 1461/1023/854 1462/1022/853
f 1472/1646/1481 1078/926/1475 1070/1052/1481
f 1437/937/768 1508/1702/1482 1436/1061/892
f 1498/1644/1480 998/1094/1483 1278/1095/1480
f 1499/1703/1484 1462/1022/853 1427/1233/1064
f 1495/1642/1478 1262/1205/1485 1254/1134/1478
f 1532/1704/1486 1459/1144/975 1460/1143/974
f 1474/1640/1476 1094/1213/1487 1086/925/1476
f 1511/1705/1426 1438/936/767 1439/1215/1046
f 1496/1650/1485 1270/1012/1479 1262/1205/1485
f 1461/1023/854 1532/1704/1486 1460/1143/974
f 1475/1652/1487 1102/1212/1488 1094/1213/1487
f 1512/1706/1428 1439/1215/1046 1440/1223/1054
f 1476/1654/1488 1110/1221/1489 1102/1212/1488
f 1513/1707/1433 1440/1223/1054 1441/1243/1074
f 1463/1648/1483 1006/1231/1490 998/1094/1483
f 1428/1263/1094 1499/1703/1484 1427/1233/1064
f 1477/1655/1489 1118/1251/1491 1110/1221/1489
f 1442/1242/1073 1513/1707/1433 1441/1243/1074
f 1478/1659/1491 1126/1270/1492 1118/1251/1491
f 1443/1253/1084 1514/1708/1493 1442/1242/1073
f 1464/1657/1490 1014/1261/1494 1006/1231/1490
f 1501/1709/1441 1428/1263/1094 1429/1262/1093
f 1479/1661/1492 1134/1282/1495 1126/1270/1492
f 1516/1710/1438 1443/1253/1084 1444/1284/1115
f 1480/1664/1495 1142/1281/1496 1134/1282/1495
f 1517/1711/1497 1444/1284/1115 1445/1303/1134
f 1465/1662/1494 1022/1291/1498 1014/1261/1494
f 1502/1712/1446 1429/1262/1093 1430/1324/1155
f 1481/1665/1496 1150/1301/1499 1142/1281/1496
f 1446/1314/1145 1517/1711/1497 1445/1303/1134
f 1482/1669/1499 1158/1312/1500 1150/1301/1499
f 1519/1713/1448 1446/1314/1145 1447/1333/1164
f 1022/1291/1498 1467/1672/1501 1030/1322/1501
f 1503/1714/1502 1430/1324/1155 1431/1354/1185
f 1158/1312/1500 1484/1674/1503 1166/1341/1503
f 1520/1715/1504 1447/1333/1164 1448/1343/1174
f 1166/1341/1503 1485/1676/1505 1174/1340/1505
f 1521/1716/1450 1448/1343/1174 1449/1342/1173
f 1467/1672/1501 1038/1352/1506 1030/1322/1501
f 1432/1383/1214 1503/1714/1502 1431/1354/1185
f 1174/1340/1505 1486/1679/1507 1182/1363/1507
f 1450/1372/1203 1521/1716/1450 1449/1342/1173
f 1182/1363/1507 1487/1681/1508 1190/1392/1508
f 1523/1717/1458 1450/1372/1203 1451/1371/1202
f 1468/1678/1506 1046/1411/1509 1038/1352/1506
f 1433/1382/1213 1504/1718/1452 1432/1383/1214
f 1487/1681/1508 1198/1391/1510 1190/1392/1508
f 1524/1719/1460 1451/1371/1202 1452/1394/1225
f 1488/1684/1510 1206/1422/1511 1198/1391/1510
f 1525/1720/1464 1452/1394/1225 1453/1424/1255
f 1469/1682/1509 1054/1410/1512 1046/1411/1509
f 1434/1442/1273 1505/1721/1513 1433/1382/1213
f 1489/1686/1511 1214/1421/1514 1206/1422/1511
f 1526/1722/1466 1453/1424/1255 1454/1434/1265
f 1490/1690/1514 1222/1432/1515 1214/1421/1514
f 1455/1450/1281 1526/1722/1466 1454/1434/1265
f 1470/1688/1512 1062/1461/1516 1054/1410/1512
f 1507/1723/1472 1434/1442/1273 1435/1462/1293
f 1491/1692/1515 1230/1457/1517 1222/1432/1515
f 1528/1724/1471 1455/1450/1281 1456/1458/1289
f 1230/1457/1517 1493/1636/1473 1238/873/1473
f 1529/1725/1518 1456/1458/1289 1457/885/716
f 1471/1693/1516 1070/1052/1481 1062/1461/1516
f 1508/1702/1482 1435/1462/1293 1436/1061/892
f 1568/1726/688 1272/842/1519 1264/844/1520
f 1565/1727/742 1248/897/1521 1240/898/1522
f 1080/947/1523 1546/1728/1033 1088/946/1524
f 1566/1729/833 1256/989/1525 1248/897/1521
f 1569/1730/687 1280/1034/1526 1272/842/1519
f 1544/1731/913 1080/947/1523 1072/1071/1527
f 1570/1732/956 1000/1114/1528 1280/1034/1526
f 1256/989/1525 1568/1726/688 1264/844/1520
f 1546/1728/1033 1096/1192/1529 1088/946/1524
f 1547/1733/1032 1104/1216/1530 1096/1192/1529
f 1548/1734/1057 1112/1224/1531 1104/1216/1530
f 1535/1735/1067 1008/1234/1532 1000/1114/1528
f 1549/1736/1077 1120/1244/1533 1112/1224/1531
f 1550/1737/1087 1128/1254/1534 1120/1244/1533
f 1536/1738/1097 1016/1264/1535 1008/1234/1532
f 1551/1739/1107 1136/1274/1536 1128/1254/1534
f 1552/1740/1117 1144/1305/1537 1136/1274/1536
f 1016/1264/1535 1538/1741/1158 1024/1294/1538
f 1553/1742/1138 1152/1304/1539 1144/1305/1537
f 1554/1743/1148 1160/1315/1540 1152/1304/1539
f 1538/1741/1158 1032/1325/1541 1024/1294/1538
f 1555/1744/1167 1168/1334/1542 1160/1315/1540
f 1556/1745/1177 1176/1344/1543 1168/1334/1542
f 1539/1746/1188 1040/1355/1544 1032/1325/1541
f 1176/1344/1543 1558/1747/1197 1184/1374/1545
f 1558/1747/1197 1192/1373/1546 1184/1374/1545
f 1040/1355/1544 1541/1748/1247 1048/1384/1547
f 1559/1749/1228 1200/1395/1548 1192/1373/1546
f 1560/1750/1227 1208/1404/1549 1200/1395/1548
f 1541/1748/1247 1056/1414/1550 1048/1384/1547
f 1561/1751/1258 1216/1425/1551 1208/1404/1549
f 1562/1752/1267 1224/1452/1552 1216/1425/1551
f 1542/1753/1275 1064/1463/1553 1056/1414/1550
f 1563/1754/1285 1232/1451/1554 1224/1452/1552
f 1564/1755/1290 1240/898/1522 1232/1451/1554
f 1064/1463/1553 1544/1731/913 1072/1071/1527
f 1572/1756/1555 1607/1757/1556 1608/1758/1557
f 1571/1759/1558 1609/1760/1559 1607/1757/1556
f 1573/1761/1560 1608/1758/1557 1610/1762/1561
f 1609/1760/1559 1574/1763/1562 1611/1764/1563
f 1605/1765/1564 1610/1762/1561 1612/1766/1565
f 1574/1763/1562 1613/1767/1566 1611/1764/1563
f 1604/1768/20 1612/1766/1565 1614/1769/1567
f 1613/1767/1566 1575/1770/1568 1615/1771/1569
f 1602/1772/1570 1614/1769/1567 1616/1773/1571
f 1575/1770/1568 1617/1774/1572 1615/1771/1569
f 1618/1775/1573 1602/1772/1570 1616/1773/1571
f 1600/1776/320 1619/1777/1574 1617/1774/1572
f 1620/1778/1575 1601/1779/1576 1618/1775/1573
f 1576/1780/1577 1621/1781/1578 1619/1777/1574
f 1622/1782/1579 1599/1783/1580 1620/1778/1575
f 1577/1784/1581 1623/1785/1582 1621/1781/1578
f 1597/1786/1583 1622/1782/1579 1624/1787/1584
f 1596/1788/1585 1625/1789/1586 1623/1785/1582
f 1595/1790/1587 1624/1787/1584 1626/1791/1588
f 1594/1792/1589 1627/1793/1590 1625/1789/1586
f 1593/1794/1591 1626/1791/1588 1628/1795/1592
f 1627/1793/1590 1591/1796/1593 1629/1797/1594
f 1592/1798/1595 1628/1795/1592 1630/1799/1596
f 1591/1796/1593 1631/1800/1597 1629/1797/1594
f 1590/1801/122 1630/1799/1596 1632/1802/1598
f 1631/1800/1597 1580/1803/1599 1633/1804/1600
f 1589/1805/1601 1632/1802/1598 1634/1806/1602
f 1580/1803/1599 1635/1807/1603 1633/1804/1600
f 1588/1808/1604 1634/1806/1602 1636/1809/1605
f 1581/1810/237 1637/1811/1606 1635/1807/1603
f 1587/1812/1607 1636/1809/1605 1638/1813/1608
f 1586/1814/1609 1639/1815/1610 1637/1811/1606
f 1640/1816/1611 1587/1812/1607 1638/1813/1608
f 1582/1817/1612 1641/1818/1613 1639/1815/1610
f 1584/1819/1614 1640/1816/1611 1642/1820/1615
f 1583/1821/1616 1642/1820/1615 1641/1818/1613
f 1644/1822/1617 1583/1821/1616 1643/1823/1618
f 1583/1821/1616 1645/1824/1619 1643/1823/1618
f 1585/1825/1620 1644/1822/1617 1646/1826/1621
f 1645/1824/1619 1586/1814/1609 1647/1827/1622
f 1587/1812/1607 1646/1826/1621 1648/1828/1623
f 1586/1814/1609 1649/1829/1624 1647/1827/1622
f 1588/1808/1604 1648/1828/1623 1650/1830/1625
f 1581/1810/237 1651/1831/1626 1649/1829/1624
f 1589/1805/1601 1650/1830/1625 1652/1832/1627
f 1580/1803/1599 1653/1833/1628 1651/1831/1626
f 1590/1801/122 1652/1832/1627 1654/1834/1629
f 1579/1835/1630 1655/1836/1631 1653/1833/1628
f 1592/1798/1595 1654/1834/1629 1656/1837/1632
f 1591/1796/1593 1657/1838/1633 1655/1836/1631
f 1593/1794/1591 1656/1837/1632 1658/1839/1634
f 1578/1840/1635 1659/1841/1636 1657/1838/1633
f 1660/1842/1637 1593/1794/1591 1658/1839/1634
f 1659/1841/1636 1596/1788/1585 1661/1843/1638
f 1662/1844/1639 1595/1790/1587 1660/1842/1637
f 1596/1788/1585 1663/1845/1640 1661/1843/1638
f 1598/1846/1641 1662/1844/1639 1664/1847/1642
f 1663/1845/1640 1576/1780/1577 1665/1848/1643
f 1599/1783/1580 1664/1847/1642 1666/1849/1644
f 1576/1780/1577 1667/1850/1645 1665/1848/1643
f 1601/1779/1576 1666/1849/1644 1668/1851/1646
f 1600/1776/320 1669/1852/1647 1667/1850/1645
f 1602/1772/1570 1668/1851/1646 1670/1853/1648
f 1575/1770/1568 1671/1854/1649 1669/1852/1647
f 1604/1768/20 1670/1853/1648 1672/1855/1650
f 1603/1856/1651 1673/1857/1652 1671/1854/1649
f 1605/1765/1564 1672/1855/1650 1674/1858/1653
f 1574/1763/1562 1675/1859/1654 1673/1857/1652
f 1676/1860/1655 1605/1765/1564 1674/1858/1653
f 1606/1861/1656 1677/1862/1657 1675/1859/1654
f 1572/1756/1555 1676/1860/1655 1678/1863/1658
f 1677/1862/1657 1572/1756/1555 1678/1863/1658
f 784/858/689 1632/1802/1598 1630/1799/1596
f 777/860/691 1634/1806/1602 1632/1802/1598
f 819/902/733 1630/1799/1596 1628/1795/1592
f 1628/1795/1592 840/939/770 819/902/733
f 1626/1791/1588 868/972/803 840/939/770
f 1624/1787/1584 903/1005/836 868/972/803
f 1622/1782/1579 931/1035/866 903/1005/836
f 952/1064/895 1620/1778/1575 1618/1775/1573
f 980/1097/928 1618/1775/1573 1616/1773/1571
f 1011/1126/957 1616/1773/1571 1614/1769/1567
f 1043/1157/988 1614/1769/1567 1612/1766/1565
f 1612/1766/1565 1067/1184/1015 1043/1157/988
f 1610/1762/1561 742/826/657 1067/1184/1015
f 1608/1758/1557 749/827/658 742/826/657
f 770/846/677 1607/1757/1556 1609/1760/1559
f 1609/1760/1559 791/877/708 770/846/677
f 1611/1764/1563 798/889/720 791/877/708
f 826/916/747 1613/1767/1566 1615/1771/1569
f 1615/1771/1569 833/928/759 826/916/747
f 1617/1774/1572 854/948/779 833/928/759
f 861/961/792 1619/1777/1574 1621/1781/1578
f 1621/1781/1578 875/982/813 861/961/792
f 896/994/825 1623/1785/1582 1625/1789/1586
f 910/1014/845 1625/1789/1586 1627/1793/1590
f 1627/1793/1590 917/1025/856 910/1014/845
f 1629/1797/1594 938/1046/877 917/1025/856
f 1631/1800/1597 945/1054/885 938/1046/877
f 966/1075/906 1633/1804/1600 1635/1807/1603
f 973/1086/917 1635/1807/1603 1637/1811/1606
f 1637/1811/1606 987/1106/937 973/1086/917
f 1003/1116/947 1639/1815/1610 1641/1818/1613
f 1003/1116/947 1642/1820/1615 1019/1135/966
f 1642/1820/1615 1027/1147/978 1019/1135/966
f 1051/1166/997 1640/1816/1611 1638/1813/1608
f 1638/1813/1608 1059/1174/1005 1051/1166/997
f 1636/1809/1605 1075/1194/1025 1059/1174/1005
f 959/1229/1060 1656/1837/1632 1654/1834/1629
f 889/1073/904 1654/1834/1629 1652/1832/1627
f 1123/1258/1089 1656/1837/1632 1099/1228/1059
f 1123/1258/1089 1660/1842/1637 1658/1839/1634
f 1662/1844/1639 1147/1289/1120 1171/1350/1181
f 1195/1349/1180 1662/1844/1639 1171/1350/1181
f 1664/1847/1642 1219/1379/1210 1666/1849/1644
f 1219/1379/1210 1668/1851/1646 1666/1849/1644
f 1670/1853/1648 1243/1439/1270 1267/1460/1291
f 1672/1855/1650 1267/1460/1291 924/1032/863
f 1674/1858/1653 924/1032/863 805/901/732
f 1676/1860/1655 805/901/732 812/900/731
f 1678/1863/1658 812/900/731 1035/1210/1041
f 1035/1210/1041 1677/1862/1657 1678/1863/1658
f 1083/1220/1051 1675/1859/1654 1677/1862/1657
f 1673/1857/1652 1091/1239/1070 1107/1249/1080
f 1107/1249/1080 1671/1854/1649 1673/1857/1652
f 1669/1852/1647 1115/1269/1100 1131/1279/1110
f 1667/1850/1645 1131/1279/1110 1139/1299/1130
f 1139/1299/1130 1665/1848/1643 1667/1850/1645
f 1163/1309/1140 1665/1848/1643 1155/1298/1129
f 1661/1843/1638 1163/1309/1140 1179/1339/1170
f 1179/1339/1170 1659/1841/1636 1661/1843/1638
f 1657/1838/1633 1187/1360/1191 1203/1369/1200
f 1203/1369/1200 1655/1836/1631 1657/1838/1633
f 1211/1389/1220 1653/1833/1628 1655/1836/1631
f 1651/1831/1626 1227/1388/1219 1235/1419/1250
f 1649/1829/1624 1235/1419/1250 1251/1430/1261
f 1647/1827/1622 1251/1430/1261 1259/1429/1260
f 1259/1429/1260 1645/1824/1619 1647/1827/1622
f 1643/1823/1618 1275/1446/1277 756/841/672
f 756/841/672 1644/1822/1617 1643/1823/1618
f 763/840/671 1646/1826/1621 1644/1822/1617
f 847/945/776 1648/1828/1623 1646/1826/1621
f 1648/1828/1623 882/991/822 1650/1830/1625
f 1652/1832/1627 882/991/822 889/1073/904
f 1718/1864/403 1679/1865/403 1717/1866/403
f 1719/1867/403 1679/1865/403 1718/1864/403
f 1720/1868/403 1679/1865/403 1719/1867/403
f 1721/1869/403 1679/1865/403 1720/1868/403
f 1722/1870/403 1679/1865/403 1721/1869/403
f 1723/1871/403 1679/1865/403 1722/1870/403
f 1724/1872/403 1679/1865/403 1723/1871/403
f 1725/1873/403 1679/1865/403 1724/1872/403
f 1726/1874/403 1679/1865/403 1725/1873/403
f 1727/1875/403 1679/1865/403 1726/1874/403
f 1728/1876/403 1679/1865/403 1727/1875/403
f 1717/1866/403 1679/1865/403 1728/1876/403
f 1680/1877/718 1692/1878/718 1681/1879/718
f 1681/1879/718 1692/1878/718 1682/1880/718
f 1682/1880/718 1692/1878/718 1683/1881/718
f 1683/1881/718 1692/1878/718 1684/1882/718
f 1684/1882/718 1692/1878/718 1685/1883/718
f 1685/1883/718 1692/1878/718 1686/1884/718
f 1686/1884/718 1692/1878/718 1687/1885/718
f 1687/1885/718 1692/1878/718 1688/1886/718
f 1688/1886/718 1692/1878/718 1689/1887/718
f 1689/1887/718 1692/1878/718 1690/1888/718
f 1690/1888/718 1692/1878/718 1691/1889/718
f 1691/1889/718 1692/1878/718 1680/1877/718
f 1694/1890/1587 1680/1877/122 1681/1879/1587
f 1695/1891/1580 1681/1879/1587 1682/1880/1580
f 1696/1892/20 1682/1880/1580 1683/1881/20
f 1697/1893/1555 1683/1881/20 1684/1882/1555
f 1698/1894/1562 1684/1882/1555 1685/1883/1562
f 1699/1895/320 1685/1883/1562 1686/1884/320
f 1700/1896/1585 1686/1884/320 1687/1885/1585
f 1701/1897/1593 1687/1885/1585 1688/1886/1593
f 1702/1898/237 1688/1886/1593 1689/1887/237
f 1703/1899/1616 1689/1887/237 1690/1888/1616
f 1704/1900/1607 1690/1888/1616 1691/1889/1607
f 1693/1901/122 1691/1889/1607 1680/1877/122
f 1694/1890/403 1705/1902/403 1693/1901/403
f 1707/1903/403 1694/1890/403 1695/1891/403
f 1696/1892/403 1707/1903/403 1695/1891/403
f 1709/1904/403 1696/1892/403 1697/1893/403
f 1698/1894/403 1709/1904/403 1697/1893/403
f 1711/1905/403 1698/1894/403 1699/1895/403
f 1700/1896/403 1711/1905/403 1699/1895/403
f 1701/1897/403 1712/1906/403 1700/1896/403
f 1702/1898/403 1713/1907/403 1701/1897/403
f 1715/1908/403 1702/1898/403 1703/1899/403
f 1716/1909/403 1703/1899/403 1704/1900/403
f 1705/1902/403 1704/1900/403 1693/1901/403
f 1706/1910/1659 1730/1911/1660 1705/1902/1661
f 1707/1903/1662 1732/1912/1663 1706/1910/1659
f 1708/1913/1664 1734/1914/1665 1707/1903/1662
f 1738/1915/1666 1708/1913/1664 1709/1904/1667
f 1740/1916/1668 1709/1904/1667 1710/1917/1669
f 1742/1918/1670 1710/1917/1669 1711/1905/1671
f 1744/1919/1672 1711/1905/1671 1712/1906/1673
f 1746/1920/1674 1712/1906/1673 1713/1907/1675
f 1748/1921/1676 1713/1907/1675 1714/1922/1677
f 1715/1908/1678 1748/1921/1676 1714/1922/1677
f 1716/1909/1679 1750/1923/1680 1715/1908/1678
f 1705/1902/1661 1752/1924/1681 1716/1909/1679
f 1732/1912/1663 1729/1925/1682 1730/1911/1660
f 1731/1926/1683 1717/1866/1684 1729/1925/1682
f 1734/1914/1665 1731/1926/1683 1732/1912/1663
f 1733/1927/1685 1718/1864/1686 1731/1926/1683
f 1736/1928/1687 1733/1927/1685 1734/1914/1665
f 1735/1929/1688 1719/1867/1689 1733/1927/1685
f 1737/1930/1690 1736/1928/1687 1738/1915/1666
f 1721/1869/1691 1735/1929/1688 1737/1930/1690
f 1739/1931/1692 1738/1915/1666 1740/1916/1668
f 1722/1870/1693 1737/1930/1690 1739/1931/1692
f 1741/1932/1694 1740/1916/1668 1742/1918/1670
f 1723/1871/1695 1739/1931/1692 1741/1932/1694
f 1743/1933/1696 1742/1918/1670 1744/1919/1672
f 1724/1872/1697 1741/1932/1694 1743/1933/1696
f 1745/1934/1698 1744/1919/1672 1746/1920/1674
f 1725/1873/1699 1743/1933/1696 1745/1934/1698
f 1747/1935/1700 1746/1920/1674 1748/1921/1676
f 1726/1874/1701 1745/1934/1698 1747/1935/1700
f 1750/1923/1680 1747/1935/1700 1748/1921/1676
f 1749/1936/1702 1726/1874/1701 1747/1935/1700
f 1752/1924/1681 1749/1936/1702 1750/1923/1680
f 1751/1937/1703 1727/1875/1704 1749/1936/1702
f 1730/1911/1660 1751/1937/1703 1752/1924/1681
f 1729/1925/1682 1728/1876/1705 1751/1937/1703
f 1792/1938/403 1753/1939/403 1791/1940/403
f 1793/1941/403 1753/1939/403 1792/1938/403
f 1794/1942/403 1753/1939/403 1793/1941/403
f 1795/1943/403 1753/1939/403 1794/1942/403
f 1796/1944/403 1753/1939/403 1795/1943/403
f 1797/1945/403 1753/1939/403 1796/1944/403
f 1798/1946/403 1753/1939/403 1797/1945/403
f 1799/1947/403 1753/1939/403 1798/1946/403
f 1800/1948/403 1753/1939/403 1799/1947/403
f 1801/1949/403 1753/1939/403 1800/1948/403
f 1802/1950/403 1753/1939/403 1801/1949/403
f 1791/1940/403 1753/1939/403 1802/1950/403
f 1754/1951/718 1766/1952/718 1755/1953/718
f 1755/1953/718 1766/1952/718 1756/1954/718
f 1756/1954/718 1766/1952/718 1757/1955/718
f 1757/1955/718 1766/1952/718 1758/1956/718
f 1758/1956/718 1766/1952/718 1759/1957/718
f 1759/1957/718 1766/1952/718 1760/1958/718
f 1760/1958/718 1766/1952/718 1761/1959/718
f 1761/1959/718 1766/1952/718 1762/1960/718
f 1762/1960/718 1766/1952/718 1763/1961/718
f 1763/1961/718 1766/1952/718 1764/1962/718
f 1764/1962/718 1766/1952/718 1765/1963/718
f 1765/1963/718 1766/1952/718 1754/1951/718
f 1768/1964/237 1754/1951/1593 1755/1953/237
f 1769/1965/1616 1755/1953/237 1756/1954/1616
f 1770/1966/1607 1756/1954/1616 1757/1955/1607
f 1771/1967/122 1757/1955/1607 1758/1956/122
f 1772/1968/1587 1758/1956/122 1759/1957/1587
f 1773/1969/1580 1759/1957/1587 1760/1958/1580
f 1774/1970/20 1760/1958/1580 1761/1959/20
f 1775/1971/1555 1761/1959/20 1762/1960/1555
f 1776/1972/1562 1762/1960/1555 1763/1961/1562
f 1777/1973/320 1763/1961/1562 1764/1962/320
f 1778/1974/1585 1764/1962/320 1765/1963/1585
f 1767/1975/1593 1765/1963/1585 1754/1951/1593
f 1768/1964/403 1779/1976/403 1767/1975/403
f 1781/1977/403 1768/1964/403 1769/1965/403
f 1782/1978/403 1769/1965/403 1770/1966/403
f 1783/1979/403 1770/1966/403 1771/1967/403
f 1772/1968/403 1783/1979/403 1771/1967/403
f 1785/1980/403 1772/1968/403 1773/1969/403
f 1774/1970/403 1785/1980/403 1773/1969/403
f 1787/1981/403 1774/1970/403 1775/1971/403
f 1788/1982/403 1775/1971/403 1776/1972/403
f 1789/1983/403 1776/1972/403 1777/1973/403
f 1790/1984/403 1777/1973/403 1778/1974/403
f 1767/1975/403 1790/1984/403 1778/1974/403
f 1780/1985/1706 1804/1986/1707 1779/1976/1708
f 1781/1977/1709 1806/1987/1710 1780/1985/1706
f 1782/1978/1711 1808/1988/1712 1781/1977/1709
f 1812/1989/1713 1782/1978/1711 1783/1979/1714
f 1814/1990/1715 1783/1979/1714 1784/1991/1716
f 1816/1992/1717 1784/1991/1716 1785/1980/1718
f 1818/1993/1719 1785/1980/1718 1786/1994/1720
f 1820/1995/1721 1786/1994/1720 1787/1981/1722
f 1822/1996/1723 1787/1981/1722 1788/1982/1724
f 1789/1983/1725 1822/1996/1723 1788/1982/1724
f 1790/1984/1726 1824/1997/1727 1789/1983/1725
f 1779/1976/1708 1826/1998/1728 1790/1984/1726
f 1806/1987/1710 1803/1999/1729 1804/1986/1707
f 1805/2000/1730 1791/1940/1731 1803/1999/1729
f 1808/1988/1712 1805/2000/1730 1806/1987/1710
f 1807/2001/1732 1792/1938/1733 1805/2000/1730
f 1810/2002/1734 1807/2001/1732 1808/1988/1712
f 1809/2003/1735 1793/1941/1736 1807/2001/1732
f 1811/2004/1737 1810/2002/1734 1812/1989/1713
f 1795/1943/1738 1809/2003/1735 1811/2004/1737
f 1813/2005/1739 1812/1989/1713 1814/1990/1715
f 1796/1944/1740 1811/2004/1737 1813/2005/1739
f 1815/2006/1741 1814/1990/1715 1816/1992/1717
f 1797/1945/1742 1813/2005/1739 1815/2006/1741
f 1817/2007/1743 1816/1992/1717 1818/1993/1719
f 1798/1946/1744 1815/2006/1741 1817/2007/1743
f 1819/2008/1745 1818/1993/1719 1820/1995/1721
f 1799/1947/1746 1817/2007/1743 1819/2008/1745
f 1821/2009/1747 1820/1995/1721 1822/1996/1723
f 1800/1948/1748 1819/2008/1745 1821/2009/1747
f 1824/1997/1727 1821/2009/1747 1822/1996/1723
f 1823/2010/1749 1800/1948/1748 1821/2009/1747
f 1826/1998/1728 1823/2010/1749 1824/1997/1727
f 1825/2011/1750 1801/1949/1751 1823/2010/1749
f 1804/1986/1707 1825/2011/1750 1826/1998/1728
f 1803/1999/1729 1802/1950/1752 1825/2011/1750
f 1866/2012/403 1827/2013/403 1865/2014/403
f 1867/2015/403 1827/2013/403 1866/2012/403
f 1868/2016/403 1827/2013/403 1867/2015/403
f 1869/2017/403 1827/2013/403 1868/2016/403
f 1870/2018/403 1827/2013/403 1869/2017/403
f 1871/2019/403 1827/2013/403 1870/2018/403
f 1872/2020/403 1827/2013/403 1871/2019/403
f 1873/2021/403 1827/2013/403 1872/2020/403
f 1874/2022/403 1827/2013/403 1873/2021/403
f 1875/2023/403 1827/2013/403 1874/2022/403
f 1876/2024/403 1827/2013/403 1875/2023/403
f 1865/2014/403 1827/2013/403 1876/2024/403
f 1828/2025/718 1840/2026/718 1829/2027/718
f 1829/2027/718 1840/2026/718 1830/2028/718
f 1830/2028/718 1840/2026/718 1831/2029/718
f 1831/2029/718 1840/2026/718 1832/2030/718
f 1832/2030/718 1840/2026/718 1833/2031/718
f 1833/2031/718 1840/2026/718 1834/2032/718
f 1834/2032/718 1840/2026/718 1835/2033/718
f 1835/2033/718 1840/2026/718 1836/2034/718
f 1836/2034/718 1840/2026/718 1837/2035/718
f 1837/2035/718 1840/2026/718 1838/2036/718
f 1838/2036/718 1840/2026/718 1839/2037/718
f 1839/2037/718 1840/2026/718 1828/2025/718
f 1842/2038/1562 1828/2025/1555 1829/2027/1562
f 1843/2039/320 1829/2027/1562 1830/2028/320
f 1844/2040/1585 1830/2028/320 1831/2029/1585
f 1845/2041/1593 1831/2029/1585 1832/2030/1593
f 1846/2042/237 1832/2030/1593 1833/2031/237
f 1847/2043/1616 1833/2031/237 1834/2032/1616
f 1848/2044/1607 1834/2032/1616 1835/2033/1607
f 1849/2045/122 1835/2033/1607 1836/2034/122
f 1850/2046/1587 1836/2034/122 1837/2035/1587
f 1851/2047/1580 1837/2035/1587 1838/2036/1580
f 1852/2048/20 1838/2036/1580 1839/2037/20
f 1841/2049/1555 1839/2037/20 1828/2025/1555
f 1842/2038/403 1853/2050/403 1841/2049/403
f 1855/2051/403 1842/2038/403 1843/2039/403
f 1844/2040/403 1855/2051/403 1843/2039/403
f 1857/2052/403 1844/2040/403 1845/2041/403
f 1846/2042/403 1857/2052/403 1845/2041/403
f 1859/2053/403 1846/2042/403 1847/2043/403
f 1860/2054/403 1847/2043/403 1848/2044/403
f 1849/2045/403 1860/2054/403 1848/2044/403
f 1862/2055/403 1849/2045/403 1850/2046/403
f 1851/2047/403 1862/2055/403 1850/2046/403
f 1852/2048/403 1863/2056/403 1851/2047/403
f 1853/2050/403 1852/2048/403 1841/2049/403
f 1854/2057/1753 1878/2058/1754 1853/2050/1755
f 1855/2051/1756 1880/2059/1757 1854/2057/1753
f 1856/2060/1758 1882/2061/1759 1855/2051/1756
f 1886/2062/1760 1856/2060/1758 1857/2052/1761
f 1888/2063/1762 1857/2052/1761 1858/2064/1763
f 1890/2065/1764 1858/2064/1763 1859/2053/1765
f 1892/2066/1766 1859/2053/1765 1860/2054/1767
f 1894/2067/1768 1860/2054/1767 1861/2068/1769
f 1896/2069/1770 1861/2068/1769 1862/2055/1771
f 1863/2056/1772 1896/2069/1770 1862/2055/1771
f 1864/2070/1773 1898/2071/1774 1863/2056/1772
f 1853/2050/1755 1900/2072/1775 1864/2070/1773
f 1880/2059/1757 1877/2073/1776 1878/2058/1754
f 1879/2074/1777 1865/2014/1778 1877/2073/1776
f 1882/2061/1759 1879/2074/1777 1880/2059/1757
f 1881/2075/1779 1866/2012/1780 1879/2074/1777
f 1884/2076/1781 1881/2075/1779 1882/2061/1759
f 1883/2077/1782 1867/2015/1783 1881/2075/1779
f 1885/2078/1784 1884/2076/1781 1886/2062/1760
f 1869/2017/1785 1883/2077/1782 1885/2078/1784
f 1887/2079/1786 1886/2062/1760 1888/2063/1762
f 1870/2018/1787 1885/2078/1784 1887/2079/1786
f 1889/2080/1788 1888/2063/1762 1890/2065/1764
f 1871/2019/1789 1887/2079/1786 1889/2080/1788
f 1891/2081/1790 1890/2065/1764 1892/2066/1766
f 1872/2020/1791 1889/2080/1788 1891/2081/1790
f 1893/2082/1792 1892/2066/1766 1894/2067/1768
f 1873/2021/1793 1891/2081/1790 1893/2082/1792
f 1895/2083/1794 1894/2067/1768 1896/2069/1770
f 1874/2022/1795 1893/2082/1792 1895/2083/1794
f 1898/2071/1774 1895/2083/1794 1896/2069/1770
f 1897/2084/1796 1874/2022/1795 1895/2083/1794
f 1900/2072/1775 1897/2084/1796 1898/2071/1774
f 1899/2085/1797 1875/2023/1798 1897/2084/1796
f 1878/2058/1754 1899/2085/1797 1900/2072/1775
f 1877/2073/1776 1876/2024/1799 1899/2085/1797
f 51/1/1 50/21/14 38/2/2
f 40/4/1 52/2086/1800 51/1/1
f 53/5/3 52/2086/1800 40/4/1
f 42/7/1 54/2087/1801 53/5/3
f 55/8/4 54/2087/1801 42/7/1
f 44/10/5 56/12/7 55/8/4
f 45/11/6 57/14/9 56/12/7
f 46/13/8 58/16/10 57/14/9
f 47/15/1 59/2088/1802 58/16/10
f 60/17/11 59/2088/1802 47/15/1
f 61/19/12 60/17/11 48/18/1
f 50/21/14 61/19/12 49/20/13
f 1/22/15 14/44/36 15/23/16
f 2/24/17 15/23/16 16/25/18
f 3/26/19 16/25/18 17/27/20
f 17/27/20 18/30/22 5/29/21
f 18/30/22 19/32/24 6/31/23
f 19/32/24 20/34/26 7/33/25
f 20/34/26 21/36/28 8/35/27
f 21/36/28 22/38/30 9/37/29
f 22/38/30 23/2089/237 10/39/31
f 10/39/31 23/2089/237 24/40/32
f 11/41/33 24/40/32 25/42/34
f 12/43/35 25/42/34 14/44/36
f 2/24/44 39/3/44 38/2/2
f 50/21/14 51/1/46 27/58/6
f 40/4/45 39/3/44 2/24/44
f 51/1/46 52/2086/1800 28/60/8
f 4/28/47 41/6/47 40/4/45
f 28/60/8 52/2086/1800 53/5/3
f 42/7/48 41/6/47 4/28/47
f 53/5/3 54/2087/1801 30/62/38
f 6/31/49 43/9/49 42/7/48
f 30/62/38 54/2087/1801 55/8/4
f 44/10/5 43/9/49 6/31/49
f 31/63/13 55/8/4 56/12/7
f 8/35/27 45/11/6 44/10/5
f 56/12/7 57/14/9 33/65/39
f 46/13/8 45/11/6 8/35/27
f 33/65/39 57/14/9 58/16/10
f 10/39/31 47/15/1803 46/13/8
f 58/16/10 59/2088/1802 35/67/41
f 48/18/50 47/15/1803 10/39/31
f 35/67/41 59/2088/1802 60/17/11
f 12/43/35 49/20/13 48/18/50
f 60/17/11 61/19/12 37/69/43
f 38/2/2 49/20/13 12/43/35
f 37/69/43 61/19/12 50/21/14
f 112/70/51 111/90/62 99/71/52
f 101/73/54 113/75/55 112/70/51
f 102/74/54 114/77/56 113/75/55
f 103/76/54 115/131/99 114/77/56
f 116/78/57 115/131/99 103/76/54
f 105/80/54 117/82/58 116/78/57
f 106/81/54 118/135/102 117/82/58
f 119/83/59 118/135/102 106/81/54
f 108/85/54 120/87/60 119/83/59
f 109/86/54 121/89/61 120/87/60
f 110/88/54 122/140/106 121/89/61
f 111/90/62 122/140/106 110/88/54
f 62/91/63 75/113/84 76/92/64
f 63/93/65 76/92/64 77/94/66
f 64/95/67 77/94/66 78/96/68
f 78/96/68 79/99/70 66/98/69
f 79/99/70 80/101/72 67/100/71
f 80/101/72 81/103/74 68/102/73
f 81/103/74 82/105/76 69/104/75
f 82/105/76 83/107/78 70/106/77
f 83/107/78 84/2090/281 71/108/79
f 71/108/79 84/2090/281 85/109/80
f 72/110/81 85/109/80 86/111/82
f 73/112/83 86/111/82 75/113/84
f 100/72/53 99/71/52 62/91/63
f 87/127/86 111/90/62 112/70/51
f 64/95/96 101/73/96 100/72/53
f 88/128/85 112/70/51 113/75/55
f 65/97/97 102/74/97 101/73/96
f 89/129/87 113/75/55 114/77/56
f 103/76/98 102/74/97 65/97/97
f 90/130/88 114/77/56 115/131/99
f 67/100/100 104/79/100 103/76/98
f 91/132/89 115/131/99 116/78/57
f 68/102/73 105/80/1804 104/79/100
f 116/78/57 117/82/58 93/134/52
f 106/81/101 105/80/1804 68/102/73
f 93/134/52 117/82/58 118/135/102
f 107/84/103 106/81/101 69/104/75
f 118/135/102 119/83/59 95/137/91
f 71/108/79 108/85/1805 107/84/103
f 95/137/91 119/83/59 120/87/60
f 109/86/104 108/85/1805 71/108/79
f 120/87/60 121/89/61 97/139/93
f 110/88/105 109/86/104 72/110/81
f 97/139/93 121/89/61 122/140/106
f 99/71/52 110/88/105 73/112/83
f 98/141/94 122/140/106 111/90/62
f 161/142/107 173/201/154 172/143/108
f 174/145/109 173/201/154 161/142/107
f 175/147/110 174/145/109 162/146/107
f 164/149/107 176/205/158 175/147/110
f 177/150/111 176/205/158 164/149/107
f 166/152/107 178/154/112 177/150/111
f 167/153/107 179/156/113 178/154/112
f 168/155/107 180/158/114 179/156/113
f 169/157/107 181/2091/1806 180/158/114
f 182/159/115 181/2091/1806 169/157/107
f 183/161/116 182/159/115 170/160/107
f 172/143/108 183/161/116 171/162/107
f 123/163/117 136/185/138 137/164/118
f 124/165/119 137/164/118 138/166/120
f 125/167/121 138/166/120 139/168/122
f 139/168/122 140/171/124 127/170/123
f 140/171/124 141/173/126 128/172/125
f 141/173/126 142/175/128 129/174/127
f 142/175/128 143/177/130 130/176/129
f 143/177/130 144/179/132 131/178/131
f 144/179/132 145/2092/320 132/180/133
f 132/180/133 145/2092/320 146/181/134
f 133/182/135 146/181/134 147/183/136
f 134/184/137 147/183/136 136/185/138
f 124/165/151 161/142/151 160/144/152
f 172/143/108 173/201/154 149/199/139
f 162/146/153 161/142/151 124/165/151
f 173/201/154 174/145/109 150/202/141
f 163/148/155 162/146/153 125/167/153
f 174/145/109 175/147/110 151/203/142
f 164/149/156 163/148/155 126/169/155
f 175/147/110 176/205/158 152/204/143
f 165/151/157 164/149/156 127/170/156
f 176/205/158 177/150/111 153/206/144
f 166/152/159 165/151/157 128/172/157
f 153/206/144 177/150/111 178/154/112
f 167/153/160 166/152/159 129/174/127
f 178/154/112 179/156/113 155/208/146
f 168/155/161 167/153/160 130/176/129
f 155/208/146 179/156/113 180/158/114
f 169/157/162 168/155/161 131/178/131
f 180/158/114 181/2091/1806 157/210/148
f 170/160/163 169/157/162 132/180/133
f 157/210/148 181/2091/1806 182/159/115
f 134/184/137 171/162/1807 170/160/163
f 182/159/115 183/161/116 159/212/150
f 160/144/152 171/162/1807 134/184/137
f 159/212/150 183/161/116 172/143/108
f 234/213/164 233/233/178 221/214/165
f 223/216/167 235/273/211 234/213/164
f 236/217/168 235/273/211 223/216/167
f 225/219/167 237/221/169 236/217/168
f 226/220/167 238/223/171 237/221/169
f 227/222/170 239/278/214 238/223/171
f 240/224/172 239/278/214 227/222/170
f 229/226/167 241/228/174 240/224/172
f 230/227/167 242/282/217 241/228/174
f 243/229/175 242/282/217 230/227/167
f 244/231/176 243/229/175 231/230/167
f 233/233/178 244/231/176 232/232/177
f 184/234/179 197/256/200 198/235/180
f 185/236/181 198/235/180 199/237/182
f 186/238/183 199/237/182 200/239/184
f 200/239/184 201/242/186 188/241/185
f 201/242/186 202/244/188 189/243/187
f 202/244/188 203/246/190 190/245/189
f 203/246/190 204/248/192 191/247/191
f 204/248/192 205/250/194 192/249/193
f 205/250/194 206/2093/371 193/251/195
f 193/251/195 206/2093/371 207/252/196
f 194/253/197 207/252/196 208/254/198
f 195/255/199 208/254/198 197/256/200
f 185/236/208 222/215/166 221/214/165
f 209/270/170 233/233/178 234/213/164
f 223/216/209 222/215/166 185/236/208
f 234/213/164 235/273/211 211/272/201
f 187/240/210 224/218/210 223/216/209
f 235/273/211 236/217/168 212/274/202
f 188/241/212 225/219/212 224/218/210
f 236/217/168 237/221/169 213/275/203
f 226/220/213 225/219/212 188/241/212
f 237/221/169 238/223/171 214/276/177
f 227/222/170 226/220/213 189/243/213
f 238/223/171 239/278/214 215/277/165
f 191/247/191 228/225/173 227/222/170
f 239/278/214 240/224/172 216/279/166
f 229/226/215 228/225/173 191/247/191
f 240/224/172 241/228/174 217/280/204
f 193/251/195 230/227/1808 229/226/215
f 241/228/174 242/282/217 218/281/205
f 231/230/216 230/227/1808 193/251/195
f 242/282/217 243/229/175 219/283/206
f 195/255/199 232/232/177 231/230/216
f 243/229/175 244/231/176 220/284/207
f 184/234/179 221/214/165 232/232/177
f 244/231/176 233/233/178 209/270/170
f 283/285/218 295/289/222 294/286/219
f 284/288/221 296/291/218 295/289/222
f 285/290/223 297/346/218 296/291/218
f 298/292/218 297/346/218 285/290/223
f 299/294/225 298/292/218 286/293/224
f 300/296/226 299/294/225 287/295/218
f 289/298/228 301/300/229 300/296/226
f 290/299/218 302/352/261 301/300/229
f 303/301/230 302/352/261 290/299/218
f 304/303/231 303/301/230 291/302/218
f 305/305/232 304/303/231 292/304/218
f 294/286/219 305/305/232 293/306/233
f 245/307/234 258/329/247 259/308/235
f 246/309/28 259/308/235 260/310/236
f 247/311/30 260/310/236 261/312/237
f 261/312/237 262/315/238 249/314/32
f 262/315/238 263/317/239 250/316/34
f 263/317/239 264/319/241 251/318/240
f 264/319/241 265/321/17 252/320/242
f 265/321/17 266/323/19 253/322/243
f 266/323/19 267/2094/20 254/324/244
f 254/324/244 267/2094/20 268/325/21
f 255/326/245 268/325/21 269/327/23
f 256/328/246 269/327/23 258/329/247
f 246/309/252 283/285/252 282/287/220
f 294/286/219 295/289/222 271/343/253
f 247/311/254 284/288/221 283/285/252
f 295/289/222 296/291/255 272/345/255
f 285/290/223 284/288/221 247/311/254
f 272/345/255 296/291/255 297/346/257
f 249/314/258 286/293/224 285/290/223
f 297/346/257 298/292/262 274/348/249
f 287/295/259 286/293/224 249/314/258
f 274/348/249 298/292/262 299/294/225
f 288/297/227 287/295/259 250/316/259
f 275/349/260 299/294/225 300/296/226
f 252/320/242 289/298/228 288/297/227
f 300/296/226 301/300/229 277/351/250
f 253/322/243 290/299/255 289/298/228
f 277/351/250 301/300/229 302/352/261
f 254/324/244 291/302/257 290/299/255
f 278/353/221 302/352/261 303/301/230
f 292/304/262 291/302/257 254/324/244
f 303/301/230 304/303/231 280/355/224
f 293/306/233 292/304/262 255/326/245
f 304/303/231 305/305/232 281/356/251
f 245/307/234 282/287/220 293/306/233
f 281/356/251 305/305/232 294/286/219
f 356/357/263 355/378/277 343/358/264
f 357/360/266 356/357/263 344/359/265
f 358/362/267 357/360/266 345/361/265
f 347/364/265 359/2095/1809 358/362/267
f 360/365/268 359/2095/1809 347/364/265
f 349/367/269 361/369/271 360/365/268
f 350/368/270 362/371/272 361/369/271
f 351/370/265 363/373/273 362/371/272
f 352/372/265 364/424/305 363/373/273
f 365/374/274 364/424/305 352/372/265
f 366/376/275 365/374/274 353/375/265
f 355/378/277 366/376/275 354/377/276
f 306/379/278 319/401/291 320/380/279
f 307/381/76 320/380/279 321/382/280
f 308/383/78 321/382/280 322/384/281
f 322/384/281 323/387/282 310/386/80
f 323/387/282 324/389/283 311/388/82
f 324/389/283 325/391/285 312/390/284
f 325/391/285 326/393/65 313/392/286
f 326/393/65 327/395/67 314/394/287
f 327/395/67 328/2096/68 315/396/288
f 315/396/288 328/2096/68 329/397/69
f 316/398/289 329/397/69 330/399/71
f 317/400/290 330/399/71 319/401/291
f 307/381/299 344/359/299 343/358/264
f 355/378/277 356/357/263 332/415/270
f 308/383/300 345/361/300 344/359/299
f 332/415/270 356/357/263 357/360/266
f 309/385/301 346/363/301 345/361/300
f 357/360/266 358/362/267 334/418/293
f 347/364/302 346/363/301 309/385/301
f 358/362/267 359/2095/1809 335/419/294
f 311/388/303 348/366/303 347/364/302
f 335/419/294 359/2095/1809 360/365/268
f 349/367/269 348/366/303 311/388/303
f 360/365/268 361/369/271 337/421/264
f 350/368/270 349/367/269 312/390/284
f 337/421/264 361/369/271 362/371/272
f 351/370/304 350/368/270 313/392/286
f 362/371/272 363/373/273 339/423/296
f 315/396/288 352/372/1810 351/370/304
f 339/423/296 363/373/273 364/424/305
f 353/375/306 352/372/1810 315/396/288
f 340/425/297 364/424/305 365/374/274
f 317/400/290 354/377/276 353/375/306
f 341/426/298 365/374/274 366/376/275
f 343/358/264 354/377/276 317/400/290
f 366/376/275 355/378/277 331/416/269
f 417/428/307 416/448/316 404/429/308
f 406/431/308 418/487/346 417/428/307
f 419/432/309 418/487/346 406/431/308
f 408/434/308 420/436/310 419/432/309
f 409/435/308 421/491/350 420/436/310
f 422/437/311 421/491/350 409/435/308
f 411/439/308 423/441/312 422/437/311
f 412/440/308 424/495/353 423/441/312
f 425/442/313 424/495/353 412/440/308
f 426/444/314 425/442/313 413/443/308
f 427/446/315 426/444/314 414/445/308
f 416/448/316 427/446/315 415/447/308
f 367/449/317 380/471/330 381/450/318
f 368/451/130 381/450/318 382/452/319
f 369/453/132 382/452/319 383/454/320
f 383/454/320 384/457/321 371/456/134
f 384/457/321 385/459/322 372/458/136
f 385/459/322 386/461/324 373/460/323
f 386/461/324 387/463/119 374/462/325
f 387/463/119 388/465/121 375/464/326
f 388/465/121 389/2097/122 376/466/327
f 376/466/327 389/2097/122 390/467/123
f 377/468/328 390/467/123 391/469/125
f 378/470/329 391/469/125 380/471/330
f 368/451/343 405/430/343 404/429/344
f 416/448/316 417/428/307 393/485/331
f 406/431/345 405/430/343 368/451/343
f 393/485/331 417/428/307 418/487/346
f 370/455/347 407/433/347 406/431/345
f 394/488/333 418/487/346 419/432/309
f 408/434/348 407/433/347 370/455/347
f 419/432/309 420/436/310 396/490/335
f 372/458/349 409/435/349 408/434/348
f 396/490/335 420/436/310 421/491/350
f 410/438/351 409/435/349 372/458/349
f 397/492/336 421/491/350 422/437/311
f 374/462/325 411/439/1811 410/438/351
f 422/437/311 423/441/312 399/494/338
f 412/440/352 411/439/1811 374/462/325
f 399/494/338 423/441/312 424/495/353
f 413/443/354 412/440/352 375/464/326
f 424/495/353 425/442/313 401/497/340
f 414/445/355 413/443/354 376/466/327
f 401/497/340 425/442/313 426/444/314
f 378/470/329 415/447/1812 414/445/355
f 426/444/314 427/446/315 403/499/342
f 404/429/344 415/447/1812 378/470/329
f 403/499/342 427/446/315 416/448/316
f 478/500/356 477/520/367 465/501/357
f 467/503/357 479/559/394 478/500/356
f 480/504/358 479/559/394 467/503/357
f 481/506/359 480/504/358 468/505/357
f 482/508/360 481/506/359 469/507/357
f 471/510/357 483/512/361 482/508/360
f 472/511/357 484/566/399 483/512/361
f 485/513/362 484/566/399 472/511/357
f 486/515/364 485/513/362 473/514/363
f 487/517/366 486/515/364 474/516/365
f 476/519/357 488/570/401 487/517/366
f 477/520/367 488/570/401 476/519/357
f 428/521/368 441/543/381 442/522/369
f 429/523/192 442/522/369 443/524/370
f 430/525/194 443/524/370 444/526/371
f 444/526/371 445/529/372 432/528/196
f 445/529/372 446/531/373 433/530/198
f 446/531/373 447/533/375 434/532/374
f 447/533/375 448/535/181 435/534/376
f 448/535/181 449/537/183 436/536/377
f 449/537/183 450/2098/184 437/538/378
f 437/538/378 450/2098/184 451/539/185
f 438/540/379 451/539/185 452/541/187
f 439/542/380 452/541/187 441/543/381
f 466/502/392 465/501/1813 428/521/368
f 453/557/383 477/520/367 478/500/356
f 467/503/393 466/502/392 429/523/392
f 454/558/382 478/500/356 479/559/394
f 431/527/395 468/505/395 467/503/393
f 479/559/394 480/504/358 456/561/365
f 469/507/396 468/505/395 431/527/395
f 480/504/358 481/506/359 457/562/384
f 470/509/397 469/507/396 432/528/396
f 481/506/359 482/508/360 458/563/385
f 434/532/374 471/510/398 470/509/397
f 482/508/360 483/512/361 459/564/386
f 435/534/376 472/511/1814 471/510/398
f 483/512/361 484/566/399 460/565/387
f 473/514/363 472/511/1814 435/534/376
f 484/566/399 485/513/362 461/567/388
f 437/538/378 474/516/365 473/514/363
f 461/567/388 485/513/362 486/515/364
f 475/518/400 474/516/365 437/538/378
f 486/515/364 487/517/366 463/569/390
f 439/542/380 476/519/402 475/518/400
f 463/569/390 487/517/366 488/570/401
f 428/521/368 465/501/1813 476/519/402
f 488/570/401 477/520/367 453/557/383
f 491/609/440 490/675/506 706/610/441
f 492/612/443 491/609/440 707/611/442
f 493/614/445 492/612/443 708/613/444
f 494/616/447 493/614/445 709/615/446
f 495/618/449 494/616/447 710/617/448
f 496/620/451 495/618/449 711/619/450
f 713/622/453 497/682/513 496/620/451
f 498/623/454 497/682/513 713/622/453
f 499/625/456 498/623/454 714/624/455
f 500/627/458 499/625/456 715/626/457
f 501/629/460 500/627/458 716/628/459
f 502/631/462 501/629/460 717/630/461
f 719/633/464 503/688/519 502/631/462
f 504/634/465 503/688/519 719/633/464
f 505/636/467 504/634/465 720/635/466
f 506/638/469 505/636/467 721/637/468
f 507/640/471 506/638/469 722/639/470
f 724/642/473 508/693/524 507/640/471
f 509/643/474 508/693/524 724/642/473
f 510/645/476 509/643/474 725/644/475
f 511/647/478 510/645/476 726/646/477
f 512/649/480 511/647/478 727/648/479
f 513/651/482 512/649/480 728/650/481
f 730/653/484 514/655/486 513/651/482
f 731/654/485 515/700/531 514/655/486
f 516/656/487 515/700/531 731/654/485
f 517/658/489 516/656/487 732/657/488
f 518/660/491 517/658/489 733/659/490
f 519/662/493 518/660/491 734/661/492
f 520/664/495 519/662/493 735/663/494
f 521/666/497 520/664/495 736/665/496
f 738/668/499 522/670/501 521/666/497
f 739/669/500 523/672/503 522/670/501
f 740/671/502 524/674/505 523/672/503
f 741/673/504 525/711/542 524/674/505
f 490/675/506 525/711/542 741/673/504
f 527/676/507 526/712/543 490/675/506
f 528/677/508 527/676/507 491/609/440
f 493/614/445 529/716/547 528/677/508
f 530/678/509 529/716/547 493/614/445
f 531/679/510 530/678/509 494/616/447
f 532/680/511 531/679/510 495/618/449
f 533/681/512 532/680/511 496/620/451
f 534/683/514 533/681/512 497/682/513
f 535/684/515 534/683/514 498/623/454
f 536/685/516 535/684/515 499/625/456
f 537/686/517 536/685/516 500/627/458
f 502/631/462 538/724/555 537/686/517
f 539/687/518 538/724/555 502/631/462
f 540/689/520 539/687/518 503/688/519
f 541/690/521 540/689/520 504/634/465
f 542/691/522 541/690/521 505/636/467
f 543/692/523 542/691/522 506/638/469
f 508/693/524 544/729/560 543/692/523
f 545/694/525 544/729/560 508/693/524
f 546/695/526 545/694/525 509/643/474
f 511/647/478 547/733/564 546/695/526
f 548/696/527 547/733/564 511/647/478
f 549/697/528 548/696/527 512/649/480
f 550/698/529 549/697/528 513/651/482
f 551/699/530 550/698/529 514/655/486
f 552/701/532 551/699/530 515/700/531
f 553/702/533 552/701/532 516/656/487
f 554/703/534 553/702/533 517/658/489
f 555/704/535 554/703/534 518/660/491
f 556/705/536 555/704/535 519/662/493
f 557/706/537 556/705/536 520/664/495
f 558/707/538 557/706/537 521/666/497
f 559/708/539 558/707/538 522/670/501
f 560/709/540 559/708/539 523/672/503
f 561/710/541 560/709/540 524/674/505
f 526/712/543 561/710/541 525/711/542
f 563/713/544 562/744/575 526/712/543
f 564/714/545 563/713/544 527/676/507
f 565/715/546 564/714/545 528/677/508
f 566/717/548 565/715/546 529/716/547
f 567/718/549 566/717/548 530/678/509
f 532/680/511 568/750/581 567/718/549
f 569/719/550 568/750/581 532/680/511
f 570/720/551 569/719/550 533/681/512
f 571/721/552 570/720/551 534/683/514
f 572/722/553 571/721/552 535/684/515
f 573/723/554 572/722/553 536/685/516
f 538/724/555 574/755/586 573/723/554
f 575/725/556 574/755/586 538/724/555
f 576/726/557 575/725/556 539/687/518
f 541/690/521 577/759/590 576/726/557
f 578/727/558 577/759/590 541/690/521
f 543/692/523 579/762/593 578/727/558
f 580/728/559 579/762/593 543/692/523
f 581/730/561 580/728/559 544/729/560
f 582/731/562 581/730/561 545/694/525
f 583/732/563 582/731/562 546/695/526
f 584/734/565 583/732/563 547/733/564
f 585/735/566 584/734/565 548/696/527
f 550/698/529 586/768/599 585/735/566
f 587/736/567 586/768/599 550/698/529
f 588/737/568 587/736/567 551/699/530
f 589/738/569 588/737/568 552/701/532
f 554/703/534 590/772/603 589/738/569
f 591/739/570 590/772/603 554/703/534
f 592/740/571 591/739/570 555/704/535
f 593/741/572 592/740/571 556/705/536
f 594/742/573 593/741/572 557/706/537
f 559/708/539 595/776/607 594/742/573
f 596/743/574 595/776/607 559/708/539
f 561/710/541 597/778/609 596/743/574
f 562/744/575 597/778/609 561/710/541
f 599/745/576 598/779/610 562/744/575
f 600/746/577 599/745/576 563/713/544
f 565/715/546 601/781/612 600/746/577
f 602/747/578 601/781/612 565/715/546
f 603/748/579 602/747/578 566/717/548
f 604/749/580 603/748/579 567/718/549
f 605/751/582 604/749/580 568/750/581
f 570/720/551 606/788/619 605/751/582
f 607/752/583 606/788/619 570/720/551
f 608/753/584 607/752/583 571/721/552
f 609/754/585 608/753/584 572/722/553
f 574/755/586 610/791/622 609/754/585
f 611/756/587 610/791/622 574/755/586
f 612/757/588 611/756/587 575/725/556
f 613/758/589 612/757/588 576/726/557
f 614/760/591 613/758/589 577/759/590
f 615/761/592 614/760/591 578/727/558
f 580/728/559 616/798/629 615/761/592
f 617/763/594 616/798/629 580/728/559
f 618/764/595 617/763/594 581/730/561
f 583/732/563 619/801/632 618/764/595
f 620/765/596 619/801/632 583/732/563
f 621/766/597 620/765/596 584/734/565
f 622/767/598 621/766/597 585/735/566
f 623/769/600 622/767/598 586/768/599
f 588/737/568 624/807/638 623/769/600
f 625/770/601 624/807/638 588/737/568
f 626/771/602 625/770/601 589/738/569
f 627/773/604 626/771/602 590/772/603
f 592/740/571 628/809/640 627/773/604
f 629/774/605 628/809/640 592/740/571
f 594/742/573 630/813/644 629/774/605
f 631/775/606 630/813/644 594/742/573
f 632/777/608 631/775/606 595/776/607
f 597/778/609 633/816/647 632/777/608
f 598/779/610 633/816/647 597/778/609
f 635/780/611 634/817/648 598/779/610
f 600/746/577 636/782/613 635/780/611
f 601/781/612 637/818/649 636/782/613
f 638/783/614 637/818/649 601/781/612
f 639/784/615 638/783/614 602/747/578
f 640/785/616 639/784/615 603/748/579
f 641/786/617 640/785/616 604/749/580
f 642/787/618 641/786/617 605/751/582
f 643/789/620 642/787/618 606/788/619
f 644/790/621 643/789/620 607/752/583
f 609/754/585 645/792/623 644/790/621
f 610/791/622 646/819/650 645/792/623
f 647/793/624 646/819/650 610/791/622
f 648/794/625 647/793/624 611/756/587
f 613/758/589 649/820/651 648/794/625
f 650/795/626 649/820/651 613/758/589
f 651/796/627 650/795/626 614/760/591
f 652/797/628 651/796/627 615/761/592
f 653/799/630 652/797/628 616/798/629
f 618/764/595 654/821/652 653/799/630
f 655/800/631 654/821/652 618/764/595
f 656/802/633 655/800/631 619/801/632
f 657/803/634 656/802/633 620/765/596
f 658/804/635 657/803/634 621/766/597
f 659/805/636 658/804/635 622/767/598
f 660/806/637 659/805/636 623/769/600
f 625/770/601 661/822/653 660/806/637
f 662/808/639 661/822/653 625/770/601
f 627/773/604 663/810/641 662/808/639
f 628/809/640 664/823/654 663/810/641
f 665/811/642 664/823/654 628/809/640
f 666/812/643 665/811/642 629/774/605
f 631/775/606 667/824/655 666/812/643
f 668/814/645 667/824/655 631/775/606
f 669/815/646 668/814/645 632/777/608
f 598/779/610 634/817/648 669/815/646
f 635/780/611 671/592/423 670/591/422
f 672/593/424 671/592/423 635/780/611
f 673/594/425 672/593/424 636/782/613
f 674/595/426 673/594/425 637/818/649
f 675/596/427 674/595/426 638/783/614
f 676/597/428 675/596/427 639/784/615
f 677/598/429 676/597/428 640/785/616
f 678/599/430 677/598/429 641/786/617
f 679/600/431 678/599/430 642/787/618
f 680/601/432 679/600/431 643/789/620
f 645/792/623 681/602/433 680/601/432
f 646/819/650 682/603/434 681/602/433
f 683/604/435 682/603/434 646/819/650
f 684/605/436 683/604/435 647/793/624
f 649/820/651 685/606/437 684/605/436
f 686/607/438 685/606/437 649/820/651
f 687/608/439 686/607/438 650/795/626
f 688/573/404 687/608/439 651/796/627
f 653/799/630 689/574/405 688/573/404
f 690/575/406 689/574/405 653/799/630
f 655/800/631 691/576/407 690/575/406
f 692/577/408 691/576/407 655/800/631
f 693/578/409 692/577/408 656/802/633
f 694/579/410 693/578/409 657/803/634
f 695/580/411 694/579/410 658/804/635
f 696/581/412 695/580/411 659/805/636
f 697/582/413 696/581/412 660/806/637
f 662/808/639 698/583/414 697/582/413
f 663/810/641 699/584/415 698/583/414
f 700/585/416 699/584/415 663/810/641
f 701/586/417 700/585/416 664/823/654
f 702/587/418 701/586/417 665/811/642
f 703/588/419 702/587/418 666/812/643
f 704/589/420 703/588/419 667/824/655
f 705/590/421 704/589/420 668/814/645
f 670/591/422 705/590/421 669/815/646
f 834/825/656 827/829/660 742/826/657
f 835/828/659 828/831/662 827/829/660
f 836/830/661 829/833/664 828/831/662
f 837/832/663 830/835/666 829/833/664
f 837/832/663 838/850/681 831/834/665
f 1382/836/667 1380/1207/1038 1379/837/668
f 1236/839/670 1244/854/685 763/840/671
f 1272/842/673 1271/1021/852 1263/843/674
f 841/845/676 834/825/656 749/827/658
f 841/845/676 842/848/679 835/828/659
f 843/847/678 836/830/661 835/828/659
f 844/849/680 837/832/663 836/830/661
f 844/849/680 845/2099/1300 838/850/681
f 1384/851/682 1382/836/667 1381/838/669
f 1237/853/684 1245/956/787 1244/854/685
f 1265/855/686 1273/875/706 1569/856/687
f 784/858/689 750/861/692 743/859/690
f 750/861/692 751/864/695 744/862/693
f 752/863/694 745/866/697 744/862/693
f 753/865/696 746/868/699 745/866/697
f 754/867/698 747/1203/1034 746/868/699
f 1358/869/700 1356/1204/1035 1355/870/701
f 1246/872/703 1245/956/787 1237/853/684
f 1266/874/705 1274/888/719 1273/875/706
f 848/876/707 841/845/676 770/846/677
f 849/878/709 842/848/679 841/845/676
f 849/878/709 850/880/711 843/847/678
f 851/879/710 844/849/680 843/847/678
f 852/881/712 845/2099/1300 844/849/680
f 1386/882/713 1384/851/682 1383/852/683
f 1247/884/715 1458/980/811 1457/885/716
f 798/889/720 855/891/722 848/876/707
f 856/890/721 849/878/709 848/876/707
f 857/892/723 850/880/711 849/878/709
f 858/893/724 851/879/710 850/880/711
f 859/894/725 852/881/712 851/879/710
f 1388/895/726 1386/882/713 1385/883/714
f 1248/897/728 1247/884/715 1239/886/717
f 1076/899/730 1084/1155/986 812/900/731
f 819/902/733 757/904/735 750/861/692
f 758/903/734 751/864/695 750/861/692
f 759/905/736 752/863/694 751/864/695
f 760/906/737 753/865/696 752/863/694
f 761/907/738 754/867/698 753/865/696
f 1360/908/739 1358/869/700 1357/871/702
f 1249/910/741 1566/1002/833 1565/911/742
f 1085/913/744 1084/1155/986 1076/899/730
f 862/915/746 855/891/722 798/889/720
f 862/915/746 863/917/748 856/890/721
f 863/917/748 864/918/749 857/892/723
f 864/918/749 865/920/751 858/893/724
f 866/919/750 859/894/725 858/893/724
f 1390/921/752 1388/895/726 1387/896/727
f 1250/923/754 1249/910/741 1241/912/743
f 1086/925/756 1085/913/744 1077/914/745
f 869/927/758 862/915/746 826/916/747
f 870/929/760 863/917/748 862/915/746
f 871/930/761 864/918/749 863/917/748
f 872/931/762 865/920/751 864/918/749
f 873/932/763 866/919/750 865/920/751
f 1392/933/764 1390/921/752 1389/922/753
f 1079/935/766 1087/1183/1014 1438/936/767
f 764/938/769 757/904/735 819/902/733
f 765/940/771 758/903/734 757/904/735
f 766/941/772 759/905/736 758/903/734
f 766/941/772 767/943/774 760/906/737
f 768/942/773 761/907/738 760/906/737
f 1361/944/775 1362/978/809 1360/908/739
f 1244/854/685 1252/957/788 847/945/776
f 1088/946/777 1087/1183/1014 1079/935/766
f 854/948/779 876/949/780 869/927/758
f 876/949/780 877/951/782 870/929/760
f 878/950/781 871/930/761 870/929/760
f 879/952/783 872/931/762 871/930/761
f 880/953/784 873/932/763 872/931/762
f 1394/954/785 1392/933/764 1391/934/765
f 1245/956/787 1253/968/799 1252/957/788
f 1089/958/789 1546/1202/1033 1545/959/790
f 861/961/792 883/963/794 876/949/780
f 884/962/793 877/951/782 876/949/780
f 885/964/795 878/950/781 877/951/782
f 886/965/796 879/952/783 878/950/781
f 887/966/797 880/953/784 879/952/783
f 1395/967/798 1396/988/819 1394/954/785
f 1246/872/703 1254/1134/965 1253/968/799
f 1090/969/800 1089/958/789 1081/960/791
f 771/971/802 764/938/769 840/939/770
f 771/971/802 772/974/805 765/940/771
f 773/973/804 766/941/772 765/940/771
f 773/973/804 774/976/807 767/943/774
f 775/975/806 768/942/773 767/943/774
f 1363/977/808 1364/2100/1815 1362/978/809
f 1255/979/810 1459/1144/975 1458/980/811
f 890/981/812 883/963/794 861/961/792
f 891/983/814 884/962/793 883/963/794
f 891/983/814 892/985/816 885/964/795
f 893/984/815 886/965/796 885/964/795
f 894/986/817 887/966/797 886/965/796
f 1397/987/818 1398/1610/1385 1396/988/819
f 1256/989/820 1255/979/810 1247/884/715
f 1276/990/821 889/1073/904 882/991/822
f 897/993/824 890/981/812 875/982/813
f 897/993/824 898/996/827 891/983/814
f 899/995/826 892/985/816 891/983/814
f 900/997/828 893/984/815 892/985/816
f 901/998/829 894/986/817 893/984/815
f 1400/999/830 1398/1610/1385 1397/987/818
f 1257/1001/832 1567/1164/995 1566/1002/833
f 1269/1003/834 1277/1013/844 1276/990/821
f 778/1004/835 771/971/802 868/972/803
f 779/1006/837 772/974/805 771/971/802
f 780/1007/838 773/973/804 772/974/805
f 780/1007/838 781/1008/839 774/976/807
f 781/1008/839 782/2101/1326 775/975/806
f 1366/1009/840 1364/2100/1815 1363/977/808
f 1258/1011/842 1257/1001/832 1249/910/741
f 1270/1012/843 1278/1095/926 1277/1013/844
f 910/1014/845 904/1016/847 897/993/824
f 905/1015/846 898/996/827 897/993/824
f 906/1017/848 899/995/826 898/996/827
f 907/1018/849 900/997/828 899/995/826
f 907/1018/849 908/1029/860 901/998/829
f 1402/1019/850 1400/999/830 1399/1000/831
f 1271/1021/852 1279/1105/936 1462/1022/853
f 911/1024/855 904/1016/847 910/1014/845
f 911/1024/855 912/1026/857 905/1015/846
f 912/1026/857 913/1027/858 906/1017/848
f 913/1027/858 914/1028/859 907/1018/849
f 914/1028/859 915/1050/881 908/1029/860
f 1404/1030/861 1402/1019/850 1401/1020/851
f 1076/899/730 805/901/732 924/1032/863
f 1280/1034/865 1279/1105/936 1271/1021/852
f 931/1035/866 785/1036/867 778/1004/835
f 785/1036/867 786/1037/868 779/1006/837
f 786/1037/868 787/1038/869 780/1007/838
f 787/1038/869 788/1040/871 781/1008/839
f 789/1039/870 782/2101/1326 781/1008/839
f 1368/1041/872 1366/1009/840 1365/1010/841
f 1069/1043/874 1077/914/745 1076/899/730
f 1281/1044/875 1570/1125/956 1569/856/687
f 918/1045/876 911/1024/855 917/1025/856
f 919/1047/878 912/1026/857 911/1024/855
f 920/1048/879 913/1027/858 912/1026/857
f 921/1049/880 914/1028/859 913/1027/858
f 921/1049/880 922/2102/1335 915/1050/881
f 1405/1051/882 1406/2103/1816 1404/1030/861
f 1078/926/757 1077/914/745 1069/1043/874
f 1274/888/719 1282/1063/894 1281/1044/875
f 925/1053/884 918/1045/876 938/1046/877
f 925/1053/884 926/1055/886 919/1047/878
f 926/1055/886 927/1057/888 920/1048/879
f 928/1056/887 921/1049/880 920/1048/879
f 929/1058/889 922/2102/1335 921/1049/880
f 1408/1059/890 1406/2103/1816 1405/1051/882
f 1079/935/766 1437/937/768 1436/1061/892
f 952/1064/895 792/1066/897 785/1036/867
f 793/1065/896 786/1037/868 785/1036/867
f 794/1067/898 787/1038/869 786/1037/868
f 794/1067/898 795/1068/899 788/1040/871
f 795/1068/899 796/1101/932 789/1039/870
f 1370/1069/900 1368/1041/872 1367/1042/873
f 1080/947/778 1079/935/766 1071/1062/893
f 996/1072/903 959/1229/1060 889/1073/904
f 932/1074/905 925/1053/884 945/1054/885
f 933/1076/907 926/1055/886 925/1053/884
f 934/1077/908 927/1057/888 926/1055/886
f 935/1078/909 928/1056/887 927/1057/888
f 936/1079/910 929/1058/889 928/1056/887
f 1410/1080/911 1408/1059/890 1407/1060/891
f 1081/960/791 1545/959/790 1544/1082/913
f 997/1084/915 996/1072/903 1276/990/821
f 939/1085/916 932/1074/905 966/1075/906
f 939/1085/916 940/1088/919 933/1076/907
f 941/1087/918 934/1077/908 933/1076/907
f 941/1087/918 942/1090/921 935/1078/909
f 943/1089/920 936/1079/910 935/1078/909
f 1412/1091/922 1410/1080/911 1409/1081/912
f 1082/970/801 1081/960/791 1073/1083/914
f 998/1094/925 997/1084/915 1277/1013/844
f 799/1096/927 792/1066/897 952/1064/895
f 800/1098/929 793/1065/896 792/1066/897
f 800/1098/929 801/1100/931 794/1067/898
f 802/1099/930 795/1068/899 794/1067/898
f 802/1099/930 803/2104/1346 796/1101/932
f 1372/1102/933 1370/1069/900 1369/1070/901
f 999/1104/935 1427/1233/1064 1462/1022/853
f 987/1106/937 946/1108/939 939/1085/916
f 947/1107/938 940/1088/919 939/1085/916
f 948/1109/940 941/1087/918 940/1088/919
f 949/1110/941 942/1090/921 941/1087/918
f 950/1111/942 943/1089/920 942/1090/921
f 1413/1112/943 1414/1622/1399 1412/1091/922
f 1252/957/788 1260/1191/1022 995/1113/944
f 1000/1114/945 999/1104/935 1279/1105/936
f 953/1115/946 946/1108/939 987/1106/937
f 953/1115/946 954/1117/948 947/1107/938
f 954/1117/948 955/1119/950 948/1109/940
f 956/1118/949 949/1110/941 948/1109/940
f 957/1120/951 950/1111/942 949/1110/941
f 1416/1121/952 1414/1622/1399 1413/1112/943
f 1261/1123/954 1260/1191/1022 1252/957/788
f 1001/1124/955 1535/1236/1067 1570/1125/956
f 1011/1126/957 806/1128/959 799/1096/927
f 807/1127/958 800/1098/929 799/1096/927
f 808/1129/960 801/1100/931 800/1098/929
f 809/1130/961 802/1099/930 801/1100/931
f 810/1131/962 803/2104/1346 802/1099/930
f 1374/1132/963 1372/1102/933 1371/1103/934
f 1254/1134/965 1262/1205/1036 1261/1123/954
f 1282/1063/894 1002/1145/976 1001/1124/955
f 1019/1135/966 960/1137/968 953/1115/946
f 961/1136/967 954/1117/948 953/1115/946
f 962/1138/969 955/1119/950 954/1117/948
f 963/1139/970 956/1118/949 955/1119/950
f 964/1140/971 957/1120/951 956/1118/949
f 1418/1141/972 1416/1121/952 1415/1122/953
f 1255/979/810 1263/843/674 1460/1143/974
f 967/1146/977 960/1137/968 1019/1135/966
f 968/1148/979 961/1136/967 960/1137/968
f 969/1149/980 962/1138/969 961/1136/967
f 970/1150/981 963/1139/970 962/1138/969
f 971/1151/982 964/1140/971 963/1139/970
f 1420/1152/983 1418/1141/972 1417/1142/973
f 1264/844/675 1263/843/674 1255/979/810
f 1092/1154/985 1035/1210/1041 812/900/731
f 813/1156/987 806/1128/959 1011/1126/957
f 814/1158/989 807/1127/958 806/1128/959
f 815/1159/990 808/1129/960 807/1127/958
f 815/1159/990 816/1161/992 809/1130/961
f 817/1160/991 810/1131/962 809/1130/961
f 1376/1162/993 1374/1132/963 1373/1133/964
f 1265/855/686 1568/857/688 1567/1164/995
f 1093/1165/996 1092/1154/985 1084/1155/986
f 1051/1166/997 974/1168/999 967/1146/977
f 975/1167/998 968/1148/979 967/1146/977
f 975/1167/998 976/1169/1000 969/1149/980
f 976/1169/1000 977/1171/1002 970/1150/981
f 978/1170/1001 971/1151/982 970/1150/981
f 1422/1172/1003 1420/1152/983 1419/1153/984
f 1266/874/705 1265/855/686 1257/1001/832
f 1086/925/756 1094/1213/1044 1093/1165/996
f 1059/1174/1005 981/1175/1006 974/1168/999
f 981/1175/1006 982/1177/1008 975/1167/998
f 983/1176/1007 976/1169/1000 975/1167/998
f 984/1178/1009 977/1171/1002 976/1169/1000
f 985/1179/1010 978/1170/1001 977/1171/1002
f 1424/1180/1011 1422/1172/1003 1421/1173/1004
f 1095/1182/1013 1439/1215/1046 1438/936/767
f 1067/1184/1015 820/1186/1017 813/1156/987
f 821/1185/1016 814/1158/989 813/1156/987
f 822/1187/1018 815/1159/990 814/1158/989
f 823/1188/1019 816/1161/992 815/1159/990
f 824/1189/1020 817/1160/991 816/1161/992
f 1377/1190/1021 1378/1635/1410 1376/1162/993
f 1268/992/823 882/991/822 995/1113/944
f 1096/1192/1023 1095/1182/1013 1087/1183/1014
f 988/1193/1024 981/1175/1006 1059/1174/1005
f 988/1193/1024 989/1195/1026 982/1177/1008
f 989/1195/1026 990/1196/1027 983/1176/1007
f 990/1196/1027 991/1198/1029 984/1178/1009
f 992/1197/1028 985/1179/1010 984/1178/1009
f 1426/1199/1030 1424/1180/1011 1423/1181/1012
f 1269/1003/834 1268/992/823 1260/1191/1022
f 1089/958/789 1097/1206/1037 1547/1201/1032
f 743/859/690 988/1193/1024 1075/1194/1025
f 744/862/693 989/1195/1026 988/1193/1024
f 745/866/697 990/1196/1027 989/1195/1026
f 746/868/699 991/1198/1029 990/1196/1027
f 747/1203/1034 992/1197/1028 991/1198/1029
f 1356/1204/1035 1426/1199/1030 1425/1200/1031
f 1270/1012/843 1269/1003/834 1261/1123/954
f 1090/969/800 1098/1208/1039 1097/1206/1037
f 827/829/660 820/1186/1017 1067/1184/1015
f 827/829/660 828/831/662 821/1185/1016
f 829/833/664 822/1187/1018 821/1185/1016
f 830/835/666 823/1188/1019 822/1187/1018
f 831/834/665 824/1189/1020 823/1188/1019
f 1380/1207/1038 1378/1635/1410 1377/1190/1021
f 1263/843/674 1271/1021/852 1461/1023/854
f 1100/1209/1040 1083/1220/1051 1035/1210/1041
f 1101/1211/1042 1100/1209/1040 1092/1154/985
f 1102/1212/1043 1101/1211/1042 1093/1165/996
f 1103/1214/1045 1440/1223/1054 1439/1215/1046
f 1104/1216/1047 1103/1214/1045 1095/1182/1013
f 1105/1217/1048 1548/1226/1057 1547/1201/1032
f 1106/1218/1049 1105/1217/1048 1097/1206/1037
f 1108/1219/1050 1091/1239/1070 1083/1220/1051
f 1101/1211/1042 1109/1241/1072 1108/1219/1050
f 1110/1221/1052 1109/1241/1072 1101/1211/1042
f 1111/1222/1053 1441/1243/1074 1440/1223/1054
f 1112/1224/1055 1111/1222/1053 1103/1214/1045
f 1113/1225/1056 1549/1246/1077 1548/1226/1057
f 1106/1218/1049 1114/1227/1058 1113/1225/1056
f 996/1072/903 1004/1230/1061 1099/1228/1059
f 997/1084/915 1005/1260/1091 1004/1230/1061
f 1006/1231/1062 1005/1260/1091 997/1084/915
f 1007/1232/1063 1428/1263/1094 1427/1233/1064
f 1008/1234/1065 1007/1232/1063 999/1104/935
f 1009/1235/1066 1536/1266/1097 1535/1236/1067
f 1010/1237/1068 1009/1235/1066 1001/1124/955
f 1116/1238/1069 1107/1249/1080 1091/1239/1070
f 1117/1240/1071 1116/1238/1069 1108/1219/1050
f 1110/1221/1052 1118/1251/1082 1117/1240/1071
f 1111/1222/1053 1119/1252/1083 1442/1242/1073
f 1120/1244/1075 1119/1252/1083 1111/1222/1053
f 1121/1245/1076 1550/1256/1087 1549/1246/1077
f 1122/1247/1078 1121/1245/1076 1113/1225/1056
f 1124/1248/1079 1115/1269/1100 1107/1249/1080
f 1125/1250/1081 1124/1248/1079 1116/1238/1069
f 1118/1251/1082 1126/1270/1101 1125/1250/1081
f 1119/1252/1083 1127/1273/1104 1443/1253/1084
f 1128/1254/1085 1127/1273/1104 1119/1252/1083
f 1129/1255/1086 1551/1276/1107 1550/1256/1087
f 1130/1257/1088 1129/1255/1086 1121/1245/1076
f 1004/1230/1061 1012/1288/1119 1123/1258/1089
f 1013/1259/1090 1012/1288/1119 1004/1230/1061
f 1014/1261/1092 1013/1259/1090 1005/1260/1091
f 1007/1232/1063 1015/1293/1124 1429/1262/1093
f 1016/1264/1095 1015/1293/1124 1007/1232/1063
f 1017/1265/1096 1537/1296/1127 1536/1266/1097
f 1010/1237/1068 1018/1267/1098 1017/1265/1096
f 1132/1268/1099 1131/1279/1110 1115/1269/1100
f 1125/1250/1081 1133/1271/1102 1132/1268/1099
f 1126/1270/1101 1134/1282/1113 1133/1271/1102
f 1135/1272/1103 1444/1284/1115 1443/1253/1084
f 1136/1274/1105 1135/1272/1103 1127/1273/1104
f 1137/1275/1106 1552/1286/1117 1551/1276/1107
f 1138/1277/1108 1137/1275/1106 1129/1255/1086
f 1140/1278/1109 1139/1299/1130 1131/1279/1110
f 1141/1280/1111 1140/1278/1109 1132/1268/1099
f 1142/1281/1112 1141/1280/1111 1133/1271/1102
f 1143/1283/1114 1445/1303/1134 1444/1284/1115
f 1136/1274/1105 1144/1305/1136 1143/1283/1114
f 1145/1285/1116 1553/1307/1138 1552/1286/1117
f 1138/1277/1108 1146/1287/1118 1145/1285/1116
f 1012/1288/1119 1020/1320/1151 1147/1289/1120
f 1021/1290/1121 1020/1320/1151 1012/1288/1119
f 1022/1291/1122 1021/1290/1121 1013/1259/1090
f 1023/1292/1123 1430/1324/1155 1429/1262/1093
f 1024/1294/1125 1023/1292/1123 1015/1293/1124
f 1025/1295/1126 1538/1327/1158 1537/1296/1127
f 1026/1297/1128 1025/1295/1126 1017/1265/1096
f 1140/1278/1109 1148/1300/1131 1155/1298/1129
f 1141/1280/1111 1149/1311/1142 1148/1300/1131
f 1150/1301/1132 1149/1311/1142 1141/1280/1111
f 1151/1302/1133 1446/1314/1145 1445/1303/1134
f 1152/1304/1135 1151/1302/1133 1143/1283/1114
f 1153/1306/1137 1554/1317/1148 1553/1307/1138
f 1154/1308/1139 1153/1306/1137 1145/1285/1116
f 1148/1300/1131 1156/1330/1161 1163/1309/1140
f 1157/1310/1141 1156/1330/1161 1148/1300/1131
f 1158/1312/1143 1157/1310/1141 1149/1311/1142
f 1159/1313/1144 1447/1333/1164 1446/1314/1145
f 1160/1315/1146 1159/1313/1144 1151/1302/1133
f 1161/1316/1147 1555/1336/1167 1554/1317/1148
f 1162/1318/1149 1161/1316/1147 1153/1306/1137
f 1028/1319/1150 1171/1350/1181 1147/1289/1120
f 1029/1321/1152 1028/1319/1150 1020/1320/1151
f 1030/1322/1153 1029/1321/1152 1021/1290/1121
f 1031/1323/1154 1431/1354/1185 1430/1324/1155
f 1032/1325/1156 1031/1323/1154 1023/1292/1123
f 1033/1326/1157 1539/1357/1188 1538/1327/1158
f 1034/1328/1159 1033/1326/1157 1025/1295/1126
f 1164/1329/1160 1179/1339/1170 1163/1309/1140
f 1157/1310/1141 1165/1331/1162 1164/1329/1160
f 1158/1312/1143 1166/1341/1172 1165/1331/1162
f 1167/1332/1163 1448/1343/1174 1447/1333/1164
f 1168/1334/1165 1167/1332/1163 1159/1313/1144
f 1169/1335/1166 1556/1346/1177 1555/1336/1167
f 1170/1337/1168 1169/1335/1166 1161/1316/1147
f 1172/1338/1169 1187/1360/1191 1179/1339/1170
f 1165/1331/1162 1173/1362/1193 1172/1338/1169
f 1174/1340/1171 1173/1362/1193 1165/1331/1162
f 1167/1332/1163 1175/1365/1196 1449/1342/1173
f 1176/1344/1175 1175/1365/1196 1167/1332/1163
f 1169/1335/1166 1177/1347/1178 1557/1345/1176
f 1170/1337/1168 1178/1348/1179 1177/1347/1178
f 1028/1319/1150 1036/1378/1209 1195/1349/1180
f 1037/1351/1182 1036/1378/1209 1028/1319/1150
f 1038/1352/1183 1037/1351/1182 1029/1321/1152
f 1039/1353/1184 1432/1383/1214 1431/1354/1185
f 1040/1355/1186 1039/1353/1184 1031/1323/1154
f 1041/1356/1187 1540/1386/1217 1539/1357/1188
f 1042/1358/1189 1041/1356/1187 1033/1326/1157
f 1180/1359/1190 1203/1369/1200 1187/1360/1191
f 1181/1361/1192 1180/1359/1190 1172/1338/1169
f 1182/1363/1194 1181/1361/1192 1173/1362/1193
f 1183/1364/1195 1450/1372/1203 1449/1342/1173
f 1176/1344/1175 1184/1374/1205 1183/1364/1195
f 1177/1347/1178 1185/1376/1207 1558/1366/1197
f 1186/1367/1198 1185/1376/1207 1177/1347/1178
f 1188/1368/1199 1211/1389/1220 1203/1369/1200
f 1189/1370/1201 1188/1368/1199 1180/1359/1190
f 1182/1363/1194 1190/1392/1223 1189/1370/1201
f 1183/1364/1195 1191/1393/1224 1451/1371/1202
f 1192/1373/1204 1191/1393/1224 1183/1364/1195
f 1193/1375/1206 1559/1397/1228 1558/1366/1197
f 1194/1377/1208 1193/1375/1206 1185/1376/1207
f 1036/1378/1209 1044/1380/1211 1219/1379/1210
f 1037/1351/1182 1045/1381/1212 1044/1380/1211
f 1038/1352/1183 1046/1411/1242 1045/1381/1212
f 1039/1353/1184 1047/1413/1244 1433/1382/1213
f 1048/1384/1215 1047/1413/1244 1039/1353/1184
f 1049/1385/1216 1541/1416/1247 1540/1386/1217
f 1050/1387/1218 1049/1385/1216 1041/1356/1187
f 1188/1368/1199 1196/1400/1231 1227/1388/1219
f 1197/1390/1221 1196/1400/1231 1188/1368/1199
f 1198/1391/1222 1197/1390/1221 1189/1370/1201
f 1191/1393/1224 1199/1403/1234 1452/1394/1225
f 1200/1395/1226 1199/1403/1234 1191/1393/1224
f 1193/1375/1206 1201/1406/1237 1560/1396/1227
f 1202/1398/1229 1201/1406/1237 1193/1375/1206
f 1204/1399/1230 1235/1419/1250 1227/1388/1219
f 1205/1401/1232 1204/1399/1230 1196/1400/1231
f 1198/1391/1222 1206/1422/1253 1205/1401/1232
f 1207/1402/1233 1453/1424/1255 1452/1394/1225
f 1208/1404/1235 1207/1402/1233 1199/1403/1234
f 1209/1405/1236 1561/1427/1258 1560/1396/1227
f 1210/1407/1238 1209/1405/1236 1201/1406/1237
f 1052/1408/1239 1243/1439/1270 1219/1379/1210
f 1053/1409/1240 1052/1408/1239 1044/1380/1211
f 1054/1410/1241 1053/1409/1240 1045/1381/1212
f 1055/1412/1243 1434/1442/1273 1433/1382/1213
f 1056/1414/1245 1055/1412/1243 1047/1413/1244
f 1057/1415/1246 1542/1444/1275 1541/1416/1247
f 1058/1417/1248 1057/1415/1246 1049/1385/1216
f 1212/1418/1249 1251/1430/1261 1235/1419/1250
f 1213/1420/1251 1212/1418/1249 1204/1399/1230
f 1214/1421/1252 1213/1420/1251 1205/1401/1232
f 1215/1423/1254 1454/1434/1265 1453/1424/1255
f 1216/1425/1256 1215/1423/1254 1207/1402/1233
f 1217/1426/1257 1562/1436/1267 1561/1427/1258
f 1218/1428/1259 1217/1426/1257 1209/1405/1236
f 1212/1418/1249 1220/1431/1262 1259/1429/1260
f 1213/1420/1251 1221/1448/1279 1220/1431/1262
f 1222/1432/1263 1221/1448/1279 1213/1420/1251
f 1223/1433/1264 1455/1450/1281 1454/1434/1265
f 1216/1425/1256 1224/1452/1283 1223/1433/1264
f 1225/1435/1266 1563/1454/1285 1562/1436/1267
f 1218/1428/1259 1226/1437/1268 1225/1435/1266
f 1060/1438/1269 1267/1460/1291 1243/1439/1270
f 1053/1409/1240 1061/1440/1271 1060/1438/1269
f 1054/1410/1241 1062/1461/1292 1061/1440/1271
f 1063/1441/1272 1435/1462/1293 1434/1442/1273
f 1056/1414/1245 1064/1463/1294 1063/1441/1272
f 1065/1443/1274 1543/1464/1295 1542/1444/1275
f 1066/1445/1276 1065/1443/1274 1057/1415/1246
f 1220/1431/1262 1228/1456/1287 1275/1446/1277
f 1229/1447/1278 1228/1456/1287 1220/1431/1262
f 1222/1432/1263 1230/1457/1288 1229/1447/1278
f 1231/1449/1280 1456/1458/1289 1455/1450/1281
f 1232/1451/1282 1231/1449/1280 1223/1433/1264
f 1233/1453/1284 1564/1459/1290 1563/1454/1285
f 1234/1455/1286 1233/1453/1284 1225/1435/1266
f 1236/839/670 756/841/672 1275/1446/1277
f 1229/1447/1278 1237/853/684 1236/839/670
f 1230/1457/1288 1238/873/704 1237/853/684
f 1239/886/717 1457/885/716 1456/1458/1289
f 1240/898/729 1239/886/717 1231/1449/1280
f 1241/912/743 1565/911/742 1564/1459/1290
f 1234/1455/1286 1242/924/755 1241/912/743
f 1068/1033/864 924/1032/863 1267/1460/1291
f 1061/1440/1271 1069/1043/874 1068/1033/864
f 1070/1052/883 1069/1043/874 1061/1440/1271
f 1071/1062/893 1436/1061/892 1435/1462/1293
f 1072/1071/902 1071/1062/893 1063/1441/1272
f 1073/1083/914 1544/1082/913 1543/1464/1295
f 1066/1445/1276 1074/1093/924 1073/1083/914
f 1309/1465/1296 1307/1596/1367 831/1466/665
f 832/1468/1297 1308/1598/1297 1310/1469/1298
f 1311/1471/1299 1309/1465/1296 838/1467/681
f 1310/1469/1298 1312/1599/1301 846/1473/1301
f 1285/1474/1302 1283/1594/1366 747/1475/1034
f 1284/1477/1303 1286/1489/1304 755/1478/1304
f 852/1480/712 1313/1601/1373 1311/1471/1299
f 846/1473/1301 1312/1599/1301 1314/1481/1305
f 1315/1483/1306 1313/1601/1373 852/1480/712
f 853/1482/1305 1314/1481/1305 1316/1485/1307
f 1287/1487/1308 1285/1474/1302 754/1476/698
f 1286/1489/1304 1288/1499/1309 762/1490/1309
f 1317/1491/1310 1315/1483/1306 859/1484/725
f 1316/1485/1307 1318/1495/1311 867/1493/1311
f 873/1494/763 1319/1606/1378 1317/1491/1310
f 1318/1495/1311 1320/1503/1312 874/1496/1312
f 1289/1497/1313 1287/1487/1308 761/1488/738
f 1288/1499/1309 1290/1511/1314 769/1500/1314
f 1321/1501/1315 1319/1606/1378 873/1494/763
f 1320/1503/1312 1322/1507/1316 881/1504/1316
f 1323/1505/1317 1321/1501/1315 880/1502/784
f 1322/1507/1316 1324/1515/1318 888/1508/1318
f 1291/1509/1319 1289/1497/1313 768/1498/773
f 1290/1511/1314 1292/1523/1320 776/1512/1320
f 1325/1513/1321 1323/1505/1317 887/1506/797
f 1324/1515/1318 1326/1519/1322 895/1516/1322
f 1327/1517/1323 1325/1513/1321 894/1514/817
f 1326/1519/1322 1328/1611/1324 902/1520/1324
f 1293/1521/1325 1291/1509/1319 775/1510/806
f 1292/1523/1320 1294/1535/1327 783/1524/1327
f 1329/1525/1328 1327/1517/1323 901/1518/829
f 902/1520/1324 1328/1611/1324 1330/1527/1329
f 1331/1529/1330 1329/1525/1328 908/1526/860
f 909/1528/1329 1330/1527/1329 1332/1531/1331
f 1295/1533/1332 1293/1521/1325 782/1522/1326
f 1294/1535/1327 1296/1546/1333 790/1536/1333
f 1333/1537/1334 1331/1529/1330 915/1530/881
f 916/1532/1331 1332/1531/1331 1334/1539/1336
f 1335/1541/1337 1333/1537/1334 922/1538/1335
f 1334/1539/1336 1336/1615/1338 930/1543/1338
f 1297/1544/1339 1295/1533/1332 789/1534/870
f 1296/1546/1333 1298/1557/1340 797/1547/1340
f 1337/1548/1341 1335/1541/1337 929/1542/889
f 930/1543/1338 1336/1615/1338 1338/1550/1342
f 1339/1552/1343 1337/1548/1341 936/1549/910
f 1338/1550/1342 1340/1618/1344 944/1554/1344
f 1299/1555/1345 1297/1544/1339 796/1545/932
f 1298/1557/1340 1300/1567/1347 804/1558/1347
f 950/1559/942 1341/1621/1397 1339/1552/1343
f 944/1554/1344 1340/1618/1344 1342/1560/1348
f 1343/1562/1349 1341/1621/1397 950/1559/942
f 1342/1560/1348 1344/1623/1350 958/1564/1350
f 1301/1565/1351 1299/1555/1345 803/1556/1346
f 1300/1567/1347 1302/1625/1352 811/1568/1352
f 1345/1569/1353 1343/1562/1349 957/1563/951
f 958/1564/1350 1344/1623/1350 1346/1571/1354
f 971/1573/982 1347/1580/1358 1345/1569/1353
f 1346/1571/1354 1348/1628/1355 972/1574/1355
f 1303/1575/1356 1301/1565/1351 810/1566/962
f 811/1568/1352 1302/1625/1352 1304/1577/1357
f 978/1579/1001 1349/1584/1360 1347/1580/1358
f 972/1574/1355 1348/1628/1355 1350/1581/1359
f 985/1583/1010 1351/1632/1406 1349/1584/1360
f 979/1582/1359 1350/1581/1359 1352/1585/1361
f 1305/1587/1362 1303/1575/1356 817/1576/991
f 818/1578/1357 1304/1577/1357 1306/1589/1363
f 1353/1591/1364 1351/1632/1406 985/1583/1010
f 1352/1585/1361 1354/1595/1365 993/1593/1365
f 1283/1594/1366 1353/1591/1364 992/1592/1028
f 1354/1595/1365 1284/1477/1303 748/1479/1303
f 1307/1596/1367 1305/1587/1362 824/1588/1020
f 1306/1589/1363 1308/1598/1297 832/1468/1297
f 1381/1597/669 1379/1634/668 1307/1596/1367
f 1308/1598/1368 1380/1207/1038 1382/836/667
f 1311/1471/1299 1383/1602/683 1381/1597/669
f 1382/836/667 1384/851/682 1312/1599/1370
f 1285/1474/1302 1357/2105/702 1355/1600/701
f 1356/1204/1035 1358/869/700 1286/1489/1371
f 1313/1601/1373 1385/2106/714 1383/1602/683
f 1384/851/682 1386/882/713 1314/1481/1374
f 1387/1603/727 1385/2106/714 1313/1601/1373
f 1386/882/713 1388/895/726 1316/1485/1375
f 1359/1604/740 1357/2105/702 1285/1474/1302
f 1358/869/700 1360/908/739 1288/1499/1376
f 1317/1491/1310 1389/2107/753 1387/1603/727
f 1316/1485/1375 1388/895/726 1390/921/752
f 1391/1605/765 1389/2107/753 1317/1491/1310
f 1390/921/752 1392/933/764 1320/1503/1379
f 1289/1497/1313 1361/2108/775 1359/1604/740
f 1360/908/739 1362/978/809 1290/1511/1380
f 1321/1501/1315 1393/2109/786 1391/1605/765
f 1392/933/764 1394/954/785 1322/1507/1381
f 1395/1607/798 1393/2109/786 1321/1501/1315
f 1394/954/785 1396/988/819 1324/1515/1382
f 1363/1608/808 1361/2108/775 1289/1497/1313
f 1362/978/809 1364/2100/1815 1292/1523/1383
f 1325/1513/1321 1397/2110/818 1395/1607/798
f 1396/988/819 1398/1610/1385 1326/1519/1384
f 1399/1609/831 1397/2110/818 1325/1513/1321
f 1398/1610/1385 1400/999/830 1328/1611/1386
f 1293/1521/1325 1365/2111/841 1363/1608/808
f 1292/1523/1383 1364/2100/1815 1366/1009/840
f 1329/1525/1328 1401/2112/851 1399/1609/831
f 1400/999/830 1402/1019/850 1330/1527/1388
f 1403/1612/862 1401/2112/851 1329/1525/1328
f 1402/1019/850 1404/1030/861 1332/1531/1389
f 1367/1613/873 1365/2111/841 1293/1521/1325
f 1366/1009/840 1368/1041/872 1296/1546/1390
f 1333/1537/1334 1405/1614/882 1403/1612/862
f 1404/1030/861 1406/2103/1816 1334/1539/1391
f 1335/1541/1337 1407/2113/891 1405/1614/882
f 1334/1539/1391 1406/2103/1816 1408/1059/890
f 1297/1544/1339 1369/1619/901 1367/1613/873
f 1368/1041/872 1370/1069/900 1298/1557/1393
f 1409/1616/912 1407/2113/891 1335/1541/1337
f 1408/1059/890 1410/1080/911 1338/1550/1394
f 1411/1617/923 1409/1616/912 1337/1548/1341
f 1410/1080/911 1412/1091/922 1340/1618/1395
f 1299/1555/1345 1371/2114/934 1369/1619/901
f 1298/1557/1393 1370/1069/900 1372/1102/933
f 1413/1620/943 1411/1617/923 1339/1552/1343
f 1412/1091/922 1414/1622/1399 1342/1560/1398
f 1343/1562/1349 1415/1626/953 1413/1620/943
f 1414/1622/1399 1416/1121/952 1344/1623/1400
f 1373/1624/964 1371/2114/934 1299/1555/1345
f 1372/1102/933 1374/1132/963 1302/1625/1401
f 1345/1569/1353 1417/2115/973 1415/1626/953
f 1416/1121/952 1418/1141/972 1346/1571/1402
f 1419/1627/984 1417/2115/973 1345/1569/1353
f 1418/1141/972 1420/1152/983 1348/1628/1403
f 1375/1629/994 1373/1624/964 1301/1565/1351
f 1302/1625/1401 1374/1132/963 1376/1162/993
f 1421/1630/1004 1419/1627/984 1347/1580/1358
f 1348/1628/1403 1420/1152/983 1422/1172/1003
f 1423/1631/1012 1421/1630/1004 1349/1584/1360
f 1422/1172/1003 1424/1180/1011 1352/1585/1407
f 1377/1633/1021 1375/1629/994 1303/1575/1356
f 1376/1162/993 1378/1635/1410 1306/1589/1408
f 1353/1591/1364 1425/2116/1031 1423/1631/1012
f 1352/1585/1407 1424/1180/1011 1426/1199/1030
f 1355/1600/701 1425/2116/1031 1353/1591/1364
f 1426/1199/1030 1356/1204/1035 1284/1477/1372
f 1379/1634/668 1377/1633/1021 1305/1587/1362
f 1378/1635/1410 1380/1207/1038 1308/1598/1368
f 1493/1636/1411 1529/2117/1518 1530/1637/1412
f 1509/1639/1414 1510/2118/1477 1474/1640/1415
f 1530/1637/1412 1531/1649/1424 1495/1642/1417
f 1533/1643/1418 1534/1647/1422 1498/1644/1419
f 1472/1646/1421 1508/2119/1482 1509/1639/1414
f 1534/1647/1422 1499/2120/1484 1463/1648/1423
f 1531/1649/1424 1532/2121/1486 1496/1650/1425
f 1474/1640/1415 1510/2118/1477 1511/1651/1426
f 1496/1650/1425 1532/2121/1486 1533/1643/1418
f 1475/1652/1427 1511/1651/1426 1512/1653/1428
f 1512/1653/1428 1513/1658/1433 1477/1655/1430
f 1463/1648/1423 1499/2120/1484 1500/1656/1431
f 1513/1658/1433 1514/2122/1493 1478/1659/1434
f 1478/1659/1434 1514/2122/1493 1515/1660/1435
f 1500/1656/1431 1501/1666/1441 1465/1662/1437
f 1479/1661/1436 1515/1660/1435 1516/1663/1438
f 1516/1663/1438 1517/2123/1497 1481/1665/1440
f 1501/1666/1441 1502/1671/1446 1466/1667/1442
f 1481/1665/1440 1517/2123/1497 1518/1668/1443
f 1518/1668/1443 1519/1673/1448 1483/1670/1445
f 1502/1671/1446 1503/2124/1502 1467/1672/1447
f 1519/1673/1448 1520/2125/1504 1484/1674/1449
f 1484/1674/1449 1520/2125/1504 1521/1675/1450
f 1467/1672/1447 1503/2124/1502 1504/1677/1452
f 1521/1675/1450 1522/1680/1455 1486/1679/1454
f 1522/1680/1455 1523/1683/1458 1487/1681/1456
f 1504/1677/1452 1505/2126/1513 1469/1682/1457
f 1523/1683/1458 1524/1685/1460 1488/1684/1459
f 1524/1685/1460 1525/1689/1464 1489/1686/1461
f 1469/1682/1457 1505/2126/1513 1506/1687/1462
f 1525/1689/1464 1526/1691/1466 1490/1690/1465
f 1526/1691/1466 1527/1694/1469 1491/1692/1467
f 1506/1687/1462 1507/1697/1472 1471/1693/1468
f 1527/1694/1469 1528/1696/1471 1492/1695/1470
f 1528/1696/1471 1529/2117/1518 1493/1636/1411
f 1507/1697/1472 1508/2119/1482 1472/1646/1421
f 1493/1636/1473 1494/1638/1474 1246/872/1474
f 1530/1698/1412 1529/1725/1518 1457/885/716
f 1473/1641/1475 1474/1640/1476 1086/925/1476
f 1510/1699/1477 1509/2127/1414 1437/937/768
f 1246/872/1474 1494/1638/1474 1495/1642/1478
f 1531/1700/1424 1530/1698/1412 1458/980/811
f 1497/1645/1479 1498/1644/1480 1278/1095/1480
f 1534/1701/1422 1533/2128/1418 1461/1023/854
f 1472/1646/1481 1473/1641/1475 1078/926/1475
f 1437/937/768 1509/2127/1414 1508/1702/1482
f 1498/1644/1480 1463/1648/1483 998/1094/1483
f 1499/1703/1484 1534/1701/1422 1462/1022/853
f 1495/1642/1478 1496/1650/1485 1262/1205/1485
f 1532/1704/1486 1531/1700/1424 1459/1144/975
f 1474/1640/1476 1475/1652/1487 1094/1213/1487
f 1511/1705/1426 1510/1699/1477 1438/936/767
f 1496/1650/1485 1497/1645/1479 1270/1012/1479
f 1461/1023/854 1533/2128/1418 1532/1704/1486
f 1475/1652/1487 1476/1654/1488 1102/1212/1488
f 1512/1706/1428 1511/1705/1426 1439/1215/1046
f 1476/1654/1488 1477/1655/1489 1110/1221/1489
f 1513/1707/1433 1512/1706/1428 1440/1223/1054
f 1463/1648/1483 1464/1657/1490 1006/1231/1490
f 1428/1263/1094 1500/2129/1431 1499/1703/1484
f 1477/1655/1489 1478/1659/1491 1118/1251/1491
f 1442/1242/1073 1514/1708/1493 1513/1707/1433
f 1478/1659/1491 1479/1661/1492 1126/1270/1492
f 1443/1253/1084 1515/2130/1435 1514/1708/1493
f 1464/1657/1490 1465/1662/1494 1014/1261/1494
f 1501/1709/1441 1500/2129/1431 1428/1263/1094
f 1479/1661/1492 1480/1664/1495 1134/1282/1495
f 1516/1710/1438 1515/2130/1435 1443/1253/1084
f 1480/1664/1495 1481/1665/1496 1142/1281/1496
f 1517/1711/1497 1516/1710/1438 1444/1284/1115
f 1465/1662/1494 1466/1667/1498 1022/1291/1498
f 1502/1712/1446 1501/1709/1441 1429/1262/1093
f 1481/1665/1496 1482/1669/1499 1150/1301/1499
f 1446/1314/1145 1518/2131/1443 1517/1711/1497
f 1482/1669/1499 1483/1670/1500 1158/1312/1500
f 1519/1713/1448 1518/2131/1443 1446/1314/1145
f 1022/1291/1498 1466/1667/1498 1467/1672/1501
f 1503/1714/1502 1502/1712/1446 1430/1324/1155
f 1158/1312/1500 1483/1670/1500 1484/1674/1503
f 1520/1715/1504 1519/1713/1448 1447/1333/1164
f 1166/1341/1503 1484/1674/1503 1485/1676/1505
f 1521/1716/1450 1520/1715/1504 1448/1343/1174
f 1467/1672/1501 1468/1678/1506 1038/1352/1506
f 1432/1383/1214 1504/1718/1452 1503/1714/1502
f 1174/1340/1505 1485/1676/1505 1486/1679/1507
f 1450/1372/1203 1522/2132/1455 1521/1716/1450
f 1182/1363/1507 1486/1679/1507 1487/1681/1508
f 1523/1717/1458 1522/2132/1455 1450/1372/1203
f 1468/1678/1506 1469/1682/1509 1046/1411/1509
f 1433/1382/1213 1505/1721/1513 1504/1718/1452
f 1487/1681/1508 1488/1684/1510 1198/1391/1510
f 1524/1719/1460 1523/1717/1458 1451/1371/1202
f 1488/1684/1510 1489/1686/1511 1206/1422/1511
f 1525/1720/1464 1524/1719/1460 1452/1394/1225
f 1469/1682/1509 1470/1688/1512 1054/1410/1512
f 1434/1442/1273 1506/2133/1462 1505/1721/1513
f 1489/1686/1511 1490/1690/1514 1214/1421/1514
f 1526/1722/1466 1525/1720/1464 1453/1424/1255
f 1490/1690/1514 1491/1692/1515 1222/1432/1515
f 1455/1450/1281 1527/2134/1469 1526/1722/1466
f 1470/1688/1512 1471/1693/1516 1062/1461/1516
f 1507/1723/1472 1506/2133/1462 1434/1442/1273
f 1491/1692/1515 1492/1695/1517 1230/1457/1517
f 1528/1724/1471 1527/2134/1469 1455/1450/1281
f 1230/1457/1517 1492/1695/1517 1493/1636/1473
f 1529/1725/1518 1528/1724/1471 1456/1458/1289
f 1471/1693/1516 1472/1646/1481 1070/1052/1481
f 1508/1702/1482 1507/1723/1472 1435/1462/1293
f 1568/1726/688 1569/1730/687 1272/842/1519
f 1565/1727/742 1566/1729/833 1248/897/1521
f 1080/947/1523 1545/2135/790 1546/1728/1033
f 1566/1729/833 1567/2136/995 1256/989/1525
f 1569/1730/687 1570/1732/956 1280/1034/1526
f 1544/1731/913 1545/2135/790 1080/947/1523
f 1570/1732/956 1535/1735/1067 1000/1114/1528
f 1256/989/1525 1567/2136/995 1568/1726/688
f 1546/1728/1033 1547/1733/1032 1096/1192/1529
f 1547/1733/1032 1548/1734/1057 1104/1216/1530
f 1548/1734/1057 1549/1736/1077 1112/1224/1531
f 1535/1735/1067 1536/1738/1097 1008/1234/1532
f 1549/1736/1077 1550/1737/1087 1120/1244/1533
f 1550/1737/1087 1551/1739/1107 1128/1254/1534
f 1536/1738/1097 1537/2137/1127 1016/1264/1535
f 1551/1739/1107 1552/1740/1117 1136/1274/1536
f 1552/1740/1117 1553/1742/1138 1144/1305/1537
f 1016/1264/1535 1537/2137/1127 1538/1741/1158
f 1553/1742/1138 1554/1743/1148 1152/1304/1539
f 1554/1743/1148 1555/1744/1167 1160/1315/1540
f 1538/1741/1158 1539/1746/1188 1032/1325/1541
f 1555/1744/1167 1556/1745/1177 1168/1334/1542
f 1556/1745/1177 1557/2138/1176 1176/1344/1543
f 1539/1746/1188 1540/2139/1217 1040/1355/1544
f 1176/1344/1543 1557/2138/1176 1558/1747/1197
f 1558/1747/1197 1559/1749/1228 1192/1373/1546
f 1040/1355/1544 1540/2139/1217 1541/1748/1247
f 1559/1749/1228 1560/1750/1227 1200/1395/1548
f 1560/1750/1227 1561/1751/1258 1208/1404/1549
f 1541/1748/1247 1542/1753/1275 1056/1414/1550
f 1561/1751/1258 1562/1752/1267 1216/1425/1551
f 1562/1752/1267 1563/1754/1285 1224/1452/1552
f 1542/1753/1275 1543/2140/1295 1064/1463/1553
f 1563/1754/1285 1564/1755/1290 1232/1451/1554
f 1564/1755/1290 1565/1727/742 1240/898/1522
f 1064/1463/1553 1543/2140/1295 1544/1731/913
f 1572/1756/1555 1571/1759/1558 1607/1757/1556
f 1571/1759/1558 1606/1861/1656 1609/1760/1559
f 1573/1761/1560 1572/1756/1555 1608/1758/1557
f 1609/1760/1559 1606/1861/1656 1574/1763/1562
f 1605/1765/1564 1573/1761/1560 1610/1762/1561
f 1574/1763/1562 1603/1856/1651 1613/1767/1566
f 1604/1768/20 1605/1765/1564 1612/1766/1565
f 1613/1767/1566 1603/1856/1651 1575/1770/1568
f 1602/1772/1570 1604/1768/20 1614/1769/1567
f 1575/1770/1568 1600/1776/320 1617/1774/1572
f 1618/1775/1573 1601/1779/1576 1602/1772/1570
f 1600/1776/320 1576/1780/1577 1619/1777/1574
f 1620/1778/1575 1599/1783/1580 1601/1779/1576
f 1576/1780/1577 1577/1784/1581 1621/1781/1578
f 1622/1782/1579 1598/1846/1641 1599/1783/1580
f 1577/1784/1581 1596/1788/1585 1623/1785/1582
f 1597/1786/1583 1598/1846/1641 1622/1782/1579
f 1596/1788/1585 1594/1792/1589 1625/1789/1586
f 1595/1790/1587 1597/1786/1583 1624/1787/1584
f 1594/1792/1589 1578/1840/1635 1627/1793/1590
f 1593/1794/1591 1595/1790/1587 1626/1791/1588
f 1627/1793/1590 1578/1840/1635 1591/1796/1593
f 1592/1798/1595 1593/1794/1591 1628/1795/1592
f 1591/1796/1593 1579/1835/1630 1631/1800/1597
f 1590/1801/122 1592/1798/1595 1630/1799/1596
f 1631/1800/1597 1579/1835/1630 1580/1803/1599
f 1589/1805/1601 1590/1801/122 1632/1802/1598
f 1580/1803/1599 1581/1810/237 1635/1807/1603
f 1588/1808/1604 1589/1805/1601 1634/1806/1602
f 1581/1810/237 1586/1814/1609 1637/1811/1606
f 1587/1812/1607 1588/1808/1604 1636/1809/1605
f 1586/1814/1609 1582/1817/1612 1639/1815/1610
f 1640/1816/1611 1585/1825/1620 1587/1812/1607
f 1582/1817/1612 1583/1821/1616 1641/1818/1613
f 1584/1819/1614 1585/1825/1620 1640/1816/1611
f 1583/1821/1616 1584/1819/1614 1642/1820/1615
f 1644/1822/1617 1584/1819/1614 1583/1821/1616
f 1583/1821/1616 1582/1817/1612 1645/1824/1619
f 1585/1825/1620 1584/1819/1614 1644/1822/1617
f 1645/1824/1619 1582/1817/1612 1586/1814/1609
f 1587/1812/1607 1585/1825/1620 1646/1826/1621
f 1586/1814/1609 1581/1810/237 1649/1829/1624
f 1588/1808/1604 1587/1812/1607 1648/1828/1623
f 1581/1810/237 1580/1803/1599 1651/1831/1626
f 1589/1805/1601 1588/1808/1604 1650/1830/1625
f 1580/1803/1599 1579/1835/1630 1653/1833/1628
f 1590/1801/122 1589/1805/1601 1652/1832/1627
f 1579/1835/1630 1591/1796/1593 1655/1836/1631
f 1592/1798/1595 1590/1801/122 1654/1834/1629
f 1591/1796/1593 1578/1840/1635 1657/1838/1633
f 1593/1794/1591 1592/1798/1595 1656/1837/1632
f 1578/1840/1635 1594/1792/1589 1659/1841/1636
f 1660/1842/1637 1595/1790/1587 1593/1794/1591
f 1659/1841/1636 1594/1792/1589 1596/1788/1585
f 1662/1844/1639 1597/1786/1583 1595/1790/1587
f 1596/1788/1585 1577/1784/1581 1663/1845/1640
f 1598/1846/1641 1597/1786/1583 1662/1844/1639
f 1663/1845/1640 1577/1784/1581 1576/1780/1577
f 1599/1783/1580 1598/1846/1641 1664/1847/1642
f 1576/1780/1577 1600/1776/320 1667/1850/1645
f 1601/1779/1576 1599/1783/1580 1666/1849/1644
f 1600/1776/320 1575/1770/1568 1669/1852/1647
f 1602/1772/1570 1601/1779/1576 1668/1851/1646
f 1575/1770/1568 1603/1856/1651 1671/1854/1649
f 1604/1768/20 1602/1772/1570 1670/1853/1648
f 1603/1856/1651 1574/1763/1562 1673/1857/1652
f 1605/1765/1564 1604/1768/20 1672/1855/1650
f 1574/1763/1562 1606/1861/1656 1675/1859/1654
f 1676/1860/1655 1573/1761/1560 1605/1765/1564
f 1606/1861/1656 1571/1759/1558 1677/1862/1657
f 1572/1756/1555 1573/1761/1560 1676/1860/1655
f 1677/1862/1657 1571/1759/1558 1572/1756/1555
f 784/858/689 777/860/691 1632/1802/1598
f 777/860/691 1075/1194/1025 1634/1806/1602
f 819/902/733 784/858/689 1630/1799/1596
f 1628/1795/1592 1626/1791/1588 840/939/770
f 1626/1791/1588 1624/1787/1584 868/972/803
f 1624/1787/1584 1622/1782/1579 903/1005/836
f 1622/1782/1579 1620/1778/1575 931/1035/866
f 952/1064/895 931/1035/866 1620/1778/1575
f 980/1097/928 952/1064/895 1618/1775/1573
f 1011/1126/957 980/1097/928 1616/1773/1571
f 1043/1157/988 1011/1126/957 1614/1769/1567
f 1612/1766/1565 1610/1762/1561 1067/1184/1015
f 1610/1762/1561 1608/1758/1557 742/826/657
f 1608/1758/1557 1607/1757/1556 749/827/658
f 770/846/677 749/827/658 1607/1757/1556
f 1609/1760/1559 1611/1764/1563 791/877/708
f 1611/1764/1563 1613/1767/1566 798/889/720
f 826/916/747 798/889/720 1613/1767/1566
f 1615/1771/1569 1617/1774/1572 833/928/759
f 1617/1774/1572 1619/1777/1574 854/948/779
f 861/961/792 854/948/779 1619/1777/1574
f 1621/1781/1578 1623/1785/1582 875/982/813
f 896/994/825 875/982/813 1623/1785/1582
f 910/1014/845 896/994/825 1625/1789/1586
f 1627/1793/1590 1629/1797/1594 917/1025/856
f 1629/1797/1594 1631/1800/1597 938/1046/877
f 1631/1800/1597 1633/1804/1600 945/1054/885
f 966/1075/906 945/1054/885 1633/1804/1600
f 973/1086/917 966/1075/906 1635/1807/1603
f 1637/1811/1606 1639/1815/1610 987/1106/937
f 1003/1116/947 987/1106/937 1639/1815/1610
f 1003/1116/947 1641/1818/1613 1642/1820/1615
f 1642/1820/1615 1640/1816/1611 1027/1147/978
f 1051/1166/997 1027/1147/978 1640/1816/1611
f 1638/1813/1608 1636/1809/1605 1059/1174/1005
f 1636/1809/1605 1634/1806/1602 1075/1194/1025
f 959/1229/1060 1099/1228/1059 1656/1837/1632
f 889/1073/904 959/1229/1060 1654/1834/1629
f 1123/1258/1089 1658/1839/1634 1656/1837/1632
f 1123/1258/1089 1147/1289/1120 1660/1842/1637
f 1662/1844/1639 1660/1842/1637 1147/1289/1120
f 1195/1349/1180 1664/1847/1642 1662/1844/1639
f 1664/1847/1642 1195/1349/1180 1219/1379/1210
f 1219/1379/1210 1243/1439/1270 1668/1851/1646
f 1670/1853/1648 1668/1851/1646 1243/1439/1270
f 1672/1855/1650 1670/1853/1648 1267/1460/1291
f 1674/1858/1653 1672/1855/1650 924/1032/863
f 1676/1860/1655 1674/1858/1653 805/901/732
f 1678/1863/1658 1676/1860/1655 812/900/731
f 1035/1210/1041 1083/1220/1051 1677/1862/1657
f 1083/1220/1051 1091/1239/1070 1675/1859/1654
f 1673/1857/1652 1675/1859/1654 1091/1239/1070
f 1107/1249/1080 1115/1269/1100 1671/1854/1649
f 1669/1852/1647 1671/1854/1649 1115/1269/1100
f 1667/1850/1645 1669/1852/1647 1131/1279/1110
f 1139/1299/1130 1155/1298/1129 1665/1848/1643
f 1163/1309/1140 1663/1845/1640 1665/1848/1643
f 1661/1843/1638 1663/1845/1640 1163/1309/1140
f 1179/1339/1170 1187/1360/1191 1659/1841/1636
f 1657/1838/1633 1659/1841/1636 1187/1360/1191
f 1203/1369/1200 1211/1389/1220 1655/1836/1631
f 1211/1389/1220 1227/1388/1219 1653/1833/1628
f 1651/1831/1626 1653/1833/1628 1227/1388/1219
f 1649/1829/1624 1651/1831/1626 1235/1419/1250
f 1647/1827/1622 1649/1829/1624 1251/1430/1261
f 1259/1429/1260 1275/1446/1277 1645/1824/1619
f 1643/1823/1618 1645/1824/1619 1275/1446/1277
f 756/841/672 763/840/671 1644/1822/1617
f 763/840/671 847/945/776 1646/1826/1621
f 847/945/776 995/1113/944 1648/1828/1623
f 1648/1828/1623 995/1113/944 882/991/822
f 1652/1832/1627 1650/1830/1625 882/991/822
f 1694/1890/1587 1693/1901/122 1680/1877/122
f 1695/1891/1580 1694/1890/1587 1681/1879/1587
f 1696/1892/20 1695/1891/1580 1682/1880/1580
f 1697/1893/1555 1696/1892/20 1683/1881/20
f 1698/1894/1562 1697/1893/1555 1684/1882/1555
f 1699/1895/320 1698/1894/1562 1685/1883/1562
f 1700/1896/1585 1699/1895/320 1686/1884/320
f 1701/1897/1593 1700/1896/1585 1687/1885/1585
f 1702/1898/237 1701/1897/1593 1688/1886/1593
f 1703/1899/1616 1702/1898/237 1689/1887/237
f 1704/1900/1607 1703/1899/1616 1690/1888/1616
f 1693/1901/122 1704/1900/1607 1691/1889/1607
f 1694/1890/403 1706/1910/403 1705/1902/403
f 1707/1903/403 1706/1910/403 1694/1890/403
f 1696/1892/403 1708/1913/403 1707/1903/403
f 1709/1904/403 1708/1913/403 1696/1892/403
f 1698/1894/403 1710/1917/403 1709/1904/403
f 1711/1905/403 1710/1917/403 1698/1894/403
f 1700/1896/403 1712/1906/403 1711/1905/403
f 1701/1897/403 1713/1907/403 1712/1906/403
f 1702/1898/403 1714/1922/403 1713/1907/403
f 1715/1908/403 1714/1922/403 1702/1898/403
f 1716/1909/403 1715/1908/403 1703/1899/403
f 1705/1902/403 1716/1909/403 1704/1900/403
f 1706/1910/1659 1732/1912/1663 1730/1911/1660
f 1707/1903/1662 1734/1914/1665 1732/1912/1663
f 1708/1913/1664 1736/1928/1687 1734/1914/1665
f 1738/1915/1666 1736/1928/1687 1708/1913/1664
f 1740/1916/1668 1738/1915/1666 1709/1904/1667
f 1742/1918/1670 1740/1916/1668 1710/1917/1669
f 1744/1919/1672 1742/1918/1670 1711/1905/1671
f 1746/1920/1674 1744/1919/1672 1712/1906/1673
f 1748/1921/1676 1746/1920/1674 1713/1907/1675
f 1715/1908/1678 1750/1923/1680 1748/1921/1676
f 1716/1909/1679 1752/1924/1681 1750/1923/1680
f 1705/1902/1661 1730/1911/1660 1752/1924/1681
f 1732/1912/1663 1731/1926/1683 1729/1925/1682
f 1731/1926/1683 1718/1864/1686 1717/1866/1684
f 1734/1914/1665 1733/1927/1685 1731/1926/1683
f 1733/1927/1685 1719/1867/1689 1718/1864/1686
f 1736/1928/1687 1735/1929/1688 1733/1927/1685
f 1735/1929/1688 1720/1868/1817 1719/1867/1689
f 1737/1930/1690 1735/1929/1688 1736/1928/1687
f 1721/1869/1691 1720/1868/1817 1735/1929/1688
f 1739/1931/1692 1737/1930/1690 1738/1915/1666
f 1722/1870/1693 1721/1869/1691 1737/1930/1690
f 1741/1932/1694 1739/1931/1692 1740/1916/1668
f 1723/1871/1695 1722/1870/1693 1739/1931/1692
f 1743/1933/1696 1741/1932/1694 1742/1918/1670
f 1724/1872/1697 1723/1871/1695 1741/1932/1694
f 1745/1934/1698 1743/1933/1696 1744/1919/1672
f 1725/1873/1699 1724/1872/1697 1743/1933/1696
f 1747/1935/1700 1745/1934/1698 1746/1920/1674
f 1726/1874/1701 1725/1873/1699 1745/1934/1698
f 1750/1923/1680 1749/1936/1702 1747/1935/1700
f 1749/1936/1702 1727/1875/1704 1726/1874/1701
f 1752/1924/1681 1751/1937/1703 1749/1936/1702
f 1751/1937/1703 1728/1876/1705 1727/1875/1704
f 1730/1911/1660 1729/1925/1682 1751/1937/1703
f 1729/1925/1682 1717/1866/1684 1728/1876/1705
f 1768/1964/237 1767/1975/1593 1754/1951/1593
f 1769/1965/1616 1768/1964/237 1755/1953/237
f 1770/1966/1607 1769/1965/1616 1756/1954/1616
f 1771/1967/122 1770/1966/1607 1757/1955/1607
f 1772/1968/1587 1771/1967/122 1758/1956/122
f 1773/1969/1580 1772/1968/1587 1759/1957/1587
f 1774/1970/20 1773/1969/1580 1760/1958/1580
f 1775/1971/1555 1774/1970/20 1761/1959/20
f 1776/1972/1562 1775/1971/1555 1762/1960/1555
f 1777/1973/320 1776/1972/1562 1763/1961/1562
f 1778/1974/1585 1777/1973/320 1764/1962/320
f 1767/1975/1593 1778/1974/1585 1765/1963/1585
f 1768/1964/403 1780/1985/403 1779/1976/403
f 1781/1977/403 1780/1985/403 1768/1964/403
f 1782/1978/403 1781/1977/403 1769/1965/403
f 1783/1979/403 1782/1978/403 1770/1966/403
f 1772/1968/403 1784/1991/403 1783/1979/403
f 1785/1980/403 1784/1991/403 1772/1968/403
f 1774/1970/403 1786/1994/403 1785/1980/403
f 1787/1981/403 1786/1994/403 1774/1970/403
f 1788/1982/403 1787/1981/403 1775/1971/403
f 1789/1983/403 1788/1982/403 1776/1972/403
f 1790/1984/403 1789/1983/403 1777/1973/403
f 1767/1975/403 1779/1976/403 1790/1984/403
f 1780/1985/1706 1806/1987/1710 1804/1986/1707
f 1781/1977/1709 1808/1988/1712 1806/1987/1710
f 1782/1978/1711 1810/2002/1734 1808/1988/1712
f 1812/1989/1713 1810/2002/1734 1782/1978/1711
f 1814/1990/1715 1812/1989/1713 1783/1979/1714
f 1816/1992/1717 1814/1990/1715 1784/1991/1716
f 1818/1993/1719 1816/1992/1717 1785/1980/1718
f 1820/1995/1721 1818/1993/1719 1786/1994/1720
f 1822/1996/1723 1820/1995/1721 1787/1981/1722
f 1789/1983/1725 1824/1997/1727 1822/1996/1723
f 1790/1984/1726 1826/1998/1728 1824/1997/1727
f 1779/1976/1708 1804/1986/1707 1826/1998/1728
f 1806/1987/1710 1805/2000/1730 1803/1999/1729
f 1805/2000/1730 1792/1938/1733 1791/1940/1731
f 1808/1988/1712 1807/2001/1732 1805/2000/1730
f 1807/2001/1732 1793/1941/1736 1792/1938/1733
f 1810/2002/1734 1809/2003/1735 1807/2001/1732
f 1809/2003/1735 1794/1942/1818 1793/1941/1736
f 1811/2004/1737 1809/2003/1735 1810/2002/1734
f 1795/1943/1738 1794/1942/1818 1809/2003/1735
f 1813/2005/1739 1811/2004/1737 1812/1989/1713
f 1796/1944/1740 1795/1943/1738 1811/2004/1737
f 1815/2006/1741 1813/2005/1739 1814/1990/1715
f 1797/1945/1742 1796/1944/1740 1813/2005/1739
f 1817/2007/1743 1815/2006/1741 1816/1992/1717
f 1798/1946/1744 1797/1945/1742 1815/2006/1741
f 1819/2008/1745 1817/2007/1743 1818/1993/1719
f 1799/1947/1746 1798/1946/1744 1817/2007/1743
f 1821/2009/1747 1819/2008/1745 1820/1995/1721
f 1800/1948/1748 1799/1947/1746 1819/2008/1745
f 1824/1997/1727 1823/2010/1749 1821/2009/1747
f 1823/2010/1749 1801/1949/1751 1800/1948/1748
f 1826/1998/1728 1825/2011/1750 1823/2010/1749
f 1825/2011/1750 1802/1950/1752 1801/1949/1751
f 1804/1986/1707 1803/1999/1729 1825/2011/1750
f 1803/1999/1729 1791/1940/1731 1802/1950/1752
f 1842/2038/1562 1841/2049/1555 1828/2025/1555
f 1843/2039/320 1842/2038/1562 1829/2027/1562
f 1844/2040/1585 1843/2039/320 1830/2028/320
f 1845/2041/1593 1844/2040/1585 1831/2029/1585
f 1846/2042/237 1845/2041/1593 1832/2030/1593
f 1847/2043/1616 1846/2042/237 1833/2031/237
f 1848/2044/1607 1847/2043/1616 1834/2032/1616
f 1849/2045/122 1848/2044/1607 1835/2033/1607
f 1850/2046/1587 1849/2045/122 1836/2034/122
f 1851/2047/1580 1850/2046/1587 1837/2035/1587
f 1852/2048/20 1851/2047/1580 1838/2036/1580
f 1841/2049/1555 1852/2048/20 1839/2037/20
f 1842/2038/403 1854/2057/403 1853/2050/403
f 1855/2051/403 1854/2057/403 1842/2038/403
f 1844/2040/403 1856/2060/403 1855/2051/403
f 1857/2052/403 1856/2060/403 1844/2040/403
f 1846/2042/403 1858/2064/403 1857/2052/403
f 1859/2053/403 1858/2064/403 1846/2042/403
f 1860/2054/403 1859/2053/403 1847/2043/403
f 1849/2045/403 1861/2068/403 1860/2054/403
f 1862/2055/403 1861/2068/403 1849/2045/403
f 1851/2047/403 1863/2056/403 1862/2055/403
f 1852/2048/403 1864/2070/403 1863/2056/403
f 1853/2050/403 1864/2070/403 1852/2048/403
f 1854/2057/1753 1880/2059/1757 1878/2058/1754
f 1855/2051/1756 1882/2061/1759 1880/2059/1757
f 1856/2060/1758 1884/2076/1781 1882/2061/1759
f 1886/2062/1760 1884/2076/1781 1856/2060/1758
f 1888/2063/1762 1886/2062/1760 1857/2052/1761
f 1890/2065/1764 1888/2063/1762 1858/2064/1763
f 1892/2066/1766 1890/2065/1764 1859/2053/1765
f 1894/2067/1768 1892/2066/1766 1860/2054/1767
f 1896/2069/1770 1894/2067/1768 1861/2068/1769
f 1863/2056/1772 1898/2071/1774 1896/2069/1770
f 1864/2070/1773 1900/2072/1775 1898/2071/1774
f 1853/2050/1755 1878/2058/1754 1900/2072/1775
f 1880/2059/1757 1879/2074/1777 1877/2073/1776
f 1879/2074/1777 1866/2012/1780 1865/2014/1778
f 1882/2061/1759 1881/2075/1779 1879/2074/1777
f 1881/2075/1779 1867/2015/1783 1866/2012/1780
f 1884/2076/1781 1883/2077/1782 1881/2075/1779
f 1883/2077/1782 1868/2016/1819 1867/2015/1783
f 1885/2078/1784 1883/2077/1782 1884/2076/1781
f 1869/2017/1785 1868/2016/1819 1883/2077/1782
f 1887/2079/1786 1885/2078/1784 1886/2062/1760
f 1870/2018/1787 1869/2017/1785 1885/2078/1784
f 1889/2080/1788 1887/2079/1786 1888/2063/1762
f 1871/2019/1789 1870/2018/1787 1887/2079/1786
f 1891/2081/1790 1889/2080/1788 1890/2065/1764
f 1872/2020/1791 1871/2019/1789 1889/2080/1788
f 1893/2082/1792 1891/2081/1790 1892/2066/1766
f 1873/2021/1793 1872/2020/1791 1891/2081/1790
f 1895/2083/1794 1893/2082/1792 1894/2067/1768
f 1874/2022/1795 1873/2021/1793 1893/2082/1792
f 1898/2071/1774 1897/2084/1796 1895/2083/1794
f 1897/2084/1796 1875/2023/1798 1874/2022/1795
f 1900/2072/1775 1899/2085/1797 1897/2084/1796
f 1899/2085/1797 1876/2024/1799 1875/2023/1798
f 1878/2058/1754 1877/2073/1776 1899/2085/1797
f 1877/2073/1776 1865/2014/1778 1876/2024/1799
