{
  "times": [
    0.029999999329447746,
    10.930000305175781,
    18.06999969482422,
    22.06999969482422
  ],
  "version": 1
}
