{
  "times": [
    0.10000000149011612,
    0.12999999523162842,
    4.75,
    10.449999809265137,
<<<<<<< Updated upstream
    15.170000076293945
=======
    15.170000076293945,
    19.299999237060547
>>>>>>> Stashed changes
  ],
  "version": 1
}
