{
  "times": [
    10.449999809265137,
    15.170000076293945,
    21.280000686645508,
    168.02000427246094
  ],
  "version": 1
}
