{
  "times": [
    0.10000000149011612,
    0.12999999523162842,
    4.75,
    10.449999809265137,
    15.170000076293945
  ],
  "version": 1
}
