{
  "times": [
    6.320000171661377,
    12.350000381469727
  ],
  "version": 1
}
