{
  "times": [
    0.019999999552965164,
    0.019999999552965164,
    0.019999999552965164,
    0.029999999329447746,
    0.029999999329447746
  ],
  "version": 1
}
