{
  "times": [
    0.10000000149011612,
    0.12999999523162842,
    10.449999809265137,
    15.170000076293945,
    21.280000686645508
  ],
  "version": 1
}
