# Blender 4.4.1
# www.blender.org
mtllib turtle.mtl
o 球.001
v 0.871398 6.880730 -5.163952
v 2.409741 7.167620 3.512302
v 2.305772 7.283124 3.332208
v -1.985012 6.917251 4.893235
v 1.372398 9.147530 1.618700
v -0.076213 8.972095 3.169754
v -2.022564 5.958998 -5.137773
v -2.725991 5.623226 -4.807751
v 2.260272 7.031026 4.066318
v -0.423741 7.153451 5.191379
v 0.175807 8.776314 3.780843
v 1.643893 9.058767 2.019307
v 4.206839 7.004581 1.292223
v 1.767548 7.127459 4.408052
v -0.239516 9.538271 0.628064
v -0.394798 7.584503 4.910794
v -2.720007 8.655274 1.412266
v -0.022507 7.819615 4.841299
v 0.292810 9.559696 -0.131390
v -0.487238 9.360060 -1.321484
v -4.396457 6.669877 1.014586
v -1.050883 7.496939 4.806629
v -0.763381 9.359758 1.714637
v -3.009586 6.924664 3.953365
v -0.944596 9.097887 -1.920981
v -2.249691 8.189545 -1.685890
v -4.283051 7.118240 0.488929
v -2.014268 6.222491 -5.052172
v -4.638995 6.220568 0.176158
v -3.823294 7.067170 2.434144
v 0.316206 9.546869 0.666711
v 4.509819 6.670074 0.463680
v -3.964703 7.292266 1.714246
v 1.311657 8.035676 3.470214
v 2.308532 6.195361 -5.069497
v -3.901372 7.698479 0.931168
v -1.541318 6.482924 5.245685
v 2.561504 7.185533 3.367128
v -1.225978 4.764680 -5.906782
v -3.108516 7.323257 3.439918
v -0.986691 9.389849 2.036751
v 0.014986 9.561588 -0.301242
v -3.257479 7.277915 3.272019
v 0.312594 9.568954 0.191151
v 4.038362 6.654469 2.568561
v 2.988420 7.279411 2.933693
v 0.554912 9.438286 1.280567
v 1.714010 7.346973 3.877622
v -1.804382 7.733846 4.221256
v 1.975550 7.174446 3.921995
v 1.428148 7.338010 4.425831
v -3.342926 7.083540 3.361400
v 2.578676 6.919351 4.045467
v -1.987066 7.736953 4.045096
v -1.393321 7.849644 -2.967250
v 0.506313 8.537635 4.354828
v -2.933217 8.112679 3.155133
v 0.148595 7.063035 5.259842
v -2.973890 7.342761 3.593978
v -3.786929 6.651035 3.009627
v -1.084426 6.910448 5.159661
v -3.577525 7.605228 2.446682
v -3.044917 7.507421 3.348623
v 1.214787 7.714437 4.047781
v -1.665637 8.883076 1.546484
v -1.126083 6.470030 5.347343
v -0.838168 7.575571 4.816602
v -4.474469 6.694853 -0.924270
v 0.253002 7.899959 4.926216
v -2.695395 7.972375 -1.475016
v -0.471729 7.667006 4.837829
v 2.169694 6.947279 4.506079
v 0.146082 5.699383 5.537325
v 0.968646 8.927599 3.532803
v 4.567179 6.220822 1.641472
v 4.757246 6.237672 -1.166309
v -1.456744 4.622940 -5.780487
v 3.392605 7.873061 -0.690946
v -4.499059 6.688010 -0.078627
v -3.863902 7.714948 1.179545
v -4.059002 7.493157 0.738063
v 2.685190 7.373013 2.930383
v 2.187306 6.765042 5.089489
v 2.978607 6.056999 4.630515
v -2.118638 6.350067 5.113643
v -2.401573 5.866253 5.088511
v 2.003119 6.160882 5.228166
v 2.063004 6.883243 4.844347
v -1.513704 6.916052 5.045343
v -2.325579 6.607064 4.876071
v -2.095733 6.827550 4.901302
v 1.894587 6.236625 -5.263436
v -2.095585 6.803252 -4.363481
v 2.033780 6.492631 -5.079237
v 2.423506 6.793076 4.892923
v -2.534953 7.705501 -1.567426
v 2.751631 6.589273 -4.479445
v 1.079079 9.545425 -0.652591
v -2.733891 8.737998 -0.577029
v 3.093907 5.751348 -4.659280
v 3.261155 8.315689 0.284433
v -3.152222 6.428587 -3.884304
v 3.232736 6.375589 -4.159256
v -2.883418 6.881458 -3.862941
v 3.513210 5.908422 -4.098361
v -3.382408 6.424297 -3.631491
v 3.433424 6.409073 -3.929938
v -3.488937 6.843448 -3.226645
v -0.004681 9.557107 0.598757
v 3.916226 6.554078 -3.282783
v -3.954768 6.507378 -2.831335
v -0.492385 9.195270 -1.992352
v -2.595570 7.484481 -1.758483
v -4.660483 6.183869 -0.352048
v -4.362020 6.553182 -1.869397
v -3.160435 8.453116 1.762629
v 3.708398 7.746536 1.825239
v -0.652502 6.918975 5.260403
v -1.913587 8.366838 2.506109
v 1.767435 7.494700 3.480097
v 1.941561 7.816579 2.712087
v -4.144536 7.448446 -0.364183
v 2.185660 8.502766 -0.388702
v -4.399457 6.909715 0.207746
v 4.385708 6.910581 0.402962
v 4.067449 7.448845 0.314706
v -4.155532 7.315258 0.742572
v -3.427364 7.228392 -2.484987
v -4.800095 5.271066 -1.210049
v 4.213223 6.852103 1.673240
v 0.523495 9.129375 2.844911
v -3.715741 8.047320 1.568160
v -3.922508 7.503876 1.458875
v -3.757272 7.931433 1.133575
v 0.494826 5.019692 -6.036483
v -4.012601 7.514891 0.968965
v -3.694534 8.104977 1.997461
v 2.580528 8.847929 0.714009
v -3.470870 8.030985 2.470091
v 3.525519 7.884460 1.468904
v 3.905719 7.417811 1.251740
v 3.505935 7.927081 1.936731
v 3.151621 7.703446 2.180297
v -3.816324 6.863515 2.719507
v 1.462749 9.498372 0.054178
v -3.830182 7.276406 2.156743
v -1.522390 8.740568 2.483069
v -3.761698 7.496846 2.090842
v -3.992233 7.088374 1.968925
v -3.755430 7.772442 1.827849
v 3.955376 7.275997 1.832102
v 4.024820 7.080794 2.001165
v 4.059622 7.047018 1.728260
v 3.849357 7.489973 1.684662
v -3.736040 7.270956 2.397959
v -3.590595 6.875215 3.159564
v 2.719653 7.571255 2.624639
v 3.328356 7.119192 2.912545
v 3.450791 6.957351 3.628771
v -3.384176 7.292818 3.054354
v -2.697147 8.071354 2.339017
v -3.273884 7.480418 3.054446
v 1.080998 7.973566 3.978183
v 2.884887 7.633238 2.459231
v -3.352554 8.322529 2.080092
v 3.946576 7.009843 3.016359
v -3.649677 7.799557 2.164743
v 2.260473 7.921005 2.477944
v 2.545846 7.498574 2.787713
v 0.000012 4.778199 -6.128345
v 3.714323 7.026241 3.323414
v -3.610875 7.086489 2.875864
v -2.352797 7.960229 3.625279
v -0.101728 9.209568 -1.989064
v -3.163362 8.088888 2.846281
v 2.795152 7.253022 3.087185
v -2.629035 8.050913 3.367703
v -2.612637 7.808911 3.546860
v -2.103380 8.458696 3.379786
v -3.311178 6.939020 3.544020
v -2.869700 8.241331 2.778339
v 1.172026 9.103627 2.596485
v -3.695786 5.666309 -3.757254
v -4.567218 6.451876 0.184987
v 4.636642 6.428428 0.186839
v -4.704618 5.996938 0.171495
v -3.573408 8.219408 -1.022979
v 2.141497 8.851734 2.023210
v -4.580481 5.989304 1.300758
v 4.708604 5.999420 1.388144
v -4.433715 6.440887 1.285879
v 4.524852 6.445065 1.357058
v -4.458603 6.211977 1.554131
v -4.163045 6.672246 2.026493
v -4.000258 6.887846 2.231222
v -4.135576 6.459940 2.372827
v -3.973533 6.403375 2.850904
v -4.148383 6.885852 1.758812
v -4.317025 6.434480 1.810937
v -3.731646 7.051656 2.663288
v -4.310549 5.928492 2.418405
v -4.493726 5.899397 1.823262
v 0.000683 5.503366 -5.958044
v -3.898100 6.636569 2.780540
v -4.116835 7.102209 1.494407
v -4.321896 6.184449 2.112230
v 4.399115 6.014452 2.443187
v -4.517350 6.444306 0.746554
v -0.719244 9.209963 2.230128
v -3.910799 7.076248 2.199820
v -4.083806 6.691351 2.242646
v -4.396899 6.192613 1.828329
v -2.407362 5.180433 -5.244062
v -4.234876 6.176876 2.389949
v -4.077606 6.887284 1.995678
v -2.839031 7.358527 3.751124
v -4.069140 7.317698 1.232277
v -3.489914 7.093199 3.099958
v -4.147529 6.163006 2.654373
v 4.063006 6.452017 2.878407
v 3.353394 7.003352 3.148152
v -4.296918 6.665945 1.532352
v 4.043501 6.882210 2.294779
v 4.031614 6.718529 2.878289
v 3.208815 7.306669 2.777168
v 3.663436 7.163630 3.079310
v 3.891076 7.286702 2.557895
v 4.224161 6.442686 2.373020
v 3.855385 7.207951 2.817972
v 3.998399 7.155204 2.299435
v 4.250789 6.635458 1.968405
v 4.219861 6.224449 2.644097
v 3.482390 7.435776 2.511722
v 3.612749 7.319053 2.739834
v -3.739249 6.452662 3.289349
v 4.557781 5.489421 -2.462547
v 3.138924 6.993421 3.437472
v -3.159048 7.165404 3.547596
v -3.790959 6.273428 3.341427
v 2.979234 6.962884 3.606069
v -3.871447 5.987243 3.404458
v -4.024961 6.609086 2.504994
v -3.342255 7.704682 2.772550
v -3.544368 6.660505 3.438561
v 3.688137 6.818614 3.682201
v 3.816969 6.359885 3.495047
v 3.990997 5.958699 3.341906
v 4.390644 6.428915 1.877198
v 4.232964 5.913614 2.899354
v 4.396306 6.220340 2.169080
v 3.089589 7.140975 3.099693
v 3.975021 6.145489 3.259099
v -4.122390 5.925498 2.924999
v 4.309226 6.226837 2.406721
v 0.371496 7.249978 5.220814
v 4.492167 6.208504 1.912203
v 4.136709 6.664615 2.337176
v 4.124442 6.195040 2.904228
v 3.845977 6.804427 3.449239
v 4.143386 6.448432 2.623254
v 4.099411 6.855470 2.028652
v 4.042925 6.976510 2.615098
v -3.571068 6.094960 3.822220
v 3.687899 6.617433 3.856976
v 2.949727 6.825234 3.913920
v -3.237569 6.020792 4.284775
v 3.335942 5.951904 4.290325
v 3.263272 6.566636 4.408827
v 3.713164 5.922880 3.816053
v 3.344875 6.801369 4.052537
v 3.144828 5.718929 4.508321
v 3.484184 6.244666 4.095961
v -3.609881 5.886564 3.891708
v 3.523731 6.813066 3.876424
v 3.333759 6.219135 4.282995
v 3.146433 6.795230 4.216766
v 3.645576 6.238689 3.862859
v 3.113855 6.288114 4.498334
v -3.474791 6.364519 3.776570
v -3.128638 6.503795 4.129542
v -3.227868 6.695476 3.864696
v -3.179058 6.319947 4.186039
v -3.060968 6.204922 4.383831
v -3.072111 6.707955 4.047311
v 2.947770 6.801362 4.363827
v -3.390624 6.672010 3.656481
v -3.702478 6.159828 3.579494
v -2.808344 6.488615 4.487071
v -1.762136 6.184238 5.290874
v 0.825701 7.658758 4.988333
v -2.587720 6.237791 4.819376
v -1.184856 5.490932 5.612905
v -0.862006 5.220720 5.720195
v 1.121025 6.440722 5.387483
v 1.366139 6.204925 5.379582
v 1.138578 6.203669 5.439621
v 1.572377 6.483304 5.338778
v -1.318784 6.703130 5.205004
v -1.297774 6.911699 5.103558
v -0.454090 8.685507 3.628332
v -0.152241 7.555967 4.977364
v 1.259653 9.168511 1.956465
v -0.359266 8.946254 3.113410
v -0.751743 8.927696 3.005010
v -1.393123 9.048433 2.615892
v -1.397413 8.876053 3.027839
v 2.573648 8.544702 1.944029
v 0.287772 8.917633 3.520927
v -4.605716 6.220469 -1.079277
v 0.358238 9.340937 1.998319
v -0.212646 9.292301 2.062069
v 0.700801 9.307240 1.872128
v -0.290500 9.165009 2.516914
v -0.164007 7.350831 5.094005
v -0.568690 9.308919 1.948715
v 0.681171 9.099150 3.074091
v -0.682884 9.121520 2.558589
v 0.933390 9.171965 2.357382
v 0.106375 9.446189 1.409437
v 1.343571 8.794991 2.963354
v 1.168929 9.153702 2.221769
v -1.650456 8.772223 3.144783
v 0.135687 8.051241 4.713887
v 0.551495 9.435385 -1.057455
v 0.038079 9.581893 0.043211
v 1.645968 8.870132 2.489004
v -1.424345 7.335389 4.797992
v 0.911141 6.201678 5.489345
v -0.639515 7.145297 5.150816
v 4.860985 5.681697 -0.240665
v -0.143574 8.721533 3.697652
v -1.083363 8.639622 3.424873
v -0.190346 9.061757 2.895061
v -1.124432 9.262994 2.379929
v -0.081455 9.529026 0.841006
v -1.891000 9.150368 -0.179158
v 1.970103 5.396644 5.390265
v -1.460522 8.338443 3.679929
v -1.260518 7.765556 4.483809
v -0.262230 8.837791 3.403366
v -0.965096 8.023411 4.363863
v -1.336262 8.684507 3.287800
v 1.174653 8.333557 3.467249
v 1.377155 8.983024 2.776985
v -1.134635 8.942089 2.896851
v 0.938317 7.931145 4.311489
v -0.660363 8.527071 3.832297
v -0.489892 9.215407 2.259829
v 0.293964 9.481470 1.117791
v 0.639124 8.082994 4.658680
v -0.495569 4.775232 -6.067307
v -0.517116 9.356328 1.613557
v -0.454951 9.044393 2.817777
v -0.948151 9.059141 2.711298
v 0.419615 8.359030 4.570969
v -0.903501 9.411980 1.525830
v -2.097075 9.283381 0.833386
v 0.389578 8.689483 -3.011581
v -1.125583 9.462930 1.706802
v -1.440907 8.932468 1.855961
v -1.375661 9.399675 1.444604
v -1.031256 7.824090 4.540221
v -2.650050 8.321777 2.065813
v -2.453522 8.478000 1.911239
v 0.178716 8.465960 4.289235
v -0.454062 8.839199 -2.340983
v -1.470933 9.478454 0.925763
v -2.376601 7.336814 4.254304
v 3.228895 8.203561 -0.490136
v -1.466774 4.756649 -5.810542
v -4.791506 5.685396 -0.264584
v -3.755086 7.953680 -0.683922
v -1.013899 9.450014 1.277418
v -1.408104 8.668179 2.202968
v -1.628566 5.700485 -5.480624
v -1.271454 7.117300 4.993765
v 0.147910 9.364697 1.944697
v 0.847576 8.613251 -3.346135
v 0.278154 9.024046 3.203265
v -3.116961 5.904430 -4.310829
v -0.481813 5.501257 -5.935969
v 2.065696 8.797467 -1.628722
v 1.236098 9.248167 1.287057
v -4.744334 4.937093 -1.720064
v 0.834595 9.106245 3.286342
v 1.162743 9.059586 2.998551
v 1.432553 6.709842 5.340379
v 0.911600 8.777218 3.740405
v 1.060557 8.617758 3.464711
v 1.605484 6.231174 -5.379259
v 1.669649 8.384834 2.693397
v 3.118544 7.964550 -0.793053
v -1.476303 7.125169 4.927929
v 1.240968 8.531968 3.202534
v 2.512629 7.065830 3.697186
v -1.841842 8.626678 2.845019
v 1.830756 8.641449 2.385770
v -1.789230 8.377669 3.527745
v -0.372381 8.187372 4.377403
v -1.318489 9.070088 2.089987
v 0.532296 8.871489 3.868667
v -2.763222 8.475574 1.748366
v 0.720913 8.660141 4.050061
v 3.811305 7.508852 2.208350
v 2.549522 8.019320 2.245953
v 0.371323 8.680517 4.136873
v 0.887968 9.129831 2.701328
v 0.971406 8.453608 3.743126
v 1.445062 8.455534 2.945951
v -0.283291 9.420992 1.366063
v 0.769232 9.366800 1.457688
v 1.429125 9.082551 2.410400
v -4.455070 6.224272 -1.913217
v 0.772254 9.391325 -1.281026
v -0.411342 9.536815 0.322465
v -0.629054 9.517366 -0.000560
v -0.481030 9.499952 0.688627
v -1.311902 8.944471 -1.848068
v 1.980264 8.732173 -0.278875
v 1.035299 9.251102 1.639161
v -4.054764 6.997979 -2.158111
v 2.757947 8.034678 -1.499274
v 1.912292 7.658586 2.949108
v 0.990552 9.329788 1.242350
v -0.685427 9.527658 -0.357193
v -2.769557 7.204726 -2.758685
v 0.789900 9.537193 -0.475462
v 0.527792 9.506502 -0.636983
v 0.274386 9.475178 -0.850575
v 0.341864 9.331842 -1.462175
v -0.185178 8.401336 4.191082
v 0.185003 7.645411 5.021737
v -4.760850 5.675759 -0.839780
v 0.878389 7.746933 4.644999
v -0.661702 8.739990 -2.211349
v -0.033019 9.159081 2.679419
v 0.009444 8.598553 4.002161
v 0.729584 8.427616 4.265374
v 0.384382 8.091228 4.713025
v -4.200027 7.332385 0.240380
v -4.253336 5.285272 -2.967361
v 0.256630 9.401744 1.692574
v -0.247728 9.545657 -0.472107
v 2.020884 8.596144 -1.351428
v -2.328228 8.446053 3.124947
v 0.192794 8.990517 -2.485772
v -4.058208 7.093438 1.734013
v 2.088422 6.445860 5.217139
v 0.460018 6.203531 -5.598178
v 0.891549 8.251318 4.066195
v -4.509948 6.212809 1.292275
v 0.623652 8.984979 -2.316206
v 0.007834 9.520858 -0.658894
v -0.017516 9.274836 -1.632351
v -0.200190 8.899378 -2.437319
v -1.536377 6.700320 5.149607
v 1.416991 9.289718 0.940592
v -1.032324 9.263471 -1.628937
v -0.754218 9.335096 -1.445180
v -4.221224 4.573662 -3.095575
v 1.568953 9.315512 -0.670708
v 0.913298 6.449561 -5.473161
v 2.818935 8.436671 -0.015457
v 2.369445 8.632648 -1.745683
v -0.966811 9.431980 -0.747105
v 0.951740 9.542011 -0.060047
v 1.163927 9.494393 -1.030543
v -0.874839 7.840743 -2.975153
v -4.376637 6.901621 0.482079
v -1.233804 9.288311 -1.247676
v 1.350225 9.533461 -0.666652
v -2.342783 7.596270 -1.893499
v 0.378119 5.494400 -5.929714
v 0.086259 7.395672 -4.348434
v 4.406528 6.754097 1.073304
v 1.452456 9.352922 -1.118672
v -4.703643 5.987081 -0.620475
v -1.588462 9.273010 0.001288
v -0.131969 9.368294 -1.362076
v -0.261513 9.491999 -0.839816
v -1.264859 9.368512 0.089881
v -0.334547 8.550306 3.912183
v -3.601974 8.152202 -0.484241
v 1.691890 9.059402 1.543843
v 0.333430 9.145121 -1.970288
v -1.920985 9.051786 -1.108579
v -1.611663 9.006815 -1.655864
v -1.853510 5.695598 -5.377005
v -4.302138 7.004587 -1.287634
v 0.128222 9.528208 0.850697
v 1.649251 9.373834 0.438219
v -1.083063 8.206024 4.088132
v 0.178203 9.141249 2.764748
v 1.825929 7.501783 -4.217084
v 1.718575 9.407040 0.083511
v 1.651174 9.041224 -1.323894
v -0.897303 8.339467 3.997835
v 2.069440 8.403405 2.307383
v 4.078551 7.225958 1.051045
v 2.797185 8.119963 1.980315
v -0.839926 7.345610 4.976540
v 2.100460 4.991261 5.375207
v 2.518649 6.034168 4.966156
v -2.124866 8.410924 2.323549
v -2.938350 8.252076 2.050281
v 1.875803 8.323593 2.510850
v 2.314658 8.422937 2.092107
v 4.260641 7.213044 0.138233
v 1.883636 9.100209 1.143701
v 1.829313 8.896886 2.257480
v 3.166918 8.069450 1.993426
v 3.226343 7.526019 2.411351
v 3.553789 7.670543 2.225477
v -2.431439 6.473714 4.849658
v -2.182145 8.505711 2.045023
v -0.684408 9.362666 1.346183
v 1.236032 8.393950 -3.413211
v -1.840074 8.975371 1.131363
v 0.606183 9.536495 -0.083053
v -2.485069 6.005423 4.987647
v -2.487084 8.239789 2.702745
v 2.535979 6.558743 5.031688
v 4.027643 7.766232 -0.322869
v -1.929197 8.534904 2.201853
v -1.635520 8.763454 1.902911
v -1.959915 8.829493 1.409286
v -2.200702 8.314073 2.583879
v -2.399140 8.334091 2.281374
v -1.942919 8.686743 1.803094
v -2.460552 8.807055 1.128229
v -2.162021 9.035481 -0.167195
v 2.033313 8.555171 -0.709870
v -3.372072 6.199892 4.021444
v -4.744344 5.877971 -0.375286
v -1.340147 9.351351 -0.333535
v -3.446411 8.302189 -0.233576
v -3.033506 8.579594 -0.060505
v -4.214392 7.109244 0.998758
v -2.575688 8.829098 -0.249192
v -2.148103 8.870600 1.106743
v -3.405295 8.408643 0.955270
v -2.680006 8.863500 0.472736
v -2.803404 9.010657 0.945551
v -3.609357 8.131302 0.407417
v 3.177329 8.248734 1.319315
v -2.987068 8.677580 0.356557
v -3.763571 7.923074 0.709084
v 3.906831 6.696163 -2.660044
v 1.207951 9.547916 -0.307317
v -3.609886 8.263584 1.256384
v -2.951106 8.555765 1.473654
v 1.518288 8.614401 -2.846251
v -3.440012 8.305691 0.522616
v -3.014183 8.823133 0.765221
v -3.817159 4.560165 -3.772659
v -2.384462 9.086070 0.479486
v -3.210383 8.556820 0.655514
v -2.145478 5.215999 -5.408688
v -2.352930 9.186699 0.855508
v -3.211557 8.687082 1.079674
v -3.836285 7.709648 1.440981
v -2.430719 8.949843 0.057966
v -2.409646 8.882339 -0.742049
v -2.983756 8.603023 -0.478368
v 1.535328 9.188845 1.182219
v 2.965234 8.568312 0.434542
v 3.572089 7.826230 1.048460
v -2.251905 8.606443 1.758085
v -1.614949 9.241156 -0.377858
v -3.184737 5.852511 4.428990
v 3.229454 8.208485 0.906230
v 2.001568 8.975498 1.546563
v 2.296817 8.877619 1.584997
v 0.352551 9.246655 2.367009
v 2.183657 8.993298 1.130884
v 0.890524 9.126344 3.013004
v 2.823487 8.404090 1.876883
v 2.892367 8.599121 0.794157
v 3.286502 8.224523 0.552770
v -2.205636 8.736223 1.461627
v 3.642133 7.837681 0.641032
v 3.368261 8.040110 1.185644
v -2.609926 9.101755 0.724860
v 2.283700 8.567140 -0.104082
v 2.399002 8.985896 0.388512
v 3.091928 8.400074 0.657189
v 3.046413 8.413453 1.081391
v 2.819459 8.050392 -0.893157
v -2.923737 8.646577 -0.856395
v -0.044245 9.385606 1.698932
v -2.475430 8.625757 1.569571
v 2.539836 8.268404 2.050537
v -0.440122 9.292929 -1.650932
v 2.373707 8.315636 -1.194217
v -4.333363 4.182601 -2.500026
v -4.545248 6.449246 0.467926
v 0.005814 9.464586 -0.987103
v -2.724033 7.578207 -1.589670
v -1.716052 8.777960 -1.777535
v -2.864775 8.729898 -1.129344
v 1.433661 9.117409 -1.905786
v -2.321886 8.849890 -1.598530
v -0.917441 8.852425 -2.070100
v -0.246907 5.021338 -6.068740
v -1.676951 8.482510 -1.976748
v -1.867116 8.250626 -2.284486
v -2.067131 8.321162 -1.977999
v 1.066838 9.016171 -2.184134
v -0.273247 8.343755 -2.740704
v -1.108601 8.526483 -1.975385
v 0.440591 8.179404 -3.543790
v 0.022749 8.660143 -2.737440
v 1.590618 8.821798 -2.496446
v 2.093040 6.319194 -5.137853
v 0.263405 9.528770 -0.488864
v 1.823174 6.453844 -5.190081
v 1.471968 8.968750 -2.239363
v 1.944341 9.266400 0.341509
v -2.393412 6.550796 -4.622214
v 1.758151 8.916368 -2.279960
v 2.465407 8.287921 -1.527513
v -1.935794 7.966414 -1.738906
v 2.528066 8.262847 -0.585345
v -1.384364 8.410170 -2.090490
v 2.703779 8.255939 -0.289559
v -4.061662 5.960531 -3.068420
v -3.389873 8.520996 1.362314
v 4.645206 6.794835 -1.417482
v 2.729109 8.685851 0.209496
v -3.682192 7.202469 -2.813863
v 2.651488 8.136133 -1.872881
v 0.754493 8.795827 -2.933489
v 2.464834 8.411623 -0.222901
v 0.005496 5.956259 -5.702135
v 1.246621 9.481077 0.335018
v 1.614375 9.061607 -0.973730
v -2.320637 8.941605 -0.403760
v -0.736668 5.048477 -5.996382
v -1.843217 8.992846 -1.541223
v -2.382541 7.917790 -1.550766
v 2.393873 8.300796 -0.894605
v -3.905655 5.685596 -3.446312
v 2.465177 8.715343 0.093953
v -1.888504 6.602456 -4.933710
v 1.731972 9.017404 -0.495664
v -4.722499 5.726871 -1.118732
v 3.082298 8.481880 0.022930
v 0.367572 7.921530 -3.728189
v 0.447344 7.851419 -4.134296
v 0.618023 9.237660 -1.627946
v 0.234767 8.211671 -3.193672
v 0.832471 8.878729 -2.547657
v 0.265906 8.821239 -2.751305
v 0.523077 8.480169 -3.403010
v -1.073410 8.310831 -2.268226
v -0.283893 9.434189 -1.112942
v -0.803501 8.498840 -2.210250
v -3.880419 7.477723 1.706564
v -0.097019 7.806947 -3.587784
v -0.381765 8.062960 -3.012090
v -0.506694 8.162992 -2.797979
v -2.913779 6.614682 -3.979311
v 1.160780 8.804143 -2.598291
v 0.796838 9.137664 -1.888378
v -0.894188 7.681657 -3.203341
v -1.088490 8.084066 -2.527132
v -0.890774 8.008669 -2.742500
v -1.120371 7.716716 -3.054426
v 0.580231 8.195399 -3.936525
v -1.765569 4.458611 -5.498997
v 0.978736 7.938184 -4.356135
v 0.857650 8.306502 -3.919837
v 2.300796 8.265162 -2.899742
v -0.719107 8.237631 -2.560278
v -1.999750 8.747355 -1.749876
v 0.123704 7.982053 -3.452703
v -4.079453 7.541266 0.240420
v 0.681687 8.418234 -3.682675
v -2.096792 9.024491 -0.518693
v 1.152830 8.313739 -3.770988
v 0.974088 7.122296 -4.987934
v 0.639188 7.581676 -4.790472
v 2.581969 7.077547 -4.148239
v 1.168877 7.396303 -4.684219
v -0.462203 9.553070 -0.316430
v -0.474395 7.449020 -3.933943
v -0.743215 7.415763 -3.804766
v 0.534573 8.902394 -2.703287
v -0.324767 7.746463 -3.526055
v -1.036699 7.373386 -3.630663
v -3.478501 6.551437 -3.433297
v -0.203486 7.610090 -3.843318
v -0.810451 7.562682 -3.469222
v -0.321565 9.351831 1.734990
v -2.653694 6.589945 -4.344834
v -2.564187 7.413146 -3.381058
v -1.731630 7.934007 -2.805238
v -0.055964 8.143864 -3.092787
v -1.122338 7.908577 -2.805124
v 2.081094 7.493218 -4.056478
v 1.445166 8.237551 -3.524091
v 1.732100 8.242508 -3.324502
v 1.301332 7.833901 -4.097243
v 1.400498 7.444676 -4.494040
v 1.617392 7.850817 -3.908477
v -1.368458 7.643118 -3.233200
v -1.894979 7.160973 -3.798355
v -1.337574 7.395246 -3.457642
v 1.670740 7.425507 -4.405805
v 2.029388 8.267591 -3.124267
v 1.400808 9.377046 0.632368
v 1.924662 7.874130 -3.703094
v -1.888273 5.468567 -5.468946
v -1.299674 7.126239 -4.083553
v 0.945694 8.471151 -3.622069
v 1.680426 8.053103 -3.616384
v -1.647112 7.550607 -3.382657
v 1.060007 8.147109 -4.090270
v -2.007748 7.589227 -3.078289
v 2.583905 7.936202 -3.277990
v -1.978628 7.498423 -2.646684
v -0.218968 7.922120 -3.318033
v -1.895894 7.664865 -2.458546
v 1.252338 8.517322 -3.137751
v -0.236264 5.726958 -5.783426
v -2.133118 7.266763 -2.699527
v -2.076319 7.737394 -2.038744
v 3.080289 8.368760 1.617650
v 3.819986 7.881917 -0.444138
v 0.713530 5.748488 -5.767340
v 1.670760 9.280881 -0.344038
v -2.239159 8.926039 -1.171333
v 3.526140 7.627568 -0.643932
v -1.339275 4.026149 -5.267957
v 3.534460 8.014078 -0.504601
v 3.394126 8.232417 -0.273283
v 2.860158 7.893140 -1.809187
v 2.248324 6.484354 -4.969877
v 2.659574 7.772678 -2.889208
v 0.667226 9.197008 2.434472
v 2.236507 7.898716 -3.497876
v -1.770377 8.139166 -2.550243
v -1.446400 8.068632 -2.688588
v 2.284989 8.094479 -3.209035
v -0.232891 8.645693 -2.530579
v -2.421680 7.267729 -2.404681
v -4.382413 6.683212 -1.594633
v -3.611097 6.261955 -3.514918
v -3.030268 8.255246 -1.500611
v -2.695922 7.341003 -1.925551
v 2.696223 7.682905 -2.472727
v 2.899257 7.354696 -3.076050
v 1.861390 8.692699 -1.078283
v -0.245997 4.642902 -6.060263
v 2.866249 7.638203 -2.084840
v -2.848825 7.367256 -1.627762
v 0.002694 5.728644 -5.807522
v 2.975745 7.171327 -2.684826
v 2.855424 7.331406 -2.369271
v 3.093442 7.062488 -2.267401
v -3.388221 7.293355 -2.148104
v -3.091798 7.238075 -2.760844
v 3.033321 7.598729 -1.704629
v -2.950180 7.290717 -2.066097
v -3.401728 8.327464 -0.651404
v -3.291702 7.734244 -1.576025
v 2.193170 8.900085 0.061353
v 2.151277 8.460907 -1.057480
v -3.798139 7.952992 -0.288788
v -2.138470 9.126498 0.232576
v -1.034654 9.443720 -0.386394
v -2.925551 7.762379 -1.520048
v -3.357000 8.385664 -1.063203
v 0.461694 6.431638 -5.504168
v 0.969146 5.503028 -5.855020
v -3.167272 8.489161 -0.788687
v -3.222632 8.452903 -0.372699
v 3.716758 7.876588 0.255746
v -3.595972 7.966801 -1.445733
v 3.011292 8.313808 -0.250117
v -4.302442 7.169571 -0.301735
v 3.356724 7.027247 -1.476432
v 3.508127 7.093863 -1.170523
v -3.913896 7.636662 -1.706489
v 1.892568 9.000008 1.943615
v -3.701852 7.518761 -2.012738
v -3.045162 5.665663 -4.523389
v -4.063706 7.522397 -0.749672
v -4.071088 7.523785 0.502061
v -4.659027 5.550545 -1.699353
v -3.329791 6.037384 -3.996441
v -3.615153 7.697161 -1.683070
v -3.876521 7.752902 -0.832098
v -2.968251 8.858018 1.162190
v -3.793516 7.955973 0.274317
v 1.052881 9.334118 -1.446384
v 4.784399 5.933156 0.803241
v 4.666151 6.220652 1.103982
v 4.486308 6.675431 0.799559
v 4.599925 6.450816 0.815323
v 2.523884 8.359747 -2.298752
v 4.699422 6.219823 0.541131
v 3.990566 7.424533 0.716644
v 4.621488 6.222640 1.374428
v 4.689918 6.215484 0.821671
v 2.925416 8.519076 1.410385
v 3.995926 7.242046 1.423589
v 4.466637 6.440325 1.619580
v 3.789485 7.625187 0.890983
v 2.610111 4.815766 -5.222149
v -1.828368 6.979866 -4.128129
v 3.919010 4.923776 3.802980
v 4.318337 4.458464 3.045873
v 4.407243 3.988989 -1.582529
v 0.482104 4.348141 -5.741365
v 4.472495 4.278679 -1.909471
v -2.613493 4.486056 -4.988719
v -1.583958 4.161976 -5.266737
v 4.179521 3.741434 -2.409182
v 4.876352 4.616838 0.573472
v 4.775882 4.468415 0.843983
v 4.070045 3.650676 -1.977476
v -3.603145 2.545680 3.951798
v -4.395863 5.925963 2.146836
v 4.007340 5.548111 3.561106
v -4.619682 6.223823 0.455253
v 2.191512 6.693363 -4.855078
v 4.365110 5.696298 -2.861164
v 4.995674 5.011200 0.288387
v -4.307075 6.892376 1.007255
v 3.807688 7.881162 -0.036023
v 0.264518 5.631444 5.499789
v 1.914560 5.497218 -5.564395
v 4.778551 5.244147 1.722090
v -4.680698 4.230007 -0.243158
v 1.862925 7.673745 -3.984473
v 4.944195 5.255014 0.576538
v -4.355715 4.168891 2.999329
v -4.375278 5.677852 2.446475
v -0.000040 5.265673 -6.051966
v 1.552634 7.628215 -4.224043
v 4.775806 4.990105 -2.057264
v -4.208331 6.886918 1.513195
v 4.773003 5.984111 0.243397
v 4.845336 5.732262 0.867718
v -4.279234 5.683034 2.716661
v -4.635217 4.174304 0.398949
v -4.486338 4.524936 2.628120
v -4.780675 4.585899 1.595649
v -1.496254 3.246842 4.260219
v 4.930640 4.754035 1.172864
v -3.950157 7.711101 0.528536
v -4.590385 5.717836 1.638701
v -0.225712 3.926853 -5.374284
v 4.909669 5.477558 -0.522147
v 0.151754 6.007381 7.285778
v -4.825174 5.487367 -0.518155
v -4.729094 5.678493 0.860460
v -4.180076 7.323933 0.492696
v -4.528852 6.000731 1.538572
v 0.248406 5.988305 7.018061
v 4.710060 5.713252 1.692192
v 0.567925 4.521086 6.357092
v -4.787830 4.422458 -0.811830
v -4.823267 5.229908 0.869655
v 4.920568 5.003740 1.169566
v 4.955556 5.257158 -0.889234
v 0.000005 4.643659 -6.080891
v 4.953481 4.507681 0.585209
v -4.385314 5.742080 -2.492263
v 4.435852 6.965389 -0.085086
v -0.202464 5.726702 5.675237
v 4.598869 5.877747 1.947288
v 4.925189 4.909982 -1.481266
v 4.964975 5.255881 -0.593770
v 2.801285 6.820855 4.099236
v -1.556827 5.471963 -5.634991
v -2.717939 6.800245 -4.079807
v -4.957746 4.505751 0.290625
v 4.121336 3.436645 -2.449367
v 4.790112 5.955762 -0.040480
v -4.363285 4.556823 -2.806631
v 1.167150 5.743485 -5.647935
v 4.648853 6.004759 1.630424
v 0.032328 4.998277 7.901367
v -4.809590 4.513855 0.551625
v -0.582709 5.392516 7.210237
v 0.364485 5.158908 7.951580
v -0.107262 5.944395 7.074777
v -1.173589 4.562401 5.590739
v -4.379164 6.437672 1.547828
v 4.181352 7.200257 0.552786
v -0.133670 7.079611 -5.136783
v -4.637612 5.775332 1.317268
v -4.260545 5.509454 -2.887458
v 4.839484 4.842558 1.593905
v 0.180673 4.238023 -5.650704
v -4.873369 4.902865 0.857148
v -4.806996 5.546181 0.320729
v 0.691797 4.717848 6.355617
v -0.364863 4.530912 7.053529
v -4.779654 5.735203 -0.048789
v 4.992360 4.514700 -0.887965
v -0.570095 5.779432 7.280576
v 2.117239 9.114921 0.527069
v 4.964561 5.011396 -1.186931
v -4.720792 5.966797 -0.106658
v -4.852377 5.240526 0.578343
v 4.115042 5.691660 -3.327167
v -4.638953 4.439854 -1.831650
v 0.189556 5.222507 8.237874
v -4.899639 4.587053 -0.207012
v 4.788228 5.987601 -1.018715
v 4.752316 4.600270 -2.041839
v -4.593101 6.209021 0.741270
v 3.868186 4.822821 -3.924642
v -4.682336 6.013163 0.426683
v 4.977355 4.511025 0.293115
v -4.258563 3.854321 -1.799229
v -0.976485 4.636788 -5.952079
v 4.131650 7.519375 -0.688234
v -3.264287 7.483799 -1.813314
v -0.631393 5.571630 6.304453
v -3.890035 2.117160 -2.999918
v 4.859464 4.994163 -1.779469
v 1.004143 6.668467 -5.309242
v -4.379786 6.222177 -2.180400
v 0.282001 5.714410 5.607588
v -4.430370 4.112876 -1.845779
v 4.570817 4.425509 -2.095490
v 1.811245 8.504848 -2.919606
v 0.110217 7.128540 -5.208754
v 4.941965 4.693573 0.876197
v 4.753468 6.166807 -0.377324
v -0.513346 5.874771 7.015823
v -2.291826 7.493547 -3.186782
v 0.968146 7.600169 -4.592540
v -0.225526 6.452450 5.503309
v 3.861569 7.651980 0.488937
v 2.869520 6.233809 -4.647740
v -0.575344 4.994904 7.029481
v 4.991488 5.012069 -0.896868
v 4.018080 4.408284 -3.458646
v 4.523282 4.399410 -2.527935
v -3.985092 5.120724 -3.483050
v 4.815810 5.885996 -0.542039
v -4.973053 4.510511 -0.295999
v 4.768809 5.503113 -1.744774
v 1.158576 3.442908 -4.779612
v -0.566108 5.230493 7.266439
v -4.453741 4.027474 -1.329849
v -0.606755 5.665480 6.948502
v -0.655639 5.161192 6.677657
v -3.199403 3.147620 4.415798
v 0.279747 5.097414 7.961040
v -0.651489 5.250170 6.759382
v 3.334501 5.715204 -4.427433
v -4.325990 4.921058 -2.870294
v -1.347046 9.294798 -0.968448
v -4.370506 3.913010 -1.304255
v 4.754147 4.759231 -2.244751
v 4.995488 4.812044 -1.120991
v 0.666334 5.570776 6.578137
v -4.478003 5.114873 2.514509
v 0.742281 4.526779 -6.038262
v 4.908805 4.622491 -1.480677
v -2.656704 8.334876 -1.597536
v 4.621174 4.316315 -1.386529
v 3.752892 7.631227 1.343000
v -4.580601 4.915136 -2.263271
v 0.714385 4.271072 -5.627497
v -4.680733 5.920269 0.721833
v 0.023591 5.940618 7.019561
v 4.707121 4.460433 -1.558986
v -3.987250 4.586390 -3.512577
v 0.750717 4.926120 -6.007972
v 4.776804 5.813826 -1.424093
v -0.249350 4.530047 -6.102895
v -4.548206 4.051537 0.555666
v 4.600961 5.746838 -2.247424
v -4.613243 5.401988 -1.980326
v -4.582919 4.097924 -0.484212
v -4.434010 6.673204 0.747805
v -4.556490 6.207989 1.027062
v -3.963577 2.833013 -3.197985
v 4.324665 4.466892 -2.721119
v 3.773710 5.933020 -3.751885
v 0.732424 4.639242 -5.992663
v 4.614157 6.443645 0.509545
v -4.318728 4.006371 -2.340488
v 4.194879 4.152498 -2.647433
v 1.407210 4.758824 -5.834940
v 4.237705 4.046223 -2.368997
v -4.488135 4.700096 -2.521474
v -0.274550 4.416023 6.847458
v 0.068274 5.931172 6.835549
v -4.465682 5.070146 -2.528480
v 4.291270 4.071638 -2.248011
v 2.500015 4.277965 -4.905244
v -4.485674 6.682962 0.195929
v 0.111132 9.582819 0.341866
v -1.694733 8.598845 2.429744
v -3.251257 4.421312 -4.473715
v 0.355775 7.228983 -5.152964
v 0.726631 5.356042 6.588070
v -3.603737 4.566504 -4.062375
v 2.287827 4.310624 -5.061566
v -0.131478 6.005245 8.060494
v 0.580635 4.720248 6.786683
v 3.015943 3.676229 -4.436482
v -4.057076 4.362830 -3.114659
v -1.726575 4.339356 5.340870
v -4.145092 3.721996 -2.753930
v 2.684933 4.024525 -4.671313
v -1.251818 3.749856 -5.008010
v -2.087278 8.998205 -0.844415
v -4.196249 3.895752 -2.703471
v -4.931860 4.797657 0.335878
v -1.926338 5.134131 -5.568149
v -2.198477 3.790922 -4.797654
v 3.335373 7.291621 -1.238908
v 4.170899 4.530589 -3.265246
v 2.143347 5.731688 -5.214748
v -2.311251 4.687720 -5.371135
v -2.596576 4.361901 -5.067900
v 2.373293 5.207247 -5.313699
v 2.806157 5.194410 -5.026389
v 3.753681 5.684577 -3.871047
v 3.967981 5.711992 -3.550485
v 0.627697 5.881902 7.341372
v 2.354105 5.485483 -5.293653
v -0.424544 5.563970 5.547869
v -3.434083 8.303776 0.125944
v -1.149438 7.037879 -4.376801
v 3.898748 3.980104 -3.658882
v -2.117374 6.555061 -4.838197
v 3.461638 4.764604 -4.386636
v 2.392483 4.929019 -5.333809
v -2.244186 5.912361 -5.025531
v 2.690122 4.623596 -5.157463
v -3.384754 7.275845 -2.775422
v -2.435034 3.909134 -4.738284
v -2.164309 4.931053 -5.460193
v 2.465344 7.702521 -3.553308
v 0.190215 5.774015 5.723391
v -4.107863 4.521322 -3.308872
v -0.466840 4.835526 7.167321
v -0.551522 5.747375 6.499904
v -4.510876 5.989303 -1.938132
v -4.519477 6.225354 -1.638950
v -0.056586 5.923552 6.832984
v -2.869376 6.450517 -4.139868
v 1.231324 4.517655 -5.914695
v -1.397506 4.326295 -5.467548
v -1.828571 4.297950 -5.265831
v 0.711479 5.727838 5.673794
v 0.561696 5.522523 7.547659
v 0.583894 3.746658 -5.230532
v -2.520902 3.067356 4.415441
v -0.619071 5.354679 5.972568
v 0.176298 6.010986 7.244710
v -3.114264 7.234734 -2.379745
v -2.081969 3.799671 4.932224
v 3.205128 4.042964 -4.500762
v 0.954961 5.744829 -5.760068
v 1.836032 4.299428 -5.286133
v 2.998099 5.257569 -4.841482
v 2.071495 5.581265 -5.402175
v 1.077075 4.769110 -5.961188
v 1.714062 4.504786 -5.753507
v 0.997830 4.342822 -5.674321
v -0.482103 4.348141 -5.741364
v 2.761046 5.726591 -4.958234
v 2.588294 5.271027 -5.170928
v 1.934144 4.997481 -5.614964
v -2.907517 5.214600 -4.818687
v 0.975483 5.262094 -5.933021
v -0.603078 5.615345 6.987309
v 0.292710 4.543917 7.509589
v 3.830346 7.501421 -0.752048
v 0.267168 4.429817 6.936872
v 1.370597 4.313560 -5.466766
v 1.471714 4.510999 -5.832203
v -4.303296 7.124278 0.225459
v 2.251416 4.087951 -4.959067
v 0.434148 5.900615 6.768400
v 3.219592 2.441025 -3.841435
v 1.135757 4.182014 -5.442722
v 1.027819 3.731890 -5.121482
v 1.214135 5.317192 -5.837251
v -1.739129 4.834586 -5.700915
v -2.685560 4.084078 -4.675021
v -2.670008 8.656166 -1.615245
v 1.849268 5.982294 -5.341711
v 1.694624 5.093810 -5.692016
v -2.077884 3.369695 -4.531012
v 1.454095 5.254100 -5.781473
v -0.270509 7.034246 -4.722589
v -2.019373 4.117517 -5.040798
v 1.705733 4.812491 -5.718020
v 2.248811 8.400944 -0.713964
v 3.227900 3.042074 4.381464
v 1.681414 5.500315 -5.657073
v 0.120865 6.187648 -5.603475
v 3.209375 6.995211 -1.855621
v -3.540426 4.941360 -4.140187
v -0.447353 4.722077 6.994614
v -4.251915 7.111875 0.745641
v -0.471629 5.713757 5.921955
v 3.799705 6.775289 -1.590281
v 1.942669 7.288993 -4.383158
v 0.820538 9.475681 0.607609
v 0.928925 6.220501 -5.577003
v -0.475151 5.955341 -5.670087
v 0.358181 3.748740 -5.257656
v 0.007612 5.730493 5.724285
v 0.358181 3.229360 -4.634967
v 1.339446 6.675793 -5.220462
v 2.501855 6.858778 -4.444482
v -0.714384 4.271073 -5.627496
v -2.746715 6.245952 -4.425813
v 0.809606 3.744576 -5.203407
v 1.589604 6.463666 -5.276200
v -0.571966 9.442991 -1.008800
v -1.607496 6.736498 -4.830432
v -4.431482 5.988145 -2.206248
v -2.477031 7.401134 -2.071683
v 0.495475 4.775218 -6.067111
v 0.358181 3.486908 -4.979861
v -0.584381 7.801174 -3.250708
v 1.442919 5.501189 -5.723238
v 2.232252 7.073330 -4.424126
v -0.507783 5.852637 7.824647
v 2.386573 7.498053 -3.830892
v -0.451424 4.055687 -5.486056
v -0.825368 4.808227 -6.014101
v 0.246586 5.021264 -6.067736
v -0.367529 4.468287 6.904239
v -0.652227 5.160602 6.404447
v 0.342562 9.431683 1.433497
v 0.647748 5.462865 7.034594
v 1.902964 6.987208 -4.741927
v 0.649884 5.708869 7.347947
v 1.221136 5.010464 -5.883155
v 0.473734 4.459498 5.917194
v -0.585897 5.587705 7.110285
v -0.809604 3.744577 -5.203404
v -0.579422 5.739547 7.302365
v -1.308875 7.261600 -3.798015
v 4.341395 7.234312 -0.229998
v 4.155269 7.516319 -0.103357
v 0.287109 6.054030 7.248231
v 1.488070 8.396564 -3.211587
v 0.489069 5.264211 -5.998766
v 0.247618 4.776851 -6.098210
v -1.236766 3.757983 4.993022
v -4.770089 5.743198 -0.523761
v -4.196507 6.881055 -1.959208
v -0.997829 4.342822 -5.674319
v 0.496041 4.529370 -6.081552
v -1.401809 5.539174 5.549708
v 0.704127 3.250852 -4.564016
v -4.296895 7.125235 -0.907353
v 3.126580 7.099521 -3.712865
v 3.168729 6.889493 -3.843518
v 0.299460 5.699053 -5.812199
v -0.533178 5.530180 7.473051
v -3.044615 3.511437 4.499118
v 1.179764 7.672609 -4.448940
v 1.376992 6.237573 -5.460890
v -0.400614 6.904721 -5.275149
v 1.970897 8.742802 -2.525004
v -0.079352 7.218884 -4.533999
v -0.129498 5.803521 5.907475
v 1.656321 6.941144 -4.886071
v -2.108852 3.954521 -4.919356
v 0.421199 7.619257 -4.566935
v -1.578156 6.189987 -5.325944
v -1.209933 6.764947 -4.985831
v -0.635072 7.296934 -4.116745
v 0.489493 4.641351 -6.030097
v -0.079653 5.964807 7.240777
v -0.345876 5.879511 6.662408
v -0.549889 5.689335 6.069918
v 0.484922 6.018558 7.320498
v 0.514453 4.814882 7.267142
v -1.611703 7.283073 -3.619218
v -3.199189 3.768504 4.491697
v 0.471868 4.773849 5.763538
v -1.298661 6.566861 -5.325793
v -1.981164 3.554090 4.716220
v -0.659202 6.714576 -5.447556
v -0.526206 5.894212 7.225806
v 3.954577 7.694267 0.102947
v -1.721560 6.857095 -4.469841
v -2.272116 4.230603 -4.982800
v -2.315596 8.622235 -1.789324
v -3.777737 6.797127 -2.873845
v -1.370372 6.885183 -4.608446
v -0.489542 5.622202 8.134510
v -1.046155 6.919572 -4.724354
v 4.723769 6.158458 -1.638618
v 4.118986 6.726560 -1.413143
v -0.228429 6.178655 -5.584990
v -2.830677 7.342730 -3.078390
v -2.445860 8.398645 -1.664728
v 0.008706 4.754439 8.016724
v 3.693406 6.376488 -3.664396
v 3.505221 6.696729 -3.679388
v 0.032390 6.024920 7.576114
v -2.781668 7.236987 -3.467350
v 3.525840 7.313479 -0.924282
v -0.626351 9.498981 -0.667362
v 2.567192 6.364942 -4.836607
v -3.087297 8.527452 -1.303956
v 0.532495 5.980761 7.274044
v -4.017373 7.308247 1.476296
v -0.493758 5.929909 7.230469
v 2.754978 7.679565 -3.270478
v 0.674493 5.346087 7.029509
v 2.405394 6.661333 -4.744948
v -2.713801 7.123385 -2.438805
v -2.210403 7.790739 -1.666037
v 2.666774 7.371132 -2.781512
v -0.939723 9.444473 0.243989
v 0.473670 5.724898 5.705787
v 2.161766 7.692623 -3.776894
v -0.572438 5.647154 5.970601
v -2.636986 7.252207 -2.157870
v 0.066331 5.825747 8.736125
v 0.151113 6.140694 7.907835
v -1.775702 4.000776 -5.104107
v -0.591200 5.656987 6.169333
v -0.201711 5.217436 8.137159
v -3.739373 7.912429 -1.050428
v -3.799574 6.174610 -3.345801
v -0.237519 4.316074 6.123172
v 4.004281 6.679066 -1.813146
v 2.436537 8.743114 -2.141468
v 4.111560 6.978447 -1.194454
v 0.215337 4.444453 -5.901946
v -0.566311 4.757843 6.218792
v -0.387468 5.303478 8.089781
v 0.639293 5.881410 7.967734
v 4.464089 7.027568 -0.582405
v 1.880748 8.933769 -1.768449
v -0.517673 5.698048 5.964252
v -2.225162 7.245774 -3.649136
v -3.940890 7.732075 -0.424945
v -0.255373 4.573743 7.482497
v 0.045524 4.941272 5.606918
v 3.003163 7.273976 -1.966922
v -4.287746 6.908216 -1.580024
v -4.174141 6.706511 -2.275786
v 2.689606 8.680060 1.693876
v -4.407067 6.924546 -0.555220
v 0.206221 4.479912 7.408168
v -0.108210 5.925934 6.893047
v 0.065286 4.454370 6.799225
v 4.278544 7.382700 -0.515058
v 4.759952 6.242287 -0.780556
v 0.344699 4.830016 7.580727
v -4.500151 6.690942 -0.326887
v -4.572468 6.452888 -0.578305
v 0.430168 5.299917 8.080508
v 0.077479 5.843266 8.754116
v 1.481800 9.232077 -1.482022
v 0.228938 6.209895 5.582513
v 0.051656 5.004096 7.856238
v -0.412954 5.761158 6.030824
v 0.123725 4.453778 6.825689
v 0.443206 6.429739 5.478820
v 0.117542 4.534369 7.325927
v -0.257214 6.025405 7.275347
v -0.438543 5.875869 6.802167
v -0.218233 5.732386 5.711448
v 0.405190 5.980573 7.022504
v -3.230793 3.189349 4.316630
v -0.440862 4.507918 6.534802
v -0.874535 3.806869 5.108440
v -0.359305 5.928304 6.894497
v 0.598641 5.938859 8.111217
v 0.657942 5.421369 7.049554
v 0.761973 5.247461 6.246429
v -0.226199 6.210550 5.578690
v 0.038650 5.828785 8.701500
v 0.675691 4.935623 6.830754
v 0.416176 4.760098 7.408480
v -0.267416 5.329934 5.465345
v -0.255174 5.766241 5.809448
v -2.111011 3.993257 5.058682
v 0.459016 5.896557 6.757111
v -0.152052 4.429092 6.819082
v -0.455978 5.965554 5.627347
v -0.223437 6.692341 5.417939
v -1.531206 3.878272 5.048071
v -0.343930 6.008362 7.281858
v 0.101463 5.148935 8.112062
v 0.682324 5.691369 8.281301
v -3.240598 2.885331 4.229697
v 0.703300 5.434706 6.596519
v 0.736316 4.822025 6.324970
v -0.909978 4.319670 5.504157
v -1.466761 3.631953 4.815300
v -0.623003 5.537512 6.059477
v -0.204452 5.856825 8.549656
v -1.127318 3.282894 4.396680
v 0.506176 5.998602 7.277294
v 0.028232 4.624880 7.279487
v -0.454725 5.952975 7.948659
v -0.596048 4.849520 6.470786
v 0.326814 4.441861 7.383149
v 0.149987 5.871396 6.259625
v -0.332340 4.430509 6.861253
v -0.334834 4.979377 5.678218
v -0.619538 5.596916 6.133635
v -0.413453 3.547724 4.871514
v 0.732662 5.263579 -5.971590
v -0.430280 5.984324 7.288790
v 0.572773 4.459678 6.020639
v -0.117742 6.032323 7.517993
v 0.563750 5.951000 7.805472
v 0.502395 5.416294 8.041188
v -0.704679 5.825195 8.272530
v -0.010779 4.813979 7.590671
v -1.897835 3.189031 4.458991
v 0.401960 5.127710 5.559723
v -0.033211 6.002507 8.199083
v 0.017657 4.496774 6.895190
v -2.383776 4.176859 5.053756
v 0.353347 5.981749 6.981277
v 0.122408 4.482994 7.697365
v -0.041315 4.951888 7.800553
v -0.252818 5.169336 5.514764
v -0.547302 5.236156 5.693372
v 0.316747 4.603103 7.450457
v 0.017092 5.908703 6.620504
v 0.348339 6.057857 7.249662
v 0.239732 5.503966 5.772122
v -2.637636 3.548028 4.739311
v 0.658003 5.147254 7.098365
v 0.529248 5.294376 7.760209
v 0.008357 4.951017 7.732631
v -0.305916 6.096189 8.233970
v -0.404037 5.257729 7.931774
v -0.577833 5.769918 6.937302
v -0.370766 5.714167 5.778800
v 0.150655 5.964651 7.045740
v -0.008479 6.857169 5.338372
v 0.474004 5.851906 6.534031
v 0.772302 5.152364 6.265145
v 0.070292 6.097909 7.920831
v -0.163558 5.760563 8.584371
v 0.381455 5.303456 8.225508
v 0.514480 5.452501 5.507733
v -4.408276 6.919497 -0.082202
v 0.664827 5.787737 7.382051
v -1.061208 3.941095 5.210387
v -0.593321 5.080764 7.022309
v -1.901075 7.934853 -2.180755
v -1.252453 4.302893 5.433534
v 0.665657 5.284815 7.101667
v 0.013588 5.570044 8.578461
v 0.683030 6.199603 5.527048
v 0.740552 5.333126 6.233873
v -0.616707 5.146748 6.987687
v 3.027331 4.059487 4.727779
v -0.921906 6.214112 5.479639
v 0.430625 6.056984 7.469123
v 0.352895 4.700078 7.420668
v 0.741017 5.156996 6.651504
v 0.210346 5.863234 8.639525
v 0.008866 5.959826 7.237468
v 0.725452 4.874004 5.883749
v 0.157775 5.998623 7.911079
v -0.631395 4.961939 6.430276
v 0.084101 4.576643 7.385990
v 0.616895 5.570393 7.127061
v 2.958724 4.650052 4.808689
v -0.539991 4.802362 6.814266
v -0.124677 5.973795 7.241703
v 0.725662 5.251383 6.756236
v 0.625472 5.771159 6.998456
v 3.326022 4.699163 4.475402
v -0.016292 5.858202 6.178632
v 0.588028 5.893193 7.091485
v -0.611054 5.555630 5.947520
v 2.788169 2.789509 4.277952
v -0.212137 6.904961 5.316648
v -0.269421 6.043476 7.473282
v 0.369844 5.932288 6.818243
v 2.376573 2.596668 3.776136
v 2.902050 3.831670 4.728998
v -1.191172 5.256556 5.637494
v -4.908772 5.063946 -0.013344
v -0.141347 5.928299 6.904730
v 0.161513 5.062244 7.972049
v 0.633010 4.620157 6.365533
v 0.481222 5.578026 8.025475
v 0.229185 6.038795 7.283482
v 0.609601 5.725778 6.546317
v -0.676770 6.450737 5.443709
v 0.351736 5.757665 5.827839
v 0.517623 5.435924 7.878638
v 0.116428 6.044866 8.476847
v -4.267289 4.265831 -2.714360
v -1.387271 5.958572 5.456789
v -0.298456 5.427108 8.450179
v -0.366536 3.351263 4.598454
v -0.641174 5.003045 6.365286
v 0.445656 5.244361 7.937466
v 0.067072 5.838624 8.745137
v -0.440364 5.782323 6.224958
v -0.458456 4.370437 5.570742
v 0.632102 5.079013 7.161345
v -0.182728 4.478266 7.342301
v -0.466582 5.674117 8.465161
v 0.343863 5.928828 6.780671
v -0.583150 4.909806 6.860563
v -0.443872 6.690045 5.394744
v -0.930809 5.965908 5.551963
v 0.026380 5.963066 7.274019
v 3.098052 3.844188 4.674085
v -2.145440 4.230927 5.163530
v -0.010211 4.725040 7.974908
v 0.207460 5.348802 8.481579
v 0.181859 6.117468 8.214258
v 0.508043 5.527656 5.559517
v 0.255830 5.951601 6.833314
v 0.620046 5.845098 7.522761
v -0.524782 5.816515 8.464909
v 0.448354 6.032439 7.303586
v 0.333631 6.093709 7.557611
v 0.496998 5.502535 8.161320
v 0.604525 5.426549 7.378139
v -0.450517 6.450885 5.478013
v -0.037596 4.598650 7.206051
v 3.067838 3.515011 4.568964
v 0.071274 5.790755 8.697233
v -0.509380 5.922962 7.273236
v -0.426977 5.550354 8.411999
v -0.338851 4.591367 5.710350
v -0.052572 4.670384 7.790101
v 0.256992 4.991555 7.842434
v 0.635839 5.731031 7.111271
v -0.142820 5.460263 8.513825
v -0.295888 5.932829 6.868873
v 3.998223 4.041029 3.616228
v 4.040923 4.841497 3.641748
v 0.018048 5.122354 5.791233
v 0.475575 5.478292 5.754663
v 0.000006 4.350458 -5.797154
v -3.805337 3.673505 3.825719
v -0.520738 5.818141 6.749343
v 0.328304 4.480007 7.411301
v -0.016970 5.939234 7.022847
v 0.076644 5.845160 8.731129
v -0.500193 5.577074 5.645926
v -0.558412 5.626622 7.320115
v -3.430991 4.277539 -4.252647
v -0.621221 4.975272 6.725832
v 1.416688 5.550382 5.566642
v 0.167347 4.500540 7.341995
v -2.765910 5.847015 -4.650236
v 0.729278 5.506285 -5.914555
v 0.599587 5.287214 7.424210
v -0.023296 4.728961 7.598483
v 4.425636 6.743971 -1.854314
v 1.698625 4.617245 -5.706533
v -0.404058 5.958486 7.087289
v 1.586347 4.230586 -5.315770
v 0.390196 6.053605 7.285825
v -0.122164 5.204426 8.239332
v -0.099006 4.498927 7.712133
v 0.015611 5.695915 8.628893
v -0.647526 5.388539 5.722737
v -0.686649 6.209450 5.522110
v -0.624144 5.257890 6.984445
v 0.411202 6.073010 7.929887
v 1.456746 4.622940 -5.780488
v 1.339276 4.026149 -5.267959
v 0.011508 6.429386 -5.545831
v 0.785979 5.785121 8.488307
v 0.276720 5.189841 8.106461
v -0.831647 5.725869 -5.744037
v 0.548730 5.696848 7.646851
v 0.673011 5.384700 6.997225
v 3.620661 6.939699 -1.345895
v -0.317913 4.701450 7.345324
v 0.642323 6.636408 5.399053
v 0.100616 5.950869 7.023102
v -0.244084 5.946600 6.908655
v -0.969972 6.690178 -5.355710
v 4.330912 5.170039 -3.109010
v -0.063904 5.939359 7.038025
v -4.427930 6.691703 -1.319279
v 0.259504 6.099371 8.376204
v -0.339929 4.389395 6.477492
v -0.168753 5.931634 6.891470
v -4.825337 4.601956 -1.448304
v -1.312314 4.036440 5.234626
v 0.038570 5.929278 6.834725
v 0.303891 5.310054 8.361398
v 0.343730 5.902429 6.652054
v 0.572015 5.391690 7.582656
v -4.622843 5.756988 -1.682770
v -0.583358 5.670486 7.215769
v 0.088998 5.229572 8.373710
v -0.201309 4.440804 6.982876
v -0.085672 4.476308 6.907635
v -3.020775 5.037889 4.791062
v 1.163606 3.275286 4.379660
v 0.544357 5.697708 8.108855
v 0.395657 5.906950 8.574019
v -1.987778 4.104937 5.140296
v -1.064510 4.047083 5.302945
v -0.635582 5.145618 6.138898
v 3.661271 4.633511 4.114065
v 0.652495 4.822754 6.745498
v -0.472852 5.287563 7.724498
v 0.087656 5.562605 5.439956
v 0.738992 5.287951 6.614259
v -1.596006 4.189347 5.280282
v -0.289493 5.154463 7.960820
v 0.406860 5.991085 8.465908
v -0.205127 5.292256 8.359911
v 4.858373 4.790863 -1.856991
v 0.305944 4.431073 7.427592
v -0.186597 5.932004 6.864114
v -0.446417 5.724737 5.691708
v 0.585747 5.584357 7.359070
v -4.279123 4.228934 -2.945895
v -0.441470 5.309361 5.576548
v -4.068088 4.894845 3.473227
v -0.459411 5.951374 7.465341
v -3.506533 3.899247 4.231189
v -3.894845 4.080092 3.692006
v -3.826655 3.790349 3.786250
v -3.851541 3.918094 3.743592
v -0.399281 4.433578 6.509929
v 0.056276 5.911288 8.603245
v 4.152052 4.258773 -2.925869
v -0.190164 5.855054 6.315084
v -0.645432 5.069328 6.674376
v 0.565198 5.818378 6.667213
v 0.867722 3.815020 5.113640
v 0.929438 5.969064 5.557425
v 0.347474 4.413608 6.794386
v -0.627039 5.309313 6.979870
v 3.655307 5.235894 4.109818
v -4.288517 4.865059 3.059071
v 2.978552 5.251886 4.753030
v 2.701786 2.175538 3.395199
v -1.946374 4.495923 -5.646538
v 0.226022 5.945977 6.830934
v -3.417942 5.105866 4.367826
v 2.686032 4.020009 4.859436
v -3.174112 4.250266 4.639602
v 3.219254 2.535518 4.241298
v 3.236630 4.503513 4.552223
v -3.121721 5.717274 4.544437
v 2.949292 5.487164 4.716069
v 2.948978 3.936981 4.808884
v 2.151292 4.577375 -5.459964
v 1.861217 3.179226 4.410954
v 1.634206 3.104226 4.183194
v -2.163748 2.909728 4.323286
v 2.147933 4.455159 -5.422945
v 2.160895 2.909183 4.315800
v 0.989572 4.441602 5.580997
v 2.039190 2.691363 3.980399
v 4.209672 5.161000 -3.358444
v 2.431930 2.632556 4.186216
v -4.532460 5.654981 1.953453
v 2.057452 5.492502 5.318789
v -4.115185 7.315511 0.987266
v 4.748951 5.985183 1.117137
v -1.471711 4.510999 -5.832200
v -4.045197 4.822693 -3.418237
v 4.249179 5.655936 -3.100270
v 1.950510 3.386499 4.627517
v 1.710365 2.864110 3.944320
v -4.107517 3.444767 -2.418820
v 3.846617 4.594566 -3.656989
v -0.473907 5.448753 7.868077
v -1.700727 5.912743 -5.338554
v 3.181805 5.459734 -4.644315
v 2.361502 4.543368 -5.287423
v -2.755436 4.956578 -5.007442
v -1.684848 5.237184 -5.662096
v -3.407438 4.653219 -4.311822
v -0.868816 6.912978 5.210622
v -3.772881 4.713083 3.930282
v 2.516170 5.727787 4.997829
v 1.928333 7.107138 4.248718
v -4.024056 5.554708 3.383864
v 1.164535 7.562005 4.432715
v 4.638362 4.883099 -2.544286
v 4.819567 5.743572 -1.122675
v -3.097413 7.778204 3.085278
v 0.152889 5.806494 8.685254
v -0.080551 5.718406 8.613226
v 0.259549 5.500017 8.529557
v 1.546276 4.272586 5.350254
v -0.392534 5.914269 6.880118
v -4.783998 5.247220 1.159501
v 0.078174 5.821882 8.737756
v 4.184409 6.654971 -2.644264
v 2.050879 5.758769 5.256648
v -4.806548 5.450264 0.617357
v 3.917558 6.065678 -3.513158
v -0.139680 5.635851 8.568030
v -4.856469 4.761663 1.100424
v 4.635954 5.198220 2.240807
v -1.905699 7.549098 4.407480
v -4.681230 4.708282 -2.001315
v -4.479702 4.327335 2.662216
v -0.478468 4.535294 6.236456
v 2.637105 6.267272 4.882485
v -0.192489 8.003070 4.626186
v -0.533170 5.691477 7.494648
v 0.246007 4.642903 -6.060276
v -0.336288 6.729020 -5.496726
v 1.206631 5.522300 5.632605
v -0.885645 6.687239 5.310444
v 2.310067 4.154243 5.200651
v -4.687569 5.727386 1.091782
v -4.177268 5.683074 2.968004
v -4.689707 5.227644 1.709283
v 0.582377 5.547513 7.374521
v 3.925206 4.677113 3.785943
v -0.499731 5.837938 6.775331
v 0.502407 5.936680 6.972477
v -0.959866 4.969033 5.697862
v -0.293076 5.790044 5.991673
v 2.151015 6.895220 -4.693762
v 4.447430 4.760937 2.807741
v -0.258513 4.360868 6.440421
v -2.507427 4.804307 5.198738
v 1.067279 3.935424 5.217362
v -4.626566 5.965642 1.046300
v -0.572025 5.316341 5.748446
v -0.261585 9.574722 -0.087136
v -2.132766 4.964063 5.368540
v -0.035911 4.446423 6.753762
v -1.632723 5.751295 5.443033
v 3.452401 3.543108 4.270227
v -0.045876 6.083890 8.365742
v -0.053824 4.602561 7.308340
v 0.600615 5.830920 8.567753
v 0.267817 5.772681 8.636593
v -4.575792 4.927588 2.284289
v -1.536903 4.409036 5.428891
v -2.076197 8.967588 -1.452696
v -0.518847 6.892847 -4.862934
v 0.893796 4.302708 5.512403
v 0.125028 5.643013 8.609847
v 1.950951 6.700025 -4.963507
v -4.779629 5.462166 0.872615
v 2.287287 5.494084 5.188084
v 0.433642 6.661148 5.404483
v -3.626394 3.548238 4.099719
v -1.148772 4.188183 -5.440669
v 4.706593 5.274900 1.972978
v 0.461192 4.403439 6.287292
v -4.876181 5.270179 -0.007579
v -0.283663 6.019478 7.246035
v -3.596966 6.267624 3.674147
v -2.915746 4.202445 4.782215
v -4.686926 4.439784 -2.009977
v -0.243937 5.982682 7.080122
v 1.995204 3.619570 4.793128
v -1.760223 6.694164 5.091543
v -4.627677 6.219220 -0.833471
v 0.667928 5.751955 7.351904
v -2.390227 6.121448 -4.764373
v -4.416621 4.367381 2.832765
v 0.361689 5.443706 8.447466
v 3.925886 4.237462 3.703191
v 4.281476 6.988665 0.825750
v -4.216794 5.927094 2.679837
v -4.006142 6.190907 -3.026218
v 3.859162 6.016037 3.548396
v -4.666912 5.972516 -1.079397
v -3.451772 4.505049 4.351970
v -1.110517 4.464224 5.641012
v -4.187084 3.720810 -1.515156
v -4.325026 5.436076 2.759778
v -0.478232 5.872056 7.950447
v -3.794120 4.193214 3.837305
v 1.346030 6.463164 -5.356459
v 4.396975 7.008790 -1.138333
v -1.554395 5.275579 5.539126
v 1.519026 4.402680 5.434851
v 0.214465 6.663494 5.413821
v 2.995463 3.366454 4.521851
v 0.075853 5.822435 5.925854
v -1.330896 6.505811 5.286332
v -0.488370 5.262662 -5.997445
v 0.720092 5.498062 5.728467
v -2.722836 5.948636 4.819365
v 1.249943 5.318541 5.649412
v -1.109813 7.659170 4.663640
v 2.162460 4.962955 -5.472413
v -0.618588 5.395524 6.963995
v 4.716496 6.588603 -1.566663
v 1.479462 4.531186 5.516498
v -1.573305 7.137190 -3.948112
v -2.584591 5.463004 5.062478
v 1.337331 6.426222 5.313890
v 1.604916 6.217265 5.327839
v 0.274845 6.129805 7.904775
v -2.974694 5.285703 4.795106
v 1.216195 3.753147 4.994583
v 0.591140 5.634761 8.425004
v 1.748493 4.817949 5.513996
v 4.249558 4.864032 3.287725
v -2.018189 4.740096 -5.577494
v -2.910721 5.758780 4.726380
v -0.625301 7.365111 5.030308
v 3.033312 4.441808 4.735867
v 2.008181 4.548931 5.388597
v 4.460505 5.791913 2.452587
v -3.322351 2.997595 4.499887
v -4.437716 5.394902 -2.509630
v -0.762802 5.027134 5.735577
v 4.315897 5.240479 3.070867
v -4.054215 5.188037 3.450889
v 4.717882 5.052443 2.032689
v -1.635010 6.023911 5.375619
v -2.372451 4.362592 5.239468
v -0.498513 5.532875 5.600617
v -2.660315 4.256999 5.074883
v 3.632885 3.562839 4.083829
v -0.192508 5.958860 7.022382
v -2.380813 4.675528 5.262220
v -2.824990 5.161414 4.944895
v -3.754355 5.185112 3.927505
v 3.542977 6.886838 -3.362247
v 3.187186 4.606656 4.608736
v -3.127218 4.597242 4.724659
v -1.714059 4.504786 -5.753506
v 3.332944 5.690266 4.335226
v -1.941679 7.427928 -3.536732
v 1.368922 7.090362 -4.850735
v -4.739357 4.411125 1.766756
v -2.133322 5.223889 5.339507
v 4.252433 4.857546 -3.374428
v -1.680093 8.144178 3.809471
v -0.528499 4.900631 7.088990
v -1.447598 8.733092 -1.868214
v 0.153562 5.729143 8.647729
v -2.366193 6.247404 4.992369
v -4.912620 4.603050 -0.541330
v 1.745069 7.645130 3.205438
v -2.603399 4.146060 4.926850
v -1.619383 5.519390 5.492208
v -1.049765 9.431764 0.988672
v 1.601071 5.969901 5.385557
v 1.665599 5.043870 5.550219
v 2.425097 4.779848 5.191841
v 2.121884 7.305960 3.460207
v -4.429909 4.160031 -2.012695
v 3.321481 4.968564 4.479734
v 3.393243 4.481815 4.386773
v -4.724628 4.995055 1.699231
v -0.624509 5.587597 6.622626
v -2.376410 6.777074 -4.319499
v 3.442298 4.846302 4.363811
v -0.562930 5.532670 7.276753
v -0.546972 5.827707 6.952633
v 4.009528 2.819058 3.665432
v 1.830655 5.750292 5.354770
v -3.740985 4.003160 3.904243
v 4.819303 4.488642 -1.743463
v -0.726148 5.438971 -5.924957
v -1.734651 6.921031 4.976247
v -2.105437 8.493988 2.971439
v 3.937557 3.718525 3.707362
v 2.573189 5.479558 -5.154358
v -2.050402 5.786709 5.287191
v -2.753840 6.721305 4.393332
v -0.594304 5.903304 8.386043
v 2.906944 7.924771 -1.141074
v -4.736944 5.245654 1.440850
v -4.895349 5.074965 -0.602569
v -0.473773 5.022262 7.376591
v -4.282905 5.081535 3.026943
v 0.720201 5.306877 5.750980
v 0.073885 5.859668 8.676036
v -1.912672 7.914778 3.925429
v 3.603146 2.545679 3.951799
v -0.411564 5.496263 5.737110
v 3.495742 2.629165 4.259264
v 4.682879 5.874429 -1.918532
v 0.336251 6.682870 -5.434295
v -2.149153 4.455439 -5.427184
v 4.305373 4.203663 -2.407195
v 4.161067 4.863885 3.451540
v -3.426946 4.248967 4.345063
v 4.420121 4.562814 2.786567
v -2.830317 4.886048 4.972726
v -3.490005 5.641720 4.159645
v -3.032551 4.792079 4.807007
v 0.766770 6.930500 5.354346
v 2.338172 5.218705 5.232872
v 0.632060 5.521911 7.042195
v -0.482462 5.858352 6.825329
v 3.134704 6.862264 3.771410
v -1.907504 4.940824 5.456344
v 1.853227 5.723921 -5.358648
v -3.594813 5.097050 4.157944
v -0.481524 3.760465 5.091299
v 0.473761 9.533704 -0.347392
v 1.577087 6.663754 -5.143211
v 2.706000 5.039549 5.005281
v 0.665143 6.424634 5.457787
v -0.956939 5.183696 5.702060
v -0.077016 6.087365 7.903962
v 0.452255 4.562439 6.967266
v -2.150089 4.576724 -5.455119
v -0.458516 5.995059 8.339161
v -2.850424 6.935045 4.127273
v -2.215130 6.476787 5.004819
v 4.560618 5.746760 2.185664
v 4.056308 4.781090 -3.626734
v -1.888421 8.629192 3.264039
v 4.101385 5.976721 -3.279521
v -0.805852 7.954041 4.493353
v -1.671211 7.570012 4.504439
v -3.481264 6.858891 3.357783
v -2.177861 6.963735 4.753856
v -0.703284 9.236438 -1.846109
v -0.232575 5.953221 -5.678064
v -2.392851 3.891539 4.952035
v 2.107417 5.249781 5.355901
v 0.453091 5.126905 7.788609
v 3.337135 2.951090 4.484082
v -1.063911 7.121369 5.048450
v 4.842411 5.249715 1.444252
v -4.461155 5.682554 2.183383
v 4.411719 5.442647 -2.834718
v 1.444969 7.031762 4.888526
v 0.583612 7.547172 5.239688
v 1.159146 5.974382 5.503596
v -2.374410 4.459006 5.154804
v -4.314267 7.138305 -0.039107
v -1.859965 5.958652 5.323393
v 2.427361 5.336401 5.143267
v -1.855739 5.751960 5.373045
v -0.464783 5.814684 6.535253
v -2.524777 6.949401 4.463586
v -4.470358 4.836196 2.620623
v -2.683905 7.361261 3.924921
v -4.957270 4.665720 -0.476473
v -2.209711 6.721667 4.890391
v -2.371272 8.306955 3.404736
v -1.561253 8.546648 3.406558
v -2.363813 4.415926 -5.244493
v -2.844803 7.800235 3.358219
v -4.610062 5.078828 2.126493
v 2.912441 6.332921 4.711509
v -2.689974 6.941433 4.300366
v 3.305332 3.539039 4.432819
v -2.916137 4.552282 4.918395
v 1.404238 5.756741 5.505536
v 3.372987 6.183242 -4.127013
v 4.950696 4.944726 0.875827
v 4.998158 4.514411 -0.293991
v -1.558873 7.941233 4.114592
v 0.004931 5.969951 5.658956
v -4.687710 4.275182 -0.788924
v 3.621431 6.770828 -2.882767
v 0.497704 9.387700 1.660387
v 4.330843 4.631647 3.044175
v 4.766082 4.461692 1.729313
v -2.238247 6.014895 5.142241
v 3.528135 3.332945 4.202579
v 1.112998 8.145286 3.741223
v 2.574521 7.736664 2.499949
v 2.776150 6.802378 4.521980
v 1.472927 7.592040 3.793764
v -0.913429 5.243279 -5.941118
v 3.421267 5.207915 4.366057
v 2.867933 6.823513 -4.161050
v 1.621615 5.828264 -5.453969
v -3.049731 6.200557 -4.148932
v 4.797429 4.731420 1.738459
v -3.669779 6.657777 3.225322
v 1.090606 4.143716 5.382057
v 1.663450 5.484787 5.499258
v 4.797657 5.007308 1.734309
v 3.092346 5.979649 -4.548854
v -0.781678 9.389654 1.058325
v -4.302611 3.788024 -1.057468
v 4.054479 6.605786 -2.275245
v 1.449817 3.629399 4.830901
v -1.366386 3.370311 4.495898
v -4.086986 3.719115 3.483814
v 3.209594 4.254050 4.555150
v 0.238882 5.728817 5.719696
v -0.520249 4.661989 6.470999
v 0.669967 6.655246 -5.357976
v -0.416916 4.609589 6.915488
v 2.229249 7.172090 3.659675
v -4.586380 5.447627 1.957423
v -4.238328 4.073521 -2.680882
v 0.450193 4.482125 6.803147
v 0.011388 4.639839 7.276779
v 0.416172 6.970851 -5.348289
v -0.982518 7.223574 -4.047039
v 3.352827 6.997174 -3.572249
v -0.541343 5.811989 8.053999
v 4.931923 4.504625 0.877467
v -4.347079 6.896702 0.748153
v 0.589720 5.944109 7.348740
v 1.943705 6.830133 5.133636
v 3.054814 3.026891 4.357607
v 1.716315 2.925586 3.709931
v -4.264330 7.231083 -0.573597
v -0.029198 5.775638 8.647337
v 0.254972 5.824878 6.002254
v -2.926499 4.793137 -4.852450
v -4.504063 6.461377 -1.335855
v 0.707951 5.427619 6.224766
v -2.789652 4.402629 5.015406
v -4.713717 4.456503 -1.551461
v -0.453843 6.506862 -5.610124
v -0.398609 5.142811 5.577425
v -2.420975 7.520833 3.994106
v 4.035683 3.649195 -3.006239
v -2.390001 5.444230 5.182095
v 2.552866 4.504709 -5.057692
v -0.597240 5.522316 7.011603
v -0.141728 4.502655 7.422611
v 3.149401 3.426930 4.666504
v -3.866027 4.410959 3.767744
v 3.933073 5.139131 3.767642
v 0.609322 5.914661 7.319133
v 0.155256 5.421847 5.410116
v 1.238094 3.517427 4.724611
v -4.647464 4.553033 -2.020010
v 0.970822 7.175088 5.222757
v 3.818132 3.191754 3.882101
v 3.685956 2.620359 4.074710
v 0.763637 7.819075 -4.516132
v 1.307713 4.023256 5.232950
v -4.933916 4.870226 -0.333820
v 4.283335 5.492086 3.090449
v 4.835949 4.481356 1.449196
v 4.077954 4.292451 3.506316
v -4.938754 4.506176 -0.878547
v 4.959374 4.626989 -0.297893
v -1.939652 6.742711 -4.625212
v 2.626964 4.356704 5.051872
v 2.327940 3.414988 4.669302
v 2.999026 4.201998 4.754227
v -2.885374 5.975525 4.670856
v 0.204469 4.422076 6.749924
v 0.124958 7.570145 -4.148227
v -2.724349 3.987952 4.806038
v -3.396797 3.474916 4.308344
v -4.057951 4.637688 3.502633
v -3.285925 3.897451 4.498250
v 0.390557 4.445136 6.931144
v 0.729429 7.856465 4.831047
v -2.587127 5.216126 5.103573
v -4.478244 6.441614 1.018785
v -4.342716 5.983004 -2.467379
v 1.550844 4.006064 5.157166
v 1.267363 7.278652 4.738344
v -1.830634 5.193636 5.463193
v -1.688245 3.724482 -4.844161
v -4.877151 5.253995 -0.291164
v -1.529190 4.540486 5.498563
v 1.190864 5.557933 -5.722377
v -2.614711 4.929642 5.124407
v -0.607942 5.665341 6.565609
v 0.023781 5.982586 8.536256
v 0.221874 5.917732 6.655774
v -2.373438 5.215663 5.229405
v 2.990829 6.532227 -4.294148
v 1.478815 7.740968 3.497104
v 1.924376 5.247359 -5.589791
v 0.056936 4.608577 7.331573
v 2.908083 7.088520 -3.873926
v -3.482010 6.142855 -3.755264
v -0.634951 5.322496 6.905064
v 3.522036 5.682958 -4.190079
v -2.700040 8.772087 -0.913788
v 4.429318 6.152427 -2.654037
v 2.293320 5.944941 5.102834
v 4.843211 5.744576 0.561175
v -4.386418 4.638282 2.876567
v 0.081241 5.981169 7.283662
v 3.174248 6.613351 -4.053481
v 3.025327 1.934252 3.668209
v -3.345452 5.017183 -4.373315
v 0.515571 4.631240 6.818178
v 2.285469 5.732500 5.135279
v 4.703017 4.328772 -1.115034
v 0.631991 5.607607 7.024319
v 4.200039 5.262982 3.311198
v -4.184678 4.876110 3.269448
v 0.328075 5.865426 6.368515
v 0.097508 5.825956 8.731124
v -2.641084 4.624198 5.113080
v 0.511050 5.336082 5.538710
v -4.150409 4.353547 3.359002
v 1.387733 5.979023 5.443870
v -3.637995 5.429943 -3.917935
v 1.470069 2.841835 3.341822
v 3.368467 5.452451 -4.449801
v -3.468701 5.890387 4.071377
v -2.516149 7.110078 -3.763662
v -1.571811 4.020153 5.165109
v 2.085103 4.423143 5.271713
v -3.838389 5.456721 3.741375
v 4.646496 6.284609 -1.970537
v 3.393791 6.856217 -2.899581
v -0.294082 5.978043 7.062024
v 3.283272 2.884479 -4.021544
v 4.829159 5.772920 0.235405
v -0.301993 4.615128 7.360918
v 3.547271 5.635249 4.123545
v 4.897694 4.501321 -1.463601
v -4.702844 4.826767 1.876660
v 3.727083 4.166348 -3.857016
v -0.595670 5.727603 7.055779
v 0.655826 5.194733 7.138340
v -0.033639 5.969638 7.276930
v -4.187305 5.087994 3.219909
v -4.097285 4.038888 3.440480
v 0.494466 7.425008 -4.957054
v -4.455034 6.456014 -1.615102
v -0.632782 5.441212 6.662011
v 0.471207 3.843786 5.163624
v 4.896954 5.250931 1.162251
v -0.454477 5.480939 5.562399
v 0.609201 5.641370 7.354172
v 2.032786 8.122818 2.497025
v -0.102310 5.972835 7.276412
v 4.674333 4.573204 2.065756
v 3.927666 5.287325 3.756084
v -1.825819 4.714819 5.490594
v -3.819661 6.961542 -2.677186
v -3.542245 4.861546 4.246345
v -4.357809 3.786961 0.476658
v -3.205307 3.472717 4.453176
v 3.404281 3.444707 4.321268
v 4.592893 4.670369 -2.583608
v -3.854156 7.242237 -2.474158
v 2.289740 8.191178 2.272759
v 3.583411 6.653274 -2.479174
v -0.608396 5.445016 6.980865
v 3.893701 6.884467 -1.280046
v -4.660574 4.332456 -1.362459
v 3.690148 5.451916 4.022048
v -0.176127 5.915345 6.758598
v 1.246033 3.719203 -5.039558
v 5.013846 4.788562 -0.788113
v 3.387655 5.174515 -4.468175
v -3.618556 6.441294 3.501467
v -0.664964 6.686945 5.355325
v -2.749040 5.723835 4.876644
v 4.846993 5.725638 -0.005761
v 0.317520 4.370796 6.374937
v 3.753074 4.557234 3.991185
v -4.628994 5.227027 1.959079
v 2.750602 5.982886 4.815095
v -0.208769 5.942531 6.899924
v -3.263491 7.274455 -3.222547
v 3.408911 4.963299 -4.465148
v -0.455298 6.209438 5.557489
v 3.019924 4.909345 -4.860977
v -1.249798 4.888968 5.630747
v -4.365340 5.240709 -2.735301
v 3.107224 5.020308 4.673620
v -0.979830 5.015863 -5.960997
v 3.054034 2.885826 4.372368
v -2.111535 7.169647 4.645415
v -3.947545 7.756262 0.142367
v 1.937429 7.340375 3.586805
v -3.923547 3.560718 3.657823
v 3.120484 4.757178 4.669511
v 4.315676 5.937453 -2.919196
v -0.337318 5.791210 8.516495
v -0.211540 5.514570 5.760094
v 4.655311 5.585864 1.974867
v 2.147997 5.282280 -5.440773
v 0.821659 9.487696 -0.922860
v -0.174118 5.994729 7.268175
v -1.368558 9.313185 -0.659505
v 1.514201 3.869651 5.049244
v 1.796088 8.107837 2.708132
v -1.586517 4.747791 5.557034
v 2.531486 4.220068 5.013083
v -2.209942 7.364111 4.375756
v -1.230065 7.954943 4.301293
v 2.566848 5.191372 5.086094
v 4.345091 4.821398 3.058254
v -0.251578 4.465771 7.390443
v -4.896212 4.758287 -1.029722
v 1.361719 8.232918 3.199235
v 0.586043 4.921626 7.194621
v 2.501487 4.592348 5.125170
v -3.413749 4.875878 4.403221
v 0.200752 5.957314 8.559027
v -4.292535 4.010176 -2.492601
v -4.027876 5.919362 3.142789
v -0.405090 5.103261 7.666135
v 2.581458 4.382568 -5.091502
v 3.358197 4.526489 -4.311495
v 1.072679 4.564150 5.618435
v 0.776118 5.030970 5.974781
v 0.437616 4.060709 5.377468
v -4.315637 6.448681 -2.149445
v 0.698919 5.967372 5.604799
v 4.725382 5.251156 -2.079502
v 1.150711 6.228414 -5.518491
v 4.902691 4.620197 0.286016
v 0.220286 5.270584 5.446402
v 4.283716 5.423062 -3.104831
v -2.446452 7.137989 -2.813937
v -0.937799 5.709526 5.618316
v 2.360411 4.417378 -5.238734
v -0.483584 8.504873 -2.329401
v 3.708789 6.676110 -1.997913
v 0.426710 5.574081 8.488876
v 1.970294 4.721739 5.415440
v 1.199198 4.750637 5.670699
v 5.016246 5.011566 -0.003388
v -3.080449 7.570924 -1.629653
v -0.646930 5.302084 6.314880
v -4.019107 4.318325 3.547988
v -0.260451 4.487729 7.405948
v -1.162044 6.225525 5.425266
v -2.819167 8.702190 -0.249247
v 3.775769 4.124840 3.895512
v 4.010725 4.494158 3.630876
v -0.000027 5.021955 -6.090299
v 1.117747 6.705959 5.378855
v -0.468301 5.946715 7.219938
v -0.691928 5.962053 5.595764
v 0.649215 5.822522 7.361312
v 2.229327 8.868906 -2.232055
v 3.957876 4.356538 3.670510
v -1.073687 4.153442 5.375361
v -2.603102 4.405615 5.029789
v -3.714229 5.456060 3.928745
v 4.302245 6.017838 2.643557
v 4.473329 5.151609 -2.811039
v 2.586193 6.005179 -4.947062
v 2.848142 2.576198 4.125832
v -3.247167 4.452781 4.585792
v 2.531357 7.326655 3.077035
v -0.796401 6.846246 -5.125522
v -0.243807 5.414630 -5.989786
v 2.529624 4.138569 4.963379
v 4.023201 5.764822 3.406010
v -3.897762 4.960118 3.744206
v 2.333623 3.904635 4.895849
v -0.001116 5.746369 5.653551
v 1.833337 4.496504 5.450685
v 0.246083 5.265160 -6.031098
v 1.879702 7.022941 4.574609
v 4.548976 6.651622 0.138684
v 3.509261 5.948359 4.089676
v -0.546831 5.852185 7.251047
v -0.363343 5.813651 6.270239
v -3.781712 5.653392 3.757760
v -0.344110 5.936164 8.448586
v 1.668106 7.246709 4.243575
v -4.897621 4.645288 0.861724
v 0.417659 5.820808 8.604637
v 4.850856 4.614971 -1.777813
v -0.000305 5.926785 6.834454
v -4.653972 5.075793 -1.992182
v -2.832188 4.134163 4.796266
v -0.501450 5.493751 7.677710
v -3.920993 4.376404 -3.601164
v 2.431992 4.292366 5.152999
v 4.771992 4.337441 0.000506
v 0.670835 5.517344 6.717618
v -0.110837 5.931955 8.542518
v -3.434501 4.696184 4.381346
v 0.479280 4.278316 5.525369
v 4.471391 5.534574 2.578740
v -4.774600 4.469323 -1.727909
v -4.228316 5.453367 2.995115
v 0.607170 4.993598 7.207638
v 3.941653 3.150964 -2.286599
v 0.642836 5.568296 6.125491
v -4.767127 4.379969 0.004373
v 2.257253 3.195107 4.544886
v 2.066505 4.341393 -5.193028
v -2.614023 7.153327 4.199299
v 0.687544 5.405663 5.909321
v 4.473237 6.013374 2.228251
v 2.793199 4.496030 4.935636
v 4.901000 4.844578 1.313542
v -0.252836 4.633771 5.878280
v -3.698574 3.783088 3.977452
v -4.814302 5.022087 1.185701
v -4.232585 4.446331 3.223960
v -2.930525 4.089582 4.765710
v 0.323869 6.072208 7.288303
v 2.297570 5.964649 -5.109546
v -0.058445 5.119755 8.115545
v 2.676650 2.991902 4.408083
v -2.122455 4.490407 5.276425
v 0.078897 5.835617 8.751720
v 0.502411 5.031383 7.528011
v 4.275721 4.536409 -3.006962
v -0.506164 5.576119 8.291276
v 0.451425 4.055686 -5.486057
v 4.814702 5.248456 -1.768630
v 3.697451 5.689636 3.917342
v 1.178663 5.746123 5.569151
v 4.223169 5.049591 3.302560
v 1.212672 2.868434 3.523043
v -0.401661 7.360926 5.057251
v -4.317142 4.432069 -2.690177
v 1.099674 6.977900 5.283400
v -3.185122 5.245272 4.597048
v 3.149453 6.208098 -4.355668
v 4.365663 5.737610 2.750657
v 4.166762 5.701966 3.232864
v 3.545378 4.586359 -4.103861
v 3.542954 5.215596 4.242225
v -0.022701 4.297727 6.076846
v 4.572554 6.039989 -2.301051
v -0.478127 5.729257 -5.782837
v -4.567574 6.222870 -1.355730
v -4.700694 4.287106 0.331080
v -0.640457 5.372272 6.733053
v 2.870445 7.424112 2.762560
v 2.257544 7.448611 3.007251
v -4.556682 5.748940 -1.958175
v 1.776258 2.966728 4.119592
v 2.321045 4.946790 5.252804
v -4.655221 4.346772 2.084744
v 0.298010 4.921211 7.785005
v -2.454757 7.156841 4.361804
v -4.920056 4.729962 0.578928
v -4.226035 5.736981 -2.865304
v -3.006113 4.045477 4.679436
v -0.350223 5.969132 7.065212
v 2.639323 6.837318 4.246712
v -0.240233 4.469035 7.405985
v 3.965042 6.749496 3.163653
v -4.411882 5.253868 2.640294
v -3.717213 4.779248 -3.921120
v 0.249140 4.835514 7.638480
v -4.369565 5.093421 2.810437
v 0.550451 5.483819 7.706855
v 3.861219 5.733440 3.672293
v 2.019974 7.431493 3.268686
v 2.322221 6.583284 5.149530
v 1.639645 6.869992 5.195772
v 2.564063 3.402155 4.621648
v -3.992371 5.068366 3.588294
v -0.476862 5.903065 7.022082
v 4.346499 3.778127 0.540912
v 2.230410 5.099997 5.309012
v -0.610834 7.570661 4.892851
v -0.226240 4.467102 7.325405
v -0.758971 7.767336 4.684682
v -4.759003 4.418278 -1.072032
v 3.171691 7.273239 -1.585725
v -2.035482 4.412995 5.390559
v 4.854064 4.682598 1.449196
v -3.126723 5.091865 -4.613682
v 3.028033 4.628967 -4.856300
v -0.562201 5.591893 7.272956
v 1.703263 7.875117 2.928917
v -2.413170 6.743332 4.715457
v 1.394777 5.736015 -5.547541
v -2.127679 7.948237 3.771438
v -3.834168 2.621389 3.854141
v 3.659484 5.237092 -4.143372
v 4.763743 5.993228 0.526937
v 0.719732 5.107052 6.770947
v -3.246184 4.615390 4.598822
v -4.935248 4.499765 0.583382
v -2.596741 5.253021 -5.079170
v -4.827289 4.753121 -1.427742
v -4.349557 6.667140 1.275084
v -2.936339 7.150337 3.842949
v 2.987695 4.407328 -4.733294
v 0.466634 5.968001 5.637509
v -3.733231 5.879333 3.707419
v -3.255707 5.656645 -4.298120
v 4.450423 4.186630 2.784125
v 4.703743 4.988352 -2.343430
v 1.896426 3.793001 4.919188
v -4.045717 5.682684 3.267379
v 2.087869 6.082078 -5.215635
v -2.557932 5.708492 5.020536
v -0.951842 7.671358 4.707736
v 0.011610 4.770607 7.589718
v 3.923374 5.501546 -3.688851
v 2.302070 4.107181 5.013590
v 4.097460 4.686724 3.547307
v -2.775399 7.153970 4.027644
v -1.687449 7.140336 4.856242
v -3.969954 5.820699 3.337269
v 0.507356 6.024351 8.246922
v 2.621394 8.141620 -1.150333
v 3.729759 5.461684 -3.986603
v -4.802814 4.753099 1.423766
v -2.326705 5.435638 -5.212965
v 1.813205 3.533174 4.723069
v 1.386565 6.000038 -5.541001
v 1.462631 5.003397 -5.797052
v 0.515484 5.724518 8.553119
v 0.949311 5.732039 5.634621
v -0.510516 5.970190 8.262901
v 0.197163 6.875829 5.335383
v 0.636588 7.212833 -5.144229
v 1.924775 4.146746 5.148032
v -2.252502 3.342239 4.552150
v 1.863106 4.285498 5.399895
v 4.892856 5.500122 0.865881
v 4.882192 5.246468 -1.470955
v -4.591914 4.684215 -2.271097
v -4.070827 6.375556 2.638845
v -4.221251 3.779664 -2.510816
v 4.236464 4.320898 3.252814
v 4.159719 7.292261 -0.962552
v 4.586138 6.735339 -0.380023
v 1.217925 4.629799 -5.866695
v -2.525048 7.355605 4.097892
v 4.635883 4.956049 2.305148
v -0.563703 8.359971 4.111615
v -0.357240 4.806351 7.385596
v 3.635172 4.376194 -3.978689
v 2.740972 5.727248 4.841970
v -2.244967 8.294727 2.822459
v 4.386989 6.655207 1.462289
v 3.114290 2.369050 3.897438
v -1.515739 6.263504 5.330982
v -1.981565 6.686233 5.018490
v -2.725446 4.270559 4.908079
v -2.531036 6.934180 -3.968544
v -1.241441 7.301561 4.880916
v 1.681346 4.453313 -5.544560
v 3.129153 5.502288 4.567759
v 0.519530 5.872941 8.581400
v -2.357409 6.959575 4.620300
v -0.148164 4.347039 5.997014
v 0.709349 5.897650 8.410330
v -3.583536 3.153715 4.125662
v -0.405858 5.894687 6.823659
v -4.656139 4.639320 2.069766
v 5.005621 4.786102 0.179337
v -2.588192 7.530353 3.828238
v 1.955212 4.893205 5.442398
v -0.791696 8.696917 3.435717
v -0.241192 4.275072 -5.687926
v 1.621617 5.748042 5.436930
v 2.213561 4.653546 5.294532
v -3.250482 4.838147 4.580660
v 4.711248 6.205945 0.223966
v -3.435606 5.540764 4.263221
v 3.815937 5.271995 3.908210
v 1.695926 3.701705 4.867872
v -4.765243 4.719712 -1.721359
v -2.288102 7.164232 4.507087
v -3.604899 3.983021 4.105953
v -0.288958 5.684679 8.531647
v -1.514439 9.299143 0.435773
v -3.346346 4.555902 4.479104
v -0.687246 5.706301 5.659257
v -4.107417 3.987474 -2.934024
v -0.244173 4.459533 -5.880868
v 0.641676 5.665294 6.681335
v 1.817441 7.215708 4.065753
v 0.637307 5.666491 7.014929
v -3.034444 3.813347 4.586271
v 4.472773 4.523445 -2.502675
v -4.654495 6.206091 -0.096409
v -2.025773 6.439449 5.114336
v 1.368538 5.040246 5.640123
v 1.190218 7.124724 5.106558
v 1.832984 5.289373 5.475128
v 3.223627 5.229324 4.550993
v 3.595043 5.022856 -4.243845
v 3.560638 5.005298 4.232570
v 2.849162 4.880610 4.891869
v 3.494704 4.007727 4.223496
v -2.303782 5.728721 5.175482
v 4.971323 5.254479 -0.299230
v -1.695940 3.720465 4.863758
v -3.843029 3.989737 -3.677563
v -0.279364 5.484319 5.478199
v -2.044388 5.994255 5.245313
v 3.384793 3.320843 4.343853
v -3.914708 6.869621 2.475490
v -2.720527 5.051701 5.044855
v 4.543708 4.957726 2.555635
v 3.177649 4.012867 4.576336
v 3.588390 4.457883 4.170386
v -4.807094 4.450489 1.464181
v -3.750370 5.562009 3.849257
v -1.345514 7.554232 4.646934
v -2.917494 6.713277 4.223388
v 3.303788 3.223765 4.467332
v -2.241216 4.546873 5.325560
v 2.394581 6.248906 5.039643
v 2.950647 5.735436 4.676140
v 4.110250 5.910929 3.156336
v -3.986656 5.422499 3.502943
v -3.318491 5.701882 4.337798
v 2.508881 5.440845 5.058553
v 3.324864 3.995096 4.408881
v -3.726510 6.479114 -3.174048
v 3.670015 6.166464 -3.794270
v 4.078510 3.542920 -2.727803
v -0.312167 5.634543 5.574006
v 4.243061 4.679541 3.284024
v 0.589560 5.608878 7.383034
v 0.153548 5.558713 8.575237
v 0.058362 5.944287 7.023197
v 1.475298 3.739600 4.939545
v 2.028633 4.734628 -5.586181
v -2.975670 6.486458 4.309409
v -3.162388 6.896562 3.782639
v -1.484511 7.758036 4.382495
v 0.720240 5.002566 6.681344
v -1.258942 8.508382 3.548023
v -2.054731 7.353192 4.510307
v 4.522031 5.218671 2.554194
v -2.115746 7.556362 4.210860
v -0.494574 5.743496 6.153899
v -4.440158 4.268245 -2.221615
v 3.172884 4.466898 -4.522317
v -0.737730 5.229955 5.733197
v 3.199728 5.181808 -4.663730
v 4.478614 5.748889 -2.593493
v 1.001643 7.472559 4.770806
v 2.933619 3.743153 4.834654
v -0.988432 4.523743 -5.989732
v -0.500055 5.130205 5.710140
v -4.963012 4.509636 -0.588364
v -2.649923 4.637072 -5.093684
v 0.370403 4.360658 6.043712
v -1.220267 5.008690 -5.881413
v -4.342509 3.974964 -1.826480
v -0.742380 4.526804 -6.038577
v -0.050501 4.997550 7.841466
v 1.096163 3.061635 4.021705
v -1.047349 4.443103 5.558412
v 3.295239 6.003789 -4.314859
v -0.224709 5.969409 5.650928
v -0.526763 5.363873 7.524535
v 0.665199 5.324022 7.104608
v -3.201026 5.375316 -4.467225
v 4.968477 5.009857 0.578323
v -1.273377 5.662732 -5.624893
v 0.980275 5.016829 -5.961860
v -4.449451 5.359978 2.468003
v 4.383883 4.867826 -3.127668
v 3.385457 6.844007 -2.151803
v -4.524728 4.143912 -1.393925
v 0.376565 5.745791 8.604781
v 4.740589 4.475441 -2.021100
v -0.950788 8.520685 3.675231
v 1.785512 5.934223 5.331703
v -0.585691 5.708076 7.232465
v -2.759294 7.549798 3.638218
v 0.859142 6.667850 5.365019
v -4.259727 5.264904 3.009847
v -4.206527 6.321373 -2.541331
v -3.018939 7.105119 -3.591135
v -0.464631 5.593522 7.948870
v 4.448145 4.550782 -2.721209
v -4.742335 4.706294 1.737278
v -1.217923 4.629799 -5.866693
v -0.440990 6.003744 8.088917
v 3.855883 3.936913 3.797329
v -0.167610 9.583492 0.303196
v -3.009957 4.525848 -4.744087
v 4.535113 4.716904 2.546604
v 3.330137 5.409726 4.420680
v -0.072469 4.579407 7.307788
v -4.776858 5.005572 1.438391
v -1.905531 7.159899 4.757807
v 4.231150 5.594467 3.173719
v -4.657198 4.952112 2.002773
v -1.403558 5.744894 5.509981
v -4.386018 4.864460 2.840691
v -3.770106 5.129142 -3.808912
v 3.474416 3.084736 4.263846
v 0.404662 5.915181 6.787216
v -3.040657 5.966007 4.524386
v 3.658808 3.088696 4.083134
v 0.594430 5.894563 8.527037
v 2.577607 4.908421 5.094582
v 4.263766 5.696035 3.033574
v 1.272382 3.145928 4.146682
v 3.858627 4.399661 3.819840
v 0.180740 5.938685 6.831125
v -0.466717 5.844588 7.925647
v 0.699843 5.981349 -5.679225
v -3.497963 5.651588 -4.016944
v -4.726421 4.442147 1.008193
v -0.300551 6.064633 7.915104
v 3.231622 7.021986 -3.095819
v -2.514078 3.707413 4.851330
v -0.331988 7.761358 4.789083
v -3.555523 5.876127 -3.841691
v 4.854135 5.667049 -0.845022
v -4.556689 4.643597 2.401945
v 0.775725 4.974404 6.234262
v 4.409289 4.254173 -2.163564
v -3.648353 4.241063 4.051024
v -2.910179 5.547241 -4.708992
v -0.209707 5.339295 5.778040
v -0.407654 5.437545 8.324385
v 4.408148 4.339891 -2.770088
v 3.873696 5.465733 3.780634
v -0.318044 5.553223 8.481758
v 2.201782 3.992597 4.976039
v 4.539608 5.031817 -2.721335
v 0.956804 9.220297 2.029124
v -4.265176 3.856515 -2.297627
v -4.392650 4.000834 -1.584150
v 4.864256 4.993111 1.450818
v -0.458724 5.436554 8.039123
v 2.961381 5.619706 -4.814482
v 3.168112 7.792225 -1.086239
v -0.199430 4.877427 7.711468
v 0.097887 4.384439 6.452823
v -4.534882 4.307697 -1.927816
v -3.775567 3.553419 3.878140
v -2.152997 5.539912 5.286588
v -1.643316 5.011808 5.537011
v 2.647105 7.299100 -3.851279
v 2.569371 3.145044 4.505024
v 4.580594 5.215829 -2.529019
v -4.889378 5.020587 0.535917
v 3.536237 4.705483 4.255512
v 3.357700 7.583200 -0.993453
v -0.619624 5.696970 8.282477
v -3.585502 4.556069 4.177814
v 3.226663 3.828315 4.516383
v -4.784233 5.108180 -1.445489
v 1.057485 7.290883 5.009571
v -3.247012 6.990885 -3.410206
v 0.237799 5.323821 5.790631
v 3.438886 3.762428 4.279656
v 4.935570 5.257329 -1.180665
v -2.348586 3.608201 4.798298
v 3.767025 5.030812 -4.038754
v 1.497532 7.934448 3.195113
v -3.848958 4.869580 -3.726604
v 0.026363 4.980264 7.811567
v -4.573376 5.987492 -1.660819
v 4.963330 5.255531 0.287353
v 0.762136 4.798779 6.012993
v 0.302155 5.996561 7.011302
v 1.787802 6.948400 4.904068
v -0.602395 5.199634 5.910126
v -4.750367 4.584307 -1.731763
v -0.052227 5.341323 5.436754
v -0.225638 6.006856 7.234495
v -2.261688 4.055439 5.065602
v -4.836675 5.290490 -0.863668
v 3.625464 3.799798 4.084579
v -0.548049 4.959873 7.114333
v 0.545276 5.909339 6.968976
v 2.065805 4.066533 5.056906
v -4.931878 4.768316 -0.683768
v -0.354479 5.113452 7.800600
v -2.359955 4.970227 5.260325
v 4.209013 6.377747 -2.989759
v -0.399317 5.990053 7.256280
v -0.590495 5.598481 5.940551
v 3.600809 4.200267 4.117173
v 2.971887 6.645816 4.627166
v -3.358262 5.419233 4.379457
v 4.639253 4.693597 2.258564
v -3.880693 7.643649 -1.251395
v -0.093773 5.517208 5.433182
v -4.169837 5.071870 -3.168697
v -0.654048 5.292716 6.652667
v -3.051192 4.397951 4.797536
v 2.825385 4.916101 -5.045193
v 0.556527 5.586689 5.768610
v 2.907205 2.362216 3.973292
v 4.386549 5.447487 2.843513
v 4.494460 4.874394 -2.860886
v 4.604300 6.814411 -0.989876
v -1.231321 4.517656 -5.914691
v -3.952299 4.664120 3.664122
v -4.674570 5.533678 1.454757
v -3.278630 8.429514 -0.054987
v -4.947619 4.748756 0.031298
v 3.820693 5.245285 -3.925179
v -1.450231 5.248945 -5.766026
v 4.526043 6.441276 -2.376190
v 1.574129 8.163891 2.941012
v 4.970481 4.759918 0.581508
v 0.042289 5.962001 7.239147
v -1.493632 3.748823 4.930707
v -0.268579 7.328269 -4.270255
v -2.007663 4.368519 5.273713
v 4.901861 5.497810 0.576907
v 0.249239 4.530023 -6.102582
v 0.021268 5.926204 6.800966
v 4.577214 4.041252 0.540585
v 0.384152 5.306249 5.455955
v 3.621904 3.976117 4.081037
v 0.308210 5.937470 6.783287
v -0.760120 5.729444 8.421818
v 4.227485 4.500863 3.267554
v -3.648601 4.766406 4.111879
v -3.924543 6.156765 3.175712
v -0.907942 6.506777 -5.548081
v 0.394544 5.809152 6.126637
v 4.422985 5.216409 2.818460
v 2.609009 6.803030 4.695306
v -4.082641 7.551513 -0.146157
v 4.062957 5.019855 3.588827
v -4.036268 3.569012 -2.978729
v 3.435804 4.240166 4.309767
v 1.490991 4.809555 5.602406
v 2.700950 2.265460 3.722172
v 3.186859 3.689854 4.579177
v -4.047813 6.164466 2.896215
v 0.609738 5.442264 5.692623
v -3.230445 6.745215 -3.575686
v 4.058133 5.281425 3.550954
v -0.648868 5.062170 6.410399
v -0.341036 5.319042 8.232206
v 0.278524 4.424934 7.392982
v -0.143693 4.953874 7.835076
v -3.890922 5.389303 -3.570622
v -3.736931 4.429054 3.951040
v -4.213323 4.844589 -3.116578
v 3.215688 4.902968 -4.679076
v -0.006894 4.611764 7.192690
v 3.373151 3.118276 4.363457
v -1.166089 5.969809 5.505435
v 0.541824 9.046803 3.239154
v 0.455975 5.469862 8.310358
v 0.458605 5.961023 7.020209
v 5.020218 4.950384 -0.301140
v -3.146125 4.439506 4.701365
v 1.147655 9.382840 0.832511
v -1.892706 3.766609 4.900344
v -4.443491 4.324942 -2.613339
v -4.748873 5.732585 0.523622
v -4.585372 4.297735 -1.654240
v -4.389232 3.802085 -0.025539
v 0.124137 5.932168 6.806935
v 3.390317 4.102534 -4.289784
v 4.337995 5.019464 3.065403
v 4.769140 5.784923 1.380390
v 4.716418 4.711197 2.011018
v -2.587888 6.734115 4.559119
v -0.050142 5.848917 8.621368
v 2.321037 4.338752 5.144732
v 2.491226 8.193680 -2.589955
v 4.042110 6.272092 -3.267157
v -3.912543 5.684552 3.517743
v -0.435885 6.925311 5.299397
v 4.372056 6.430391 -2.696891
v 1.439164 7.463232 4.129112
v -3.704274 6.870943 2.945002
v 4.983197 4.631645 -0.897861
v 1.757796 4.246713 5.265746
v -0.148933 5.949612 7.049006
v -3.208656 5.518241 4.517145
v -4.653370 4.264678 0.763382
v 2.486758 6.870063 4.418811
v -1.840202 3.151019 4.050276
v 0.287108 5.657064 8.588446
v 4.728326 4.333822 -0.572915
v 5.031023 4.735051 -0.451927
v 4.674870 5.574810 -2.068985
v -4.104416 3.373730 -2.672142
v 2.484333 5.750143 -5.083040
v -2.625348 3.840291 4.824639
v 3.711901 4.350722 4.004173
v -0.444485 5.966513 7.237757
v 0.013957 4.959864 7.894197
v 2.566620 3.950849 4.857789
v 0.206668 5.936797 6.797632
v 3.314623 3.791409 4.410552
v -3.592532 4.236097 -4.053845
v 2.685889 3.685009 4.711830
v -4.167871 4.634092 3.317914
v -0.536549 5.830222 7.432239
v 4.895630 5.556039 0.289874
v 0.351976 5.471556 5.456903
v -4.060958 7.337252 -1.492618
v 2.091180 3.861354 4.929644
v 4.076466 5.042398 -3.580781
v -4.285434 4.596233 3.108097
v -4.866388 5.259398 0.283222
v 4.746520 5.447299 1.714602
v -4.478908 3.929089 -0.256550
v -4.640647 5.437465 1.732318
v -4.203091 3.721249 -2.263268
v -4.354163 3.797771 -0.542974
v 0.459013 5.029109 5.774979
v 0.411261 5.879344 6.610602
v -0.380455 4.403633 6.430291
v -4.914821 4.978642 0.235769
v 2.333715 3.645707 4.771140
v -4.844879 4.487950 -1.448073
v 3.932859 5.038662 -3.821687
v 0.274352 5.943741 6.791405
v -3.203985 4.081999 -4.482490
v 0.692928 7.220804 5.314227
v -4.211609 4.215138 3.276553
v -0.004798 6.668115 5.419691
v 1.541222 5.282967 5.575280
v -4.738102 5.406208 -1.439336
v 0.836623 9.418268 1.028472
v 4.698237 6.494910 -0.620641
v 0.000000 3.798019 -5.262511
v -4.381172 6.914963 -1.015958
v -0.630074 5.177434 6.926347
v 0.116426 5.843222 8.710854
v 2.344621 4.687937 -5.397732
v -1.103053 6.694392 5.257828
v 0.965225 5.053041 5.718894
v 0.074513 5.422729 8.531013
v -3.643907 5.672549 3.945228
v 0.608906 5.831140 6.990372
v -0.475330 5.672097 7.828383
v 3.980253 5.310452 -3.668796
v 0.755528 5.277201 6.177929
v -0.105230 4.538794 7.370588
v -3.685402 4.931054 4.057665
v 4.408191 4.121573 -1.873008
v 0.669648 5.221895 7.074981
v -0.061157 5.330194 8.488214
v -0.436313 5.924083 7.008175
v -1.174026 5.727579 5.565724
v -4.465582 6.678404 0.476022
v -0.571843 5.640089 7.256929
v 0.221442 6.439922 5.495959
v -3.781453 4.950427 3.921989
v 2.474959 2.768591 4.314824
v 4.136837 4.504722 3.427252
v 0.015722 6.074329 7.898384
v -4.119543 3.661895 -1.987644
v -4.904999 4.610219 -0.857167
v -1.249439 6.045649 -5.469250
v -0.482059 4.636022 6.100800
v 2.587481 2.561635 4.181870
v -3.912199 7.261453 1.938339
v -3.035534 5.501077 4.689580
v -3.926494 5.216314 3.664823
v -4.888215 4.985148 -0.866325
v 4.995031 4.514448 -0.589893
v 3.169386 5.950721 4.459046
v 3.701257 4.815454 -4.136677
v 2.169357 3.439545 4.689203
v 2.050452 4.267807 5.186843
v -3.777898 4.244640 -3.797531
v 4.914618 5.478296 -0.264872
v -2.121673 4.334711 -5.155546
v -0.568830 6.182850 -5.571262
v -3.971558 6.787608 -2.551777
v 3.723570 3.851392 3.963969
v -4.782657 4.398216 -0.500967
v 4.820400 5.753326 1.136576
v 4.731745 6.186536 -0.079617
v -2.497998 4.304624 5.040071
v -2.857558 3.824120 4.681059
v 4.441270 4.980294 2.812480
v -4.550190 5.198058 2.256385
v -2.365688 4.538677 -5.260690
v -2.008114 6.210084 5.198217
v -3.030369 3.775488 4.638203
v 2.844082 3.467319 4.588423
v -4.048023 5.705644 -3.214273
v 0.154526 6.080998 7.583675
v 0.522556 5.991067 7.584724
v 0.338202 7.458077 5.163456
v 0.200086 5.968784 6.989721
v 1.498244 9.500685 -0.412866
v 1.552307 4.139447 5.255928
v 1.082142 4.038789 5.309114
v 0.126401 5.988151 7.915165
v 2.820914 6.930215 3.791001
v -0.496254 4.529417 -6.082142
v -4.712171 6.004678 -0.363049
v -2.577866 3.945349 4.881104
v -2.484651 5.665026 -4.962360
v 0.001446 6.211157 5.589478
v 3.238061 2.878177 4.227522
v 4.728088 4.326710 0.539582
v -4.706044 5.247421 -1.715831
v 4.979540 4.630002 -0.597440
v -0.451424 3.793855 -5.208261
v -0.124132 6.027485 8.450098
v -4.550998 5.235789 -2.255658
v 3.575506 4.162104 -4.078806
v 0.083945 4.653698 7.781160
v 3.561909 3.821401 4.151995
v 3.739634 4.796446 4.027584
v -0.909741 6.063479 -5.577586
v -2.789083 2.790178 4.278369
v 0.674457 4.658352 6.298300
v -4.677565 5.738235 -1.402596
v 4.920681 5.253837 0.866044
v -0.618707 5.537174 6.764461
v 2.603825 5.062601 -5.188772
v 0.455675 6.202442 5.556662
v 2.996058 2.797232 4.202918
v 1.271900 4.290279 5.431700
v -1.881379 4.244275 5.243232
v -0.177953 7.123584 5.209903
v 4.984493 5.256091 -0.002429
v 0.008728 6.933999 -5.380668
v -2.084030 4.712332 5.391788
v 4.745952 4.864744 1.969270
v 1.917127 5.044554 5.456702
v 0.514282 5.723672 6.107438
v 0.125456 5.988464 7.247659
v -3.225588 4.741055 -4.525203
v 0.089005 5.841775 8.746707
v -4.836148 5.482546 -0.271110
v 0.563992 5.958765 7.296926
v 0.485262 5.099941 7.658545
v 0.491175 5.593922 7.868492
v 2.862719 2.144816 3.858677
v 0.943041 5.987949 -5.666893
v 0.525421 7.933388 4.947110
v -2.082920 5.695717 -5.250648
v -0.631406 5.357484 6.896246
v 2.484590 3.811049 4.812229
v -4.757817 5.785061 0.183551
v 4.544392 4.304059 -1.658801
v -4.903152 4.490078 0.875793
v -1.698608 4.617241 -5.706497
v -1.257004 3.500065 4.704912
v 0.234886 5.969064 5.657123
v -0.190385 5.004557 7.853455
v 3.776182 5.060763 3.979777
v -2.845388 6.228374 4.587302
v -1.209552 5.301754 -5.829257
v -4.417309 4.057282 2.830521
v 0.433800 6.915043 5.333365
v -0.415638 5.070632 5.762193
v -1.940156 3.401295 4.575430
v 0.416724 5.640743 5.644495
v 4.989925 4.856156 0.434216
v 2.900093 5.896542 -4.761680
v 0.688413 5.192576 5.882167
v 1.492910 3.215282 4.267051
v 4.997899 5.010464 -0.600712
v -0.853086 7.133453 5.101290
v 0.664055 4.637670 6.024667
v -1.834923 7.409003 4.591823
v 2.782951 5.167867 4.932538
v 0.151245 4.432562 6.076137
v 0.025421 4.351347 6.383271
v -0.121311 4.327009 6.330725
v -4.139567 7.092594 -1.738217
v -0.362687 4.424462 6.178765
v 4.788668 5.547765 1.463088
v -0.732422 4.639243 -5.992662
v -0.565643 4.946962 6.091161
v 0.237826 4.449451 7.383592
v 0.179091 3.904295 -5.398981
v -0.631316 5.476372 6.282905
v -0.564252 5.490294 5.796157
v -0.518540 5.642452 5.825996
v -0.435172 5.632463 5.641626
v 1.331306 6.903140 5.247526
v -0.113808 5.633180 5.507874
v -4.312692 4.333962 3.080117
v 0.000000 4.059850 -5.540306
v 0.000000 3.021090 -4.294928
v 0.000000 2.430784 -2.292221
v 0.000000 2.266078 -1.168353
v -0.494818 5.019687 -6.036485
v -0.902848 4.051523 -5.431806
v -0.716361 3.437630 -4.975003
v -0.691890 3.064075 -4.153026
v -0.543383 2.695879 -3.262533
v -0.373913 2.429094 -2.247727
v -0.190478 2.265975 -1.145849
v 2.347756 8.978150 0.748920
v 1.883374 9.165987 -0.091595
v -1.600788 3.448187 -4.584214
v -1.360914 2.997588 -3.896207
v -1.066853 2.669713 -3.066859
v -0.733516 2.424481 -2.116047
v -0.373633 2.265723 -1.079217
v -2.939237 4.417874 -4.605900
v -2.623026 3.575665 -4.487089
v -2.380065 2.738615 -3.957917
v -1.993011 2.722277 -3.440777
v -1.550892 2.620353 -2.747552
v -1.064947 2.418844 -1.902645
v -0.542419 2.265459 -0.971049
v -3.325821 4.356867 -4.125713
v -3.817930 1.300978 -3.191664
v -3.284092 1.339207 -2.971099
v -2.558559 2.313447 -2.819333
v -1.974873 2.583516 -2.324602
v -1.355302 2.415652 -1.616488
v -0.690348 2.265338 -0.825542
v -3.718314 4.332384 -3.605859
v -3.962140 2.933342 -2.808172
v -3.602772 2.361979 -2.482636
v -2.982587 2.639704 -2.249491
v -2.319257 2.607625 -1.825085
v -1.593289 2.417275 -1.269124
v -0.811736 2.265445 -0.648314
v -4.507768 4.502327 -2.331887
v -4.308835 3.952856 -2.066603
v -3.855143 3.348522 -1.872971
v -3.280985 2.947747 -1.588754
v -2.572417 2.656414 -1.260459
v -1.769854 2.422271 -0.873653
v -0.901929 2.265755 -0.446178
v -4.876257 4.609942 -1.158532
v -4.522861 4.079459 -1.039704
v -4.066627 3.499223 -0.973519
v -3.472530 3.046942 -0.817343
v -2.727915 2.687572 -0.643330
v -1.878466 2.427195 -0.444618
v -0.957475 2.266151 -0.226884
v -4.865855 4.559117 0.153166
v -4.580365 4.074471 0.063569
v -4.157804 3.525292 0.000165
v -3.538404 3.066591 0.002685
v -2.780498 2.697516 0.002597
v -1.915176 2.429752 0.001872
v -0.976251 2.266511 0.001166
v -4.606453 4.327608 1.555029
v -4.420110 3.945996 1.223149
v -4.081608 3.496158 0.970885
v -3.472696 3.042579 0.825810
v -2.792460 2.632941 0.591008
v -1.878693 2.429459 0.448678
v -0.957542 2.266770 0.229229
v -4.424628 4.131287 2.253169
v -4.233390 3.735343 2.160047
v -3.863937 3.294854 1.891276
v -3.285813 2.926446 1.612098
v -2.867139 2.405136 1.003045
v -1.770429 2.427214 0.878530
v -0.902060 2.266944 0.448553
v -4.123395 3.738304 3.168116
v -3.919752 2.208002 2.936369
v -3.649568 2.164274 2.597365
v -3.078966 2.624743 2.255438
v -2.324306 2.638530 1.846298
v -1.594359 2.425008 1.274868
v -0.811916 2.267108 0.650712
v -3.559979 1.854190 3.976265
v -4.328258 1.866383 3.395985
v -3.350544 1.513124 3.287264
v -2.653953 2.533748 2.956245
v -1.985398 2.632001 2.350306
v -1.356804 2.424979 1.622495
v -0.690553 2.267334 0.827936
v -2.795074 4.296118 4.900493
v -2.878055 3.224984 4.507596
v -2.700120 2.355372 4.049145
v -2.053031 2.837954 3.503126
v -1.560786 2.658117 2.766302
v -1.066486 2.427656 1.908030
v -0.542618 2.267634 0.973401
v -1.843932 4.516205 5.392329
v -1.817502 3.970625 5.075480
v -1.639438 3.446346 4.579343
v -1.369987 3.024519 3.906371
v -1.072197 2.688394 3.076585
v -0.734679 2.431485 2.120374
v -0.373789 2.267958 1.081507
v -0.776511 4.580091 5.663736
v -0.753446 4.058556 5.338184
v -0.804062 3.510285 4.771186
v -0.649289 3.082716 4.120002
v -0.552622 2.705791 3.261941
v -0.374510 2.434491 2.251203
v -0.190565 2.268209 1.148085
v 0.132861 4.592934 5.717898
v -0.023955 4.069166 5.360889
v -0.001274 3.590579 4.888204
v 0.101186 3.120907 4.183841
v -0.023334 2.713802 3.319790
v -0.000000 2.435583 2.295389
v -0.000000 2.268304 1.170568
v 0.611111 4.584827 5.689568
v 0.808457 4.052663 5.347792
v 0.732007 3.495026 4.713166
v 0.788901 3.044645 3.988737
v 0.531769 2.703907 3.243300
v 0.374510 2.434491 2.251203
v 0.190565 2.268209 1.148085
v 1.811924 4.484673 5.395733
v 1.790354 3.984194 5.074815
v 1.590889 3.433254 4.605278
v 1.409607 3.017916 3.913199
v 1.071835 2.688724 3.075541
v 0.734679 2.431485 2.120375
v 0.373789 2.267958 1.081507
v 2.722328 4.052183 4.874724
v 2.877527 3.158475 4.463384
v 2.700118 2.355381 4.049146
v 2.053031 2.837955 3.503127
v 1.560786 2.658117 2.766304
v 1.066486 2.427656 1.908031
v 0.542618 2.267634 0.973402
v 3.560464 1.846059 3.974994
v 4.328258 1.866382 3.395985
v 3.350544 1.513124 3.287265
v 2.653953 2.533748 2.956246
v 1.985398 2.632000 2.350308
v 1.356804 2.424979 1.622496
v 0.690553 2.267334 0.827936
v 4.162126 4.013852 3.200531
v 3.919754 2.208004 2.936369
v 3.649567 2.164273 2.597368
v 3.078966 2.624744 2.255440
v 2.324307 2.638530 1.846300
v 1.594359 2.425008 1.274868
v 0.811916 2.267108 0.650712
v 4.532138 4.502918 2.231696
v 4.280056 3.885654 2.108452
v 3.863938 3.294852 1.891278
v 3.285813 2.926446 1.612098
v 2.867141 2.405135 1.003046
v 1.770430 2.427214 0.878531
v 0.902060 2.266943 0.448553
v 4.823677 4.610121 1.148384
v 4.533309 4.030520 1.079660
v 4.081609 3.496158 0.970886
v 3.472696 3.042580 0.825810
v 2.792461 2.632941 0.591009
v 1.878694 2.429458 0.448679
v 0.957543 2.266770 0.229230
v 4.942228 4.624803 -0.003597
v 4.621119 4.051983 0.001510
v 4.159688 3.525734 0.002163
v 3.538405 3.066591 0.002685
v 2.780499 2.697515 0.002599
v 1.915176 2.429752 0.001872
v 0.976251 2.266511 0.001166
v 4.960585 4.630705 -1.191472
v 4.533955 4.038031 -1.074497
v 4.082121 3.505031 -0.963348
v 3.472531 3.046942 -0.817343
v 2.727917 2.687572 -0.643330
v 1.878467 2.427196 -0.444618
v 0.957476 2.266151 -0.226884
v 4.638459 4.583016 -2.294570
v 4.280531 3.939948 -2.090561
v 3.859560 3.361405 -1.864390
v 3.280986 2.947747 -1.588754
v 2.572419 2.656415 -1.260458
v 1.769855 2.422270 -0.873653
v 0.901930 2.265755 -0.446178
v -0.000000 2.211410 0.000911
v 4.109226 4.365048 -3.204305
v 3.962141 2.933342 -2.808173
v 3.602774 2.361980 -2.482636
v 2.982588 2.639704 -2.249491
v 2.319259 2.607625 -1.825086
v 1.593290 2.417274 -1.269124
v 0.811737 2.265446 -0.648315
v 3.536400 4.017437 -4.013016
v 3.817931 1.300978 -3.191665
v 3.284096 1.339206 -2.971098
v 2.558560 2.313445 -2.819333
v 1.974876 2.583515 -2.324602
v 1.355303 2.415652 -1.616488
v 0.690348 2.265338 -0.825542
v 2.750774 4.468446 -4.857433
v 2.621253 3.581071 -4.491204
v 2.380068 2.738610 -3.957917
v 1.993012 2.722275 -3.440777
v 1.550894 2.620352 -2.747554
v 1.064948 2.418844 -1.902646
v 0.542419 2.265460 -0.971050
v 1.933663 4.610346 -5.618107
v 1.775703 4.000776 -5.104110
v 1.600790 3.448187 -4.584216
v 1.360915 2.997588 -3.896208
v 1.066855 2.669712 -3.066861
v 0.733517 2.424481 -2.116048
v 0.373633 2.265723 -1.079218
v 0.976487 4.636787 -5.952081
v 0.902849 4.051523 -5.431808
v 0.716363 3.437630 -4.975006
v 0.691891 3.064075 -4.153026
v 0.543385 2.695878 -3.262537
v 0.373913 2.429094 -2.247728
v 0.190479 2.265975 -1.145851
v -1.932682 4.608922 -5.614246
v -0.000000 3.536187 -4.984717
v -0.000000 2.703087 -3.328239
v 0.135242 8.397645 -2.949301
v 0.107129 7.274864 -4.903243
v -4.646233 6.212177 -0.595886
v -0.000024 4.529367 -6.108728
v 0.213494 9.413538 -1.185824
v 0.615084 8.654190 -3.189540
v 0.760737 8.065928 -4.215960
v 0.863454 7.431838 -4.889729
v -2.753693 5.418889 -4.899737
v -0.489485 4.641349 -6.030076
v 0.988435 4.523743 -5.989735
v 1.076580 8.649995 -2.958453
v 1.381648 8.037161 -3.807949
v 1.597381 7.228176 -4.638858
v -1.461765 5.000511 -5.793782
v -4.845951 5.028733 -1.142887
v 1.946782 4.496349 -5.648075
v -0.537079 7.944484 4.575659
v 1.176025 9.186483 -1.791665
v 1.982022 8.073614 -3.418902
v 2.311731 7.292900 -4.119164
v 2.787276 5.472772 -5.008168
v 2.802506 4.347757 -4.944272
v 1.778038 8.797148 -0.739973
v 2.219202 8.475013 -2.669662
v 2.549660 8.090803 -2.950986
v 3.023402 7.307825 -3.507439
v 3.552318 5.439260 -4.242089
v 3.607751 3.738170 -4.057251
v 2.477208 8.444398 -1.959225
v 2.707978 7.966164 -2.177344
v 3.258920 6.931676 -2.584987
v 1.992803 8.917725 -0.118034
v 4.135122 5.414196 -3.377525
v 4.189745 4.222039 -3.260513
v -1.171433 8.342186 3.823189
v 2.727464 7.476230 -3.503584
v -4.167774 7.106004 1.248113
v 3.005761 7.812139 -1.436997
v 3.489581 6.811415 -1.729478
v 4.645762 4.460252 -2.289367
v 1.635822 9.078074 -1.635669
v 2.939906 8.145143 -0.523002
v 3.846745 7.059598 -0.944412
v 4.728481 6.536421 -1.082200
v 4.843159 5.507690 -1.331980
v 4.968557 4.513109 -1.182306
v 0.613791 9.526670 0.308197
v 1.782942 8.827253 -1.434157
v 2.479500 8.858763 1.140538
v 3.571009 8.096280 -0.087923
v 4.667808 6.410301 -0.128955
v 4.911803 5.495114 0.002839
v 5.007953 4.515069 0.000271
v -2.196566 6.262561 5.099358
v 1.704959 9.014734 -1.995931
v 2.766712 8.734811 0.526764
v 3.428939 8.020319 0.782375
v 3.500256 8.060187 0.358939
v 4.566136 6.446652 1.088011
v 4.857834 5.502025 1.152893
v 4.905735 4.500993 1.169396
v 1.815461 9.220643 0.733264
v 2.770944 8.669179 1.204190
v 3.319371 8.157556 1.659644
v 4.306729 6.432651 2.126709
v 4.579784 5.476741 2.285137
v 4.624838 4.413047 2.285530
v 2.230037 8.460847 -1.413754
v -3.788081 5.953052 -3.497639
v 2.367473 8.756792 1.961863
v 2.851433 7.879656 2.222083
v 3.955304 6.440269 3.113329
v 4.170541 5.486193 3.309310
v 4.271554 3.923190 3.276338
v 0.885516 9.509520 0.274240
v -1.191059 7.704780 4.582439
v 2.227333 7.641294 2.708064
v 0.029667 5.674773 5.505268
v 3.463908 6.592023 4.166621
v 3.508656 5.408243 4.238817
v 3.744571 1.685299 4.050893
v 0.584833 9.487395 0.928817
v 2.107511 8.948288 -1.981356
v 1.518648 8.638969 2.700449
v 3.202634 7.588725 -1.342362
v 2.720906 6.643752 4.840629
v 2.746823 5.463377 4.878929
v 2.663772 3.979558 5.010302
v 0.659588 9.249924 2.174638
v 1.165834 8.877987 3.271987
v 1.268338 7.854312 3.744713
v 1.605249 7.141457 4.594789
v 1.804391 6.575459 5.321838
v 1.863756 5.560021 5.393176
v 1.318668 4.377108 5.573190
v -0.658333 8.016888 -2.887728
v 0.667215 9.039857 3.555668
v 0.730530 8.232300 4.417717
v 0.883814 7.444390 5.114276
v 0.892262 6.434438 5.429811
v 0.965895 5.486149 5.683575
v 0.710486 4.434468 5.687819
v -0.014143 9.499046 1.104445
v 0.029809 9.261732 2.346756
v 0.039475 8.876408 3.463906
v -0.007507 8.246805 4.460103
v 0.077773 7.351018 5.133033
v -0.001476 6.452171 5.510118
v 0.009600 5.497135 5.769269
v 0.082351 4.463029 5.729294
v -2.488702 7.688843 3.755780
v -0.559839 8.818579 3.327874
v -0.741289 8.150127 4.302111
v 2.837214 7.073801 3.440369
v -0.903995 6.454820 5.398030
v -0.939970 5.435913 5.671391
v -0.536984 4.472757 5.716804
v -4.262270 6.890221 1.262835
v -1.082438 8.794271 3.179616
v -1.326869 8.154937 3.993212
v -1.623432 7.335662 4.732128
v -1.771128 6.459490 5.188386
v -1.860257 5.506739 5.410156
v -1.614771 4.444416 5.528191
v -0.517732 9.459911 1.031981
v -1.309625 9.252758 1.896042
v -1.641673 8.826120 2.771970
v -2.046883 8.157000 3.633235
v -0.543974 7.746739 4.756454
v -2.638167 6.518543 4.636769
v -2.783329 5.477806 4.910729
v -2.947767 3.966679 4.867575
v -1.373805 9.033418 1.563709
v -2.664537 8.323160 3.119812
v -3.268486 6.496713 3.958611
v -3.556192 5.392083 4.148388
v -3.744577 1.685299 4.050889
v 0.000000 -0.471098 0.000000
v -0.755187 9.452721 0.730883
v -1.544030 9.060346 1.237968
v -3.115338 8.239319 2.455340
v -3.517222 7.321619 2.794144
v -3.858635 6.427163 3.074671
v -4.126722 5.419717 3.228836
v -4.232412 3.711547 3.312826
v -0.771144 9.478193 0.426912
v -1.799847 9.379042 0.928470
v -3.545999 8.343321 1.681974
v -4.864687 5.277215 -0.569729
v -4.240448 6.436409 2.073538
v -4.518251 5.465641 2.177057
v -4.551027 4.240205 2.431957
v -1.839584 9.254768 0.372832
v -3.602476 8.156212 0.850628
v -1.214178 9.355703 0.392963
v 2.619442 8.172912 -0.831491
v -4.737053 5.488050 1.135188
v -4.860764 4.474627 1.168782
v -2.753870 8.766896 0.052989
v -3.630871 8.149058 -0.021154
v 0.687590 6.212290 -5.591717
v -4.577917 6.448950 -0.108097
v -4.829288 5.502442 -0.011244
v -4.970671 4.509187 -0.002667
v -1.043776 9.384466 0.648668
v -2.199667 7.762389 3.903282
v -4.238444 5.976267 -2.715589
v -4.171613 7.316313 -1.047227
v -4.538277 6.460395 -1.044967
v -4.762087 5.518612 -1.147504
v -4.899462 4.499423 -1.165367
v -1.800282 9.120892 -0.721678
v -2.584379 8.863396 -1.321647
v -3.305594 8.110276 -1.434673
v -3.955169 7.322589 -1.925130
v -2.491538 4.953078 -5.225712
v -4.494193 5.653570 -2.235048
v -4.578080 4.393775 -2.302604
v 0.209322 9.308541 2.185611
v -1.580207 9.178146 -1.198335
v -3.229423 8.474155 0.256460
v -3.961071 7.520246 1.212488
v -4.094661 5.441628 -3.221980
v -4.081048 4.109109 -3.300787
v -4.233229 6.665277 1.784581
v -1.300347 9.159224 -1.656276
v -4.216452 7.324377 -0.007684
v -2.178814 7.478404 -2.303287
v 2.300421 8.635489 -2.395275
v -3.447111 5.314369 -4.190020
v -3.551526 3.945791 -4.076543
v -1.048583 7.321630 4.930721
v -1.393220 8.241787 -2.400252
v -1.770777 7.757821 -2.994842
v -2.205161 6.980250 -3.975079
v -2.112756 5.458447 -5.345482
v -4.626958 5.981340 -1.376251
v -2.870716 4.255113 -4.828649
v -0.948131 9.368328 -1.076049
v -0.665715 9.032711 -2.099898
v -1.092646 7.542830 -3.322617
v -1.489981 7.001485 -4.267470
v -1.613117 6.545866 -5.170448
v 1.289360 6.866062 -5.071288
v 0.457276 5.972288 -5.684917
v -0.280034 9.509238 1.000152
v -0.309591 9.064642 -2.232049
v -0.522888 7.596529 -3.636821
v -0.708023 7.071452 -4.530105
v -0.247587 4.776846 -6.098156
v -0.965752 5.495691 -5.839663
v -4.497404 6.694007 -0.565006
v 0.021395 9.107315 -2.269474
v 0.135454 7.778483 -3.805524
v -1.721782 8.649841 2.107853
vn 0.2988 0.9404 0.1626
vn -0.4041 0.6469 0.6467
vn -0.9654 0.1568 0.2083
vn 0.5183 0.8191 -0.2458
vn 0.6845 0.7288 0.0178
vn -0.0701 0.1789 0.9814
vn -0.6353 0.5494 0.5428
vn 0.0413 0.4149 -0.9089
vn -0.6710 0.7410 -0.0269
vn -0.7205 0.1598 -0.6748
vn -0.0156 0.6287 -0.7775
vn 0.8076 0.1948 -0.5566
vn -0.8730 0.2663 -0.4087
vn -0.7876 0.6079 0.1003
vn 0.4554 0.7686 -0.4493
vn -0.8462 0.0554 -0.5301
vn -0.4773 0.6716 -0.5667
vn -0.9529 0.2962 -0.0651
vn -0.6332 -0.0060 -0.7740
vn -0.1656 0.7943 -0.5845
vn -0.1278 0.1962 -0.9722
vn -0.7469 0.4521 0.4876
vn -0.9609 0.2767 0.0086
vn -0.0838 0.0197 -0.9963
vn -0.9128 0.3722 0.1682
vn -0.8425 0.5351 0.0627
vn 0.1477 0.9864 0.0724
vn -0.7825 0.4700 0.4083
vn -0.7648 0.4638 0.4471
vn 0.8670 -0.0977 -0.4886
vn 0.5423 0.0259 0.8398
vn 0.3914 0.8629 0.3198
vn -0.4997 0.3131 0.8077
vn 0.1057 0.2763 0.9552
vn -0.8445 0.4205 0.3317
vn -0.6893 0.4864 0.5369
vn -0.7028 0.4438 0.5560
vn 0.2488 0.2760 0.9284
vn 0.3564 0.2019 0.9123
vn -0.6507 0.4590 0.6049
vn 0.8188 0.3733 0.4361
vn -0.5275 0.3043 0.7932
vn -0.4039 0.2217 0.8876
vn -0.6673 0.4075 0.6235
vn -0.2542 0.3302 0.9090
vn -0.4010 0.3932 0.8274
vn 0.8334 0.4908 0.2540
vn 0.4450 0.8622 0.2419
vn -0.4451 0.1895 0.8752
vn 0.8386 0.3560 -0.4123
vn -0.4044 0.8786 -0.2540
vn -0.2195 0.2950 0.9299
vn 0.2129 0.2803 0.9360
vn -0.3315 0.8322 0.4444
vn 0.1091 0.2802 0.9537
vn 0.2429 0.2869 0.9266
vn 0.1870 0.3018 0.9348
vn -0.5954 0.2987 0.7458
vn -0.2099 0.3298 0.9204
vn -0.2916 0.2178 0.9314
vn -0.5985 0.2794 0.7509
vn -0.9594 0.2810 0.0253
vn 0.7352 -0.0889 0.6720
vn -0.2105 0.2512 0.9448
vn -0.7357 0.4952 0.4621
vn -0.1895 0.3233 0.9271
vn 0.3597 0.2153 -0.9079
vn 0.7591 0.6502 0.0324
vn 0.9213 0.3735 -0.1083
vn -0.8596 0.3998 0.3182
vn -0.6213 0.3825 0.6839
vn -0.2136 0.3322 0.9187
vn -0.4334 0.2013 0.8785
vn 0.1702 0.9723 0.1605
vn -0.8230 0.5681 0.0010
vn 0.8238 0.5254 0.2129
vn 0.8533 0.5138 0.0888
vn 0.4661 0.1175 0.8769
vn -0.2173 0.3253 0.9203
vn 0.6063 0.7153 0.3473
vn 0.3359 0.9195 0.2041
vn 0.5435 0.7723 0.3287
vn 0.5093 0.8116 0.2862
vn -0.4692 0.3893 0.7927
vn -0.7090 0.5271 0.4685
vn 0.6315 0.7704 0.0878
vn -0.1808 0.7166 0.6737
vn 0.7957 0.5668 0.2135
vn -0.2633 0.8522 0.4522
vn -0.2188 0.3940 0.8927
vn 0.6172 0.7164 0.3253
vn -0.2387 0.6154 0.7512
vn -0.1809 0.3804 0.9069
vn -0.5338 0.2307 0.8136
vn 0.5113 0.7706 0.3804
vn 0.5268 0.1632 0.8342
vn 0.2373 0.2808 0.9300
vn 0.3707 0.2861 0.8836
vn 0.6111 0.7164 0.3367
vn -0.2825 0.2280 0.9318
vn 0.5473 0.8241 -0.1462
vn 0.3925 0.8746 0.2845
vn 0.4397 0.8323 0.3376
vn 0.4594 0.3412 0.8201
vn 0.1665 0.8688 0.4664
vn -0.3035 0.3238 0.8961
vn -0.6397 0.3350 0.6918
vn -0.1140 0.5399 -0.8339
vn 0.5609 0.6927 0.4535
vn 0.5097 0.6330 0.5827
vn 0.2957 0.9105 0.2891
vn 0.3388 0.9106 0.2366
vn -0.0014 0.9934 0.1147
vn -0.2527 0.6472 0.7192
vn -0.1116 0.8802 0.4613
vn 0.1698 0.9642 0.2035
vn 0.4461 0.8594 0.2499
vn -0.8772 0.4299 -0.2138
vn -0.2175 0.3796 0.8992
vn 0.0647 0.9945 0.0821
vn 0.1908 0.9194 0.3440
vn -0.4049 0.8840 0.2336
vn 0.1925 0.9685 0.1580
vn -0.3663 0.7176 0.5924
vn -0.0747 0.9807 0.1807
vn 0.0789 0.9963 -0.0334
vn -0.2398 0.5351 0.8100
vn 0.3156 0.8808 0.3530
vn -0.1472 0.5588 0.8162
vn 0.2768 0.8789 -0.3885
vn -0.2166 0.9683 0.1242
vn -0.2576 0.7512 0.6077
vn -0.1150 0.9251 0.3619
vn 0.3444 0.8392 0.4209
vn -0.1548 0.7025 0.6946
vn 0.0097 0.9945 0.1039
vn 0.7504 0.3223 0.5771
vn 0.2406 0.8291 0.5047
vn -0.4046 0.5949 -0.6946
vn -0.1746 0.7906 0.5870
vn 0.8538 0.3228 0.4085
vn 0.1635 0.7121 -0.6828
vn -0.1427 0.3111 0.9396
vn -0.3281 0.8514 0.4093
vn -0.8381 0.2238 0.4975
vn 0.4368 0.6043 0.6664
vn 0.6672 0.4405 -0.6007
vn -0.9693 0.2331 -0.0781
vn 0.8152 0.5639 -0.1325
vn 0.3716 0.6988 0.6112
vn 0.4851 0.7788 0.3975
vn -0.1374 0.8381 0.5279
vn -0.6356 0.0294 -0.7715
vn -0.1848 0.8462 0.4998
vn -0.2256 0.4457 0.8663
vn -0.3792 0.6939 0.6122
vn -0.7451 0.3852 0.5446
vn -0.8048 0.4536 0.3829
vn -0.3790 0.7943 -0.4748
vn 0.4399 0.5835 0.6827
vn 0.2061 0.9099 0.3600
vn -0.2673 0.8394 0.4733
vn 0.5361 0.6113 0.5821
vn 0.2489 0.9603 0.1260
vn 0.2634 0.8217 0.5053
vn 0.8536 0.3707 0.3660
vn 0.3196 0.7729 0.5481
vn 0.0968 0.2998 0.9491
vn 0.4637 0.6462 0.6061
vn -0.4975 0.6038 0.6229
vn 0.7812 0.5999 -0.1726
vn -0.2925 0.9442 -0.1513
vn -0.2255 0.9217 0.3156
vn -0.6388 0.4491 0.6246
vn -0.6710 0.4390 0.5975
vn -0.6044 0.5532 0.5732
vn -0.7797 0.3840 0.4946
vn 0.1419 0.3745 0.9163
vn -0.2638 0.5910 0.7623
vn -0.5010 0.6082 0.6157
vn -0.1615 0.9022 -0.3999
vn -0.8382 0.5323 0.1183
vn 0.1764 0.7497 0.6379
vn -0.8582 0.3813 0.3437
vn -0.1388 0.4955 0.8574
vn -0.3231 0.7500 0.5771
vn -0.3071 0.6586 0.6870
vn -0.2524 0.7582 0.6012
vn 0.4544 0.6969 -0.5548
vn -0.2056 0.7405 0.6398
vn 0.7702 0.3316 0.5449
vn -0.1138 0.8488 0.5163
vn 0.3909 0.8482 0.3575
vn -0.3511 0.7294 0.5871
vn -0.2432 0.6347 0.7335
vn 0.2654 0.8931 0.3632
vn 0.6980 0.7110 0.0852
vn 0.0617 0.3541 0.9332
vn 0.7983 0.4312 0.4203
vn 0.2515 0.9672 0.0363
vn 0.9124 -0.0936 0.3984
vn -0.0188 0.9346 -0.3552
vn -0.2586 0.4422 0.8588
vn 0.2527 0.9424 0.2189
vn -0.8770 0.4002 -0.2658
vn -0.1829 0.8319 0.5239
vn -0.8670 0.1769 -0.4658
vn -0.6524 0.3515 0.6714
vn -0.0521 0.3621 0.9307
vn 0.1553 0.2566 0.9540
vn 0.2324 0.7745 0.5883
vn 0.3148 0.2417 0.9179
vn 0.1477 0.9877 0.0520
vn 0.3089 0.9056 0.2906
vn 0.9523 0.1163 -0.2823
vn 0.4927 0.7920 0.3605
vn -0.6086 0.7702 -0.1906
vn 0.8486 0.4627 0.2566
vn -0.2049 0.3837 0.9004
vn 0.4418 0.4237 0.7907
vn 0.9228 0.0929 -0.3738
vn -0.8410 0.3810 0.3841
vn -0.3375 0.4923 0.8023
vn -0.8564 0.3729 0.3571
vn 0.7947 0.2084 0.5701
vn 0.1219 -0.1328 0.9836
vn -0.0680 0.1196 0.9905
vn 0.9699 -0.0686 0.2337
vn -0.6268 0.4435 0.6406
vn 0.0583 0.9799 -0.1908
vn 0.3066 0.5577 -0.7713
vn -0.2168 0.2929 0.9313
vn 0.8649 0.1805 -0.4683
vn 0.3685 0.6244 -0.6887
vn -0.2525 0.8644 -0.4348
vn -0.1348 0.8438 -0.5194
vn -0.2080 0.7397 0.6400
vn -0.8743 0.3714 0.3126
vn -0.2322 0.4811 0.8453
vn 0.9995 -0.0178 0.0255
vn -0.8416 0.3376 0.4216
vn -0.3443 0.7415 0.5758
vn 0.4136 0.1777 0.8929
vn 0.7555 0.5694 0.3241
vn -0.3875 0.8753 0.2892
vn -0.4416 0.7455 0.4993
vn -0.6564 0.4926 0.5714
vn 0.3223 0.6757 0.6630
vn 0.6792 0.6994 0.2226
vn 0.3097 0.8974 0.3142
vn -0.4959 0.6683 0.5545
vn -0.4546 0.4333 -0.7782
vn -0.8622 0.3710 0.3449
vn 0.0903 0.9852 0.1459
vn 0.5315 -0.0242 0.8467
vn 0.8015 0.4329 0.4125
vn -0.3502 0.1950 0.9161
vn 0.8238 0.3348 0.4573
vn -0.1251 0.4590 -0.8796
vn 0.6943 0.5698 0.4395
vn -0.7890 0.2606 0.5564
vn -0.2264 0.4444 0.8668
vn -0.6669 0.3853 0.6378
vn -0.3178 0.8869 0.3352
vn 0.2367 0.2868 0.9283
vn 0.0731 0.7155 0.6948
vn -0.7993 0.4675 0.3775
vn 0.4062 0.8365 0.3677
vn 0.2043 0.9480 0.2439
vn 0.2267 -0.1100 0.9677
vn 0.0546 0.0164 -0.9984
vn -0.0926 -0.0522 0.9943
vn 0.2239 0.4206 -0.8792
vn -0.5601 0.7360 0.3803
vn 0.5332 0.8431 0.0698
vn 0.6761 0.0255 0.7364
vn -0.3021 0.3068 0.9026
vn -0.3342 0.6813 0.6512
vn -0.5232 0.1576 0.8375
vn -0.5178 0.2762 0.8097
vn -0.6410 0.3764 0.6689
vn 0.3579 0.8525 0.3810
vn -0.3270 0.8398 0.4333
vn -0.3964 0.4055 0.8237
vn -0.4750 0.3811 0.7932
vn 0.2162 0.8426 0.4932
vn -0.5082 0.4729 0.7198
vn -0.3303 0.7158 0.6153
vn 0.2138 0.7288 0.6504
vn -0.6113 0.1638 -0.7742
vn -0.2913 0.5068 -0.8114
vn -0.3921 0.9143 -0.1013
vn 0.4885 0.5319 0.6917
vn -0.1897 0.5312 -0.8257
vn -0.9310 0.3651 -0.0060
vn 0.4856 0.6622 0.5706
vn 0.3879 0.2073 -0.8981
vn -0.7858 0.4125 -0.4607
vn -0.0570 0.2071 -0.9767
vn 0.5630 0.5961 -0.5724
vn -0.5997 0.3650 -0.7121
vn -0.9087 0.4032 0.1084
vn 0.4727 0.1289 -0.8718
vn -0.8644 0.1049 -0.4917
vn 0.4106 0.6978 -0.5869
vn -0.9326 0.3500 0.0879
vn 0.2264 0.5424 -0.8091
vn 0.1789 0.8887 -0.4222
vn 0.7752 0.5775 0.2560
vn -0.9235 0.3509 0.1549
vn -0.2208 0.8785 -0.4236
vn -0.6130 0.4654 -0.6385
vn -0.6500 0.4867 -0.5836
vn 0.7264 0.6162 -0.3044
vn 0.6790 0.3910 -0.6213
vn -0.4310 0.4674 -0.7719
vn 0.7685 0.2725 -0.5790
vn 0.1843 0.8374 -0.5146
vn -0.3551 0.9324 -0.0680
vn -0.7533 0.4140 -0.5111
vn -0.5365 0.4332 -0.7242
vn 0.6698 0.6778 -0.3031
vn 0.9709 0.2390 0.0165
vn -0.1450 0.9698 -0.1959
vn -0.3722 0.0889 -0.9239
vn -0.0749 0.8569 -0.5100
vn -0.6041 0.7856 -0.1339
vn -0.5224 0.8518 -0.0396
vn 0.4617 0.6595 -0.5933
vn -0.5743 0.6176 -0.5373
vn -0.4102 0.7108 -0.5714
vn -0.8038 0.3609 -0.4730
vn -0.9503 0.3071 0.0520
vn -0.8722 0.1086 -0.4769
vn -0.3065 0.9311 0.1976
vn -0.6576 0.7527 0.0312
vn 0.5926 0.5590 -0.5799
vn -0.2957 0.7309 0.6151
vn -0.7254 0.3753 0.5770
vn -0.3824 0.6206 0.6845
vn -0.2608 0.8985 -0.3530
vn 0.5205 0.7915 -0.3203
vn -0.5614 0.7099 -0.4254
vn 0.7232 0.5715 0.3879
vn 0.2699 0.9624 0.0303
vn 0.0216 0.3830 -0.9235
vn -0.8880 0.3881 0.2465
vn 0.6323 0.7699 0.0864
vn 0.9203 0.3797 0.0945
vn -0.3233 0.1851 -0.9280
vn 0.6208 0.7770 0.1042
vn -0.5041 0.8635 -0.0116
vn 0.7561 0.6530 -0.0429
vn 0.9840 0.1598 -0.0785
vn 0.2775 0.5693 0.7739
vn -0.3740 0.7353 -0.5651
vn 0.7784 0.6105 0.1463
vn -0.1141 0.9828 -0.1452
vn 0.4778 0.8728 -0.1002
vn -0.1019 0.7437 -0.6607
vn 0.7648 0.6176 0.1836
vn 0.0862 0.7208 0.6878
vn 0.7683 0.6147 0.1787
vn 0.0969 0.5818 -0.8075
vn 0.4512 0.5207 -0.7248
vn 0.0580 0.6942 0.7174
vn -0.9418 0.3361 0.0004
vn -0.7127 0.7013 -0.0140
vn -0.1789 0.8905 0.4184
vn 0.6788 0.2361 -0.6954
vn -0.8830 0.4581 0.1028
vn 0.8421 0.4803 0.2454
vn 0.0724 0.9797 0.1868
vn -0.2187 0.7017 0.6780
vn 0.4751 0.5379 0.6964
vn -0.9476 0.2808 0.1525
vn -0.8630 0.5046 -0.0251
vn 0.5245 0.6825 -0.5090
vn -0.8867 0.4428 -0.1334
vn 0.7688 0.6348 -0.0780
vn -0.9310 0.3373 0.1398
vn -0.2324 0.8070 -0.5429
vn -0.1664 0.9709 -0.1720
vn -0.9856 0.1671 0.0262
vn -0.8169 0.5764 -0.0197
vn -0.1019 0.4450 -0.8897
vn 0.7969 0.0337 0.6032
vn -0.9544 0.0229 0.2977
vn -0.3123 0.6601 0.6832
vn 0.9194 0.3871 0.0693
vn -0.7721 0.4537 0.4450
vn 0.5569 0.8305 -0.0132
vn -0.3462 0.6385 0.6874
vn 0.9342 0.2697 0.2336
vn -0.9549 0.2951 0.0319
vn 0.1944 0.9740 0.1161
vn 0.7902 0.6124 -0.0227
vn 0.2314 0.8312 0.5055
vn 0.8149 0.5795 0.0095
vn -0.5625 0.7652 0.3133
vn -0.4882 0.8654 -0.1133
vn 0.0429 0.9988 -0.0232
vn -0.5472 0.8367 -0.0227
vn 0.5700 0.7126 0.4089
vn -0.7248 0.2194 0.6531
vn 0.2834 0.8197 0.4978
vn -0.8550 0.4059 0.3229
vn -0.6026 0.3426 -0.7208
vn 0.9078 -0.0348 0.4179
vn -0.7883 0.4571 0.4118
vn 0.3964 0.8502 0.3464
vn 0.8813 0.4700 0.0484
vn 0.9422 0.3351 -0.0001
vn 0.9368 0.1544 -0.3139
vn -0.0813 0.9853 0.1504
vn -0.0124 0.9830 0.1830
vn 0.9433 0.3221 0.0804
vn -0.9116 0.1566 -0.3800
vn 0.6565 0.4943 0.5698
vn 0.4487 0.7725 -0.4493
vn 0.9491 0.3149 0.0055
vn 0.2051 0.9668 0.1524
vn -0.5690 0.4641 0.6789
vn 0.0076 0.8785 -0.4777
vn 0.9183 0.3915 0.0586
vn -0.3057 0.5646 0.7666
vn -0.5423 0.6063 0.5816
vn 0.3489 0.8586 0.3757
vn 0.9601 0.1780 0.2157
vn 0.7718 0.5335 -0.3460
vn -0.5879 0.7864 -0.1896
vn -0.8054 0.4198 0.4184
vn -0.7545 0.4729 0.4551
vn 0.8195 -0.0679 0.5691
vn -0.0282 0.9641 0.2641
vn -0.7212 0.4767 0.5026
vn 0.5837 0.4924 -0.6456
vn -0.1462 0.8154 -0.5601
vn -0.7491 0.4969 0.4380
vn -0.2824 0.6382 0.7162
vn -0.0722 0.9203 -0.3845
vn -0.8010 0.4250 0.4217
vn -0.4091 0.6085 0.6800
vn 0.5438 0.8105 -0.2176
vn -0.6518 0.5682 0.5023
vn -0.3039 0.4506 0.8394
vn -0.3628 0.2106 0.9078
vn 0.3230 0.7339 0.5976
vn -0.8228 0.1764 0.5402
vn -0.7958 0.4717 0.3799
vn -0.9282 0.2497 -0.2759
vn 0.3587 0.4125 0.8373
vn -0.5840 0.5879 0.5597
vn -0.3259 0.7158 -0.6176
vn -0.4796 0.8371 0.2632
vn 0.4980 0.7173 0.4874
vn -0.2649 0.2519 0.9308
vn -0.0658 0.5944 0.8015
vn 0.0662 0.5201 0.8515
vn 0.2838 0.9145 0.2885
vn 0.4560 0.8589 0.2332
vn -0.2290 0.2873 0.9301
vn 0.1402 0.0205 -0.9899
vn 0.6778 0.7057 -0.2064
vn 0.5272 0.4275 0.7344
vn -0.7252 0.4391 0.5303
vn -0.1421 0.7674 0.6253
vn -0.1992 0.2807 0.9389
vn -0.2620 0.7869 0.5586
vn -0.1564 0.9179 0.3646
vn 0.1502 0.3363 0.9297
vn 0.6195 0.3191 0.7172
vn 0.4644 0.3749 0.8023
vn 0.0668 0.9826 0.1732
vn -0.7125 0.4934 0.4989
vn 0.7691 0.2336 -0.5949
vn 0.3186 0.4204 0.8495
vn -0.2485 0.8632 0.4395
vn -0.1590 0.6839 0.7121
vn -0.1704 0.8774 0.4486
vn -0.2271 0.7048 0.6721
vn -0.8682 0.3623 0.3390
vn 0.2531 0.8416 0.4771
vn -0.1782 0.7895 0.5873
vn -0.0378 0.9767 -0.2113
vn -0.6825 0.5000 0.5331
vn 0.1839 0.1150 0.9762
vn -0.6929 0.4542 0.5600
vn 0.6803 0.5972 0.4248
vn 0.2256 0.3631 -0.9040
vn 0.6131 0.7340 0.2921
vn 0.9951 0.0981 -0.0082
vn -0.2609 0.5534 0.7910
vn 0.2184 0.9345 -0.2811
vn -0.1428 0.1607 -0.9766
vn 0.7756 0.6282 0.0621
vn 0.9443 0.3251 0.0505
vn -0.5452 0.4087 -0.7319
vn -0.8409 0.4934 -0.2224
vn 0.9190 0.1853 0.3481
vn 0.9745 0.2242 0.0059
vn 0.8151 0.4226 0.3962
vn 0.5950 0.3599 0.7187
vn -0.6078 0.4185 -0.6749
vn 0.9831 0.1663 -0.0766
vn -0.9526 0.2658 0.1478
vn 0.2080 0.8963 0.3917
vn 0.9226 0.3673 0.1181
vn 0.9396 0.2570 0.2261
vn -0.9544 0.2833 0.0943
vn -0.6821 0.3628 -0.6349
vn 0.6879 0.6967 0.2036
vn 0.9770 0.0608 -0.2044
vn 0.8618 0.4069 0.3029
vn 0.9401 0.2472 0.2349
vn -0.7826 0.2667 0.5626
vn 0.7436 0.1439 0.6530
vn -0.8756 0.3889 0.2866
vn -0.8322 0.4493 0.3250
vn -0.8979 0.3324 0.2885
vn -0.2023 0.3808 0.9023
vn -0.8713 0.3383 0.3554
vn 0.5081 0.6408 -0.5756
vn -0.3733 0.7938 -0.4802
vn 0.8139 0.5642 0.1388
vn 0.4707 0.3801 -0.7962
vn -0.8245 0.4037 0.3964
vn -0.7988 0.3906 0.4575
vn -0.9194 0.2695 0.2863
vn -0.8946 0.3095 0.3225
vn -0.9198 0.2994 0.2536
vn -0.9363 0.2688 0.2260
vn -0.8285 0.5356 0.1635
vn -0.8961 0.4415 0.0451
vn -0.5015 0.4926 0.7112
vn -0.3780 0.7178 0.5847
vn -0.7589 0.2031 -0.6187
vn 0.3041 0.9311 0.2016
vn 0.2024 0.8635 -0.4619
vn 0.0119 0.5510 -0.8344
vn -0.9082 0.2991 0.2927
vn -0.9095 0.3324 0.2498
vn -0.8875 0.3307 0.3209
vn 0.8608 0.4149 0.2948
vn -0.9270 0.3023 0.2220
vn -0.7890 0.6072 -0.0937
vn -0.9447 0.2859 0.1606
vn 0.9903 0.1363 -0.0282
vn 0.4656 0.5228 -0.7141
vn 0.4824 0.6938 0.5347
vn 0.8219 0.4149 0.3903
vn -0.5941 0.7866 0.1684
vn -0.9082 0.3090 0.2824
vn -0.9753 0.2084 -0.0730
vn 0.9126 0.3212 0.2530
vn -0.8701 0.3401 0.3567
vn -0.0272 0.7998 -0.5997
vn -0.7479 0.3614 0.5567
vn 0.0518 0.9965 0.0651
vn -0.8866 0.3426 0.3108
vn 0.8107 -0.0816 0.5797
vn 0.2859 0.9367 -0.2024
vn -0.1486 0.9433 0.2969
vn -0.9103 0.3195 0.2631
vn -0.2873 0.6048 0.7428
vn -0.9210 0.2973 0.2519
vn 0.8779 0.3895 0.2784
vn 0.8752 0.2508 0.4138
vn -0.2475 0.2306 0.9410
vn 0.2414 0.3049 0.9213
vn 0.8816 0.3322 0.3352
vn 0.8874 0.1480 -0.4367
vn -0.1988 0.8815 0.4284
vn -0.8476 0.3984 0.3505
vn 0.9696 0.1570 0.1879
vn 0.5061 0.7924 0.3405
vn -0.5305 0.6267 0.5708
vn 0.7441 0.1450 0.6522
vn 0.4683 -0.0950 0.8784
vn 0.8801 0.4555 0.1337
vn 0.2980 0.9081 0.2944
vn 0.8310 0.5124 0.2165
vn 0.8791 0.3894 0.2748
vn 0.0981 0.8514 0.5152
vn 0.1706 0.9636 0.2058
vn 0.1338 0.8572 0.4974
vn 0.8662 0.4871 0.1119
vn 0.8985 0.4136 0.1472
vn -0.0137 0.7464 0.6654
vn 0.9245 0.2499 0.2877
vn 0.3923 0.8413 0.3719
vn 0.8731 0.3314 0.3577
vn -0.7597 0.4464 0.4728
vn -0.3787 0.7333 -0.5646
vn 0.6841 0.6088 0.4018
vn -0.8152 0.4686 0.3404
vn -0.2598 0.3234 0.9099
vn 0.9095 0.2517 0.3308
vn -0.7827 0.4110 0.4674
vn -0.8323 0.3621 0.4198
vn 0.5038 0.5985 -0.6229
vn 0.2436 0.9013 0.3582
vn -0.8155 0.3864 0.4309
vn -0.2879 0.3093 0.9063
vn 0.2734 0.9425 -0.1920
vn -0.2967 0.5863 0.7538
vn -0.8735 0.2767 0.4005
vn 0.9613 0.1028 -0.2558
vn 0.6764 0.3467 0.6498
vn -0.3300 0.8784 0.3458
vn -0.8577 0.2407 0.4544
vn -0.8630 0.3216 0.3895
vn -0.7647 0.4009 0.5044
vn -0.1349 0.6912 0.7100
vn -0.2133 0.4357 0.8745
vn 0.3730 0.8477 0.3772
vn -0.7368 0.3761 0.5619
vn -0.7575 0.4036 0.5131
vn 0.5332 0.5854 0.6107
vn 0.9416 -0.0269 0.3356
vn -0.1478 0.3679 0.9180
vn 0.8411 0.2906 0.4563
vn -0.2758 0.4262 0.8616
vn 0.8692 0.3288 0.3694
vn 0.5879 0.7326 -0.3431
vn -0.9357 0.2796 0.2150
vn 0.8553 0.4211 0.3019
vn 0.8575 0.3168 0.4053
vn 0.8937 0.2455 0.3756
vn -0.8668 0.3169 0.3851
vn -0.8809 0.2686 0.3898
vn -0.6899 0.4021 -0.6019
vn 0.9120 0.2648 0.3132
vn 0.8786 0.3906 0.2747
vn 0.8370 0.2920 0.4627
vn -0.1620 0.9716 -0.1726
vn -0.7145 0.3438 -0.6094
vn -0.3562 0.8024 -0.4787
vn 0.7867 0.3118 0.5329
vn -0.8263 0.4206 0.3745
vn -0.2817 0.7921 0.5415
vn 0.9854 0.1636 -0.0464
vn -0.9231 0.2763 0.2675
vn -0.2661 0.6725 0.6906
vn -0.1805 0.2968 0.9377
vn -0.1040 0.5472 0.8305
vn -0.0288 0.8600 0.5095
vn 0.6511 0.5269 0.5462
vn -0.7054 0.3427 0.6205
vn -0.6948 0.3199 0.6441
vn -0.6871 0.4830 0.5427
vn 0.6171 0.6982 0.3628
vn 0.7161 -0.4303 -0.5496
vn -0.7323 0.2884 0.6169
vn 0.6027 0.7978 -0.0146
vn 0.7068 0.1118 0.6985
vn 0.7568 0.0241 0.6533
vn 0.6733 -0.1272 0.7283
vn 0.8564 0.1085 0.5049
vn 0.7995 0.1932 0.5688
vn -0.2052 0.6067 0.7680
vn 0.5308 0.6179 0.5801
vn 0.5471 0.6845 0.4819
vn 0.6556 0.0899 0.7497
vn 0.8215 0.0575 0.5673
vn 0.7821 -0.0801 0.6180
vn -0.8070 0.2608 0.5299
vn -0.7930 0.3205 0.5182
vn 0.0471 0.9845 -0.1691
vn 0.8681 0.1784 0.4633
vn 0.7537 0.1028 0.6492
vn 0.6534 0.1559 0.7407
vn 0.8157 0.2372 0.5275
vn -0.7280 0.4486 0.5185
vn 0.6818 0.1473 0.7166
vn 0.8611 0.4071 0.3044
vn 0.7718 -0.0722 0.6318
vn 0.7308 0.0447 0.6811
vn -0.7369 0.4112 0.5365
vn -0.7601 0.2688 0.5916
vn -0.6670 0.4298 0.6086
vn -0.7247 0.3762 0.5773
vn -0.6547 0.5471 0.5216
vn -0.7059 0.4153 0.5737
vn -0.7995 0.3696 0.4735
vn -0.6656 0.3356 0.6666
vn -0.7582 0.4066 0.5097
vn -0.8453 0.3307 0.4196
vn 0.5888 -0.0567 0.8063
vn 0.7902 0.4977 0.3577
vn -0.8006 0.3695 0.4717
vn 0.7950 0.1958 0.5742
vn 0.0488 0.9977 0.0465
vn -0.6866 0.3790 0.6205
vn -0.7921 0.4003 0.4607
vn -0.8183 0.3104 0.4839
vn 0.3910 0.8952 0.2137
vn -0.6855 0.3446 0.6414
vn -0.2889 0.2582 0.9219
vn -0.0781 0.9389 -0.3352
vn -0.2164 0.6284 0.7472
vn -0.4056 0.2163 0.8881
vn -0.5983 0.2318 0.7671
vn -0.1848 0.2003 0.9622
vn -0.2559 0.1077 0.9607
vn 0.3624 0.5224 -0.7718
vn 0.3240 0.0348 0.9454
vn 0.1714 0.2237 0.9595
vn 0.9559 0.2358 -0.1748
vn 0.4546 0.5993 -0.6590
vn 0.5772 0.7033 0.4149
vn 0.0604 0.9974 0.0400
vn 0.3158 0.6442 0.6966
vn 0.3346 0.3984 -0.8540
vn -0.2031 0.8143 0.5437
vn 0.9659 0.2534 0.0537
vn -0.4955 0.6925 0.5243
vn 0.8192 0.3810 0.4287
vn 0.2620 0.8184 0.5114
vn -0.2496 0.5504 0.7967
vn -0.1608 0.9056 0.3926
vn -0.4469 -0.2225 -0.8665
vn -0.2867 0.4533 0.8440
vn -0.1436 0.7751 -0.6153
vn -0.4767 0.6773 0.5603
vn 0.8666 0.4975 -0.0390
vn -0.4971 0.7791 0.3818
vn -0.2516 0.7586 0.6010
vn -0.1462 0.9527 0.2664
vn -0.8631 0.4319 0.2616
vn -0.1579 0.9064 0.3919
vn 0.9048 0.1705 0.3902
vn 0.7172 0.3592 0.5972
vn 0.3369 0.2124 0.9173
vn -0.0853 0.7924 0.6040
vn -0.0396 0.9219 0.3854
vn 0.4108 0.8176 0.4034
vn 0.6486 0.0419 0.7600
vn 0.4460 0.7088 -0.5465
vn -0.8044 0.1867 -0.5640
vn -0.1881 0.8305 -0.5243
vn 0.3168 0.9022 0.2926
vn -0.2878 0.7765 0.5605
vn 0.0178 0.9860 -0.1658
vn 0.0146 0.9385 -0.3451
vn 0.2608 0.9617 0.0847
vn 0.5268 0.8035 -0.2773
vn 0.0055 0.9833 -0.1818
vn -0.1208 0.7091 0.6947
vn -0.1204 0.1531 -0.9808
vn -0.3171 0.8963 0.3099
vn -0.5008 0.6641 0.5551
vn 0.1139 0.6779 0.7262
vn -0.6319 0.5404 0.5555
vn -0.3834 0.9165 -0.1139
vn -0.4380 0.8300 0.3453
vn -0.1745 0.5476 0.8183
vn -0.7353 0.5041 -0.4529
vn 0.6154 0.7343 0.2866
vn 0.4204 0.5194 0.7439
vn -0.0876 0.3026 0.9491
vn -0.5345 0.4331 0.7257
vn 0.0031 0.9999 0.0112
vn -0.0986 0.7370 0.6687
vn -0.6841 0.3745 -0.6259
vn -0.9656 0.1609 -0.2043
vn 0.9949 0.0997 -0.0139
vn -0.1604 0.6301 0.7598
vn -0.4603 0.8832 -0.0896
vn -0.4789 0.6745 -0.5619
vn 0.1202 0.1531 -0.9809
vn -0.9067 0.4195 -0.0446
vn 0.6167 0.0578 0.7850
vn 0.3418 0.9077 0.2433
vn -0.1078 0.7716 -0.6269
vn 0.0790 0.8673 0.4915
vn -0.1422 0.8075 0.5724
vn -0.2995 0.3753 -0.8772
vn -0.1384 0.9877 0.0731
vn 0.3457 0.7183 -0.6038
vn -0.2617 0.5553 0.7894
vn -0.3525 0.7646 -0.5395
vn -0.3254 0.9369 0.1278
vn -0.1903 0.9773 0.0936
vn -0.1690 0.7218 -0.6712
vn -0.5226 0.5676 0.6362
vn -0.2671 0.8264 0.4956
vn -0.1404 0.5587 0.8174
vn -0.2077 0.8463 0.4906
vn 0.6871 0.2467 0.6834
vn 0.2127 0.5176 -0.8288
vn 0.0033 0.5575 -0.8302
vn 0.5681 0.8014 -0.1873
vn 0.2814 0.9405 0.1903
vn 0.3138 0.4340 -0.8445
vn -0.3202 0.8833 0.3424
vn -0.2541 0.5536 0.7931
vn 0.2909 0.9271 0.2365
vn -0.5957 0.8000 0.0721
vn -0.5560 0.4027 -0.7271
vn -0.2249 0.8665 0.4456
vn -0.3204 0.7948 0.5154
vn -0.9526 0.0933 -0.2897
vn -0.7687 -0.0588 -0.6369
vn 0.2752 0.8851 0.3753
vn -0.1527 0.9845 0.0859
vn -0.9324 0.0944 -0.3489
vn -0.1523 0.9053 0.3965
vn -0.4397 0.6991 0.5639
vn 0.9960 -0.0060 -0.0889
vn 0.7793 0.3557 0.5160
vn -0.4019 0.5431 0.7372
vn 0.6575 0.7520 -0.0479
vn -0.1150 0.8590 -0.4989
vn -0.1243 0.7863 0.6051
vn 0.3968 0.6901 -0.6052
vn -0.8732 0.4764 0.1023
vn -0.2812 0.6769 0.6803
vn -0.3293 0.6866 0.6482
vn -0.1785 0.2063 -0.9621
vn -0.3536 0.7235 0.5929
vn 0.7816 0.3273 0.5311
vn 0.2361 0.3680 -0.8993
vn 0.5813 0.7889 -0.1994
vn 0.1823 0.9763 0.1168
vn 0.3376 0.9293 0.1500
vn -0.9674 0.2386 -0.0850
vn 0.0569 0.2693 0.9614
vn 0.7739 0.2644 -0.5755
vn -0.3643 0.7292 0.5793
vn -0.9045 0.2060 0.3735
vn -0.1683 0.9387 0.3009
vn 0.9626 0.2709 0.0067
vn 0.6507 0.7530 0.0983
vn -0.2585 0.8653 0.4294
vn -0.3888 0.1402 -0.9106
vn -0.3643 0.9298 -0.0527
vn -0.9238 0.3149 -0.2176
vn -0.2434 0.9501 -0.1951
vn 0.5504 0.7103 0.4389
vn -0.7115 0.2553 -0.6547
vn -0.5565 0.4095 -0.7229
vn -0.2829 0.8941 0.3472
vn -0.1709 0.9825 -0.0740
vn -0.4503 0.8392 0.3047
vn -0.4884 0.8657 -0.1098
vn 0.5418 0.6688 0.5091
vn -0.1212 0.9172 0.3795
vn 0.4499 -0.1003 0.8874
vn 0.2849 0.9411 0.1823
vn -0.1979 0.8818 0.4281
vn 0.7206 0.4189 0.5525
vn 0.1318 0.9850 0.1109
vn -0.0659 0.3991 0.9145
vn 0.1632 0.6733 -0.7211
vn -0.2100 0.6998 0.6828
vn 0.2614 0.9652 0.0122
vn -0.3620 0.9077 -0.2121
vn -0.3224 0.8665 0.3812
vn -0.8799 -0.0571 -0.4718
vn -0.4721 0.2815 -0.8354
vn 0.4365 0.8509 -0.2923
vn -0.3973 0.6085 0.6869
vn -0.9633 0.2652 0.0407
vn -0.4222 0.8284 -0.3680
vn 0.0561 0.9983 -0.0168
vn -0.3907 0.8876 -0.2440
vn -0.2465 0.2672 0.9316
vn -0.0093 0.9895 -0.1441
vn 0.5836 0.1064 0.8050
vn -0.3905 0.9023 -0.1824
vn -0.9016 0.1991 -0.3841
vn -0.2156 0.3988 0.8913
vn -0.1915 0.5274 -0.8278
vn -0.4962 0.6809 0.5386
vn 0.0018 0.9983 -0.0590
vn -0.5429 0.6132 0.5738
vn 0.7526 0.1679 0.6367
vn -0.8830 0.4580 0.1026
vn 0.2709 0.8624 0.4275
vn -0.0107 0.9954 0.0948
vn -0.0618 0.9659 -0.2514
vn -0.1703 0.3282 0.9291
vn -0.8720 0.1675 -0.4599
vn 0.2720 0.9619 0.0287
vn 0.8867 0.4244 0.1832
vn 0.9054 0.1845 0.3824
vn -0.8043 -0.0351 -0.5932
vn -0.8835 0.4570 0.1030
vn 0.3317 0.4012 -0.8538
vn -0.9191 0.3864 -0.0775
vn -0.1236 0.0601 -0.9905
vn 0.1093 0.9105 0.3987
vn -0.4888 0.7663 -0.4169
vn 0.1521 0.9652 -0.2125
vn -0.1216 0.9914 0.0478
vn -0.3761 0.7367 0.5620
vn 0.1029 0.6992 0.7075
vn -0.1825 0.4287 0.8848
vn -0.2646 0.9606 0.0848
vn 0.8079 0.4200 0.4135
vn 0.3731 0.7404 0.5591
vn 0.8139 0.1551 0.5599
vn -0.1214 0.5916 0.7970
vn -0.4708 0.8804 -0.0576
vn -0.9192 0.3938 0.0055
vn -0.9669 0.2503 -0.0491
vn 0.7332 0.4208 0.5342
vn 0.6777 0.3439 0.6500
vn 0.4697 0.6418 -0.6062
vn -0.0503 0.7984 0.6001
vn -0.1453 0.9886 0.0384
vn 0.0149 0.9163 0.4001
vn 0.4315 0.8956 0.1081
vn -0.9791 0.1102 -0.1708
vn 0.0765 0.9908 0.1115
vn 0.7173 0.4470 0.5344
vn -0.3131 0.8049 0.5041
vn 0.0087 0.3543 -0.9351
vn -0.0200 0.3697 0.9290
vn -0.5377 0.8406 -0.0648
vn -0.7099 0.4880 0.5078
vn 0.1198 0.8260 0.5508
vn 0.6574 0.3725 0.6550
vn -0.9308 0.3477 -0.1124
vn -0.0967 0.8828 0.4597
vn 0.1975 0.9579 0.2084
vn -0.6868 0.7215 0.0881
vn -0.2375 0.5352 0.8106
vn 0.8224 0.3343 0.4604
vn -0.6443 0.1914 -0.7405
vn 0.2561 0.8903 0.3765
vn -0.1015 0.8738 0.4755
vn 0.1030 0.9677 -0.2302
vn -0.1678 0.3752 0.9116
vn -0.3745 0.5971 0.7094
vn 0.2372 0.9711 0.0252
vn 0.7734 0.5430 -0.3272
vn -0.3760 0.4119 0.8300
vn -0.6149 0.5750 0.5398
vn -0.1775 0.6674 0.7232
vn -0.1797 0.8566 0.4837
vn 0.4472 0.6157 -0.6487
vn -0.9861 0.0469 0.1595
vn -0.9160 0.3932 0.0794
vn 0.6489 0.6861 0.3289
vn -0.2602 0.6938 0.6715
vn -0.1579 0.6693 0.7260
vn 0.4476 0.7176 0.5336
vn 0.9117 0.2305 0.3400
vn 0.5145 0.7170 0.4704
vn -0.9266 0.3351 0.1704
vn 0.4733 0.3736 -0.7977
vn 0.2535 0.9426 0.2176
vn -0.3826 -0.2695 -0.8837
vn -0.9498 0.2853 -0.1286
vn -0.3709 0.8459 0.3834
vn -0.6049 0.5070 -0.6140
vn 0.0987 0.9684 0.2290
vn -0.6456 0.4871 -0.5881
vn -0.1986 0.7759 -0.5987
vn 0.9809 0.1879 0.0509
vn -0.2420 0.6865 -0.6856
vn -0.6255 0.3894 0.6761
vn 0.7031 0.6645 -0.2530
vn -0.1510 0.9641 0.2183
vn 0.0451 0.9925 -0.1139
vn -0.3009 0.7523 0.5860
vn -0.8866 0.3892 -0.2500
vn 0.2860 0.9456 0.1552
vn -0.7929 0.5916 -0.1463
vn 0.8422 0.0864 0.5321
vn -0.0239 0.9689 0.2463
vn 0.0354 0.3865 0.9216
vn -0.8283 -0.0017 -0.5602
vn -0.3532 0.8283 -0.4350
vn 0.0608 0.0304 0.9977
vn -0.2346 0.4613 0.8557
vn 0.4682 0.6456 -0.6034
vn 0.5180 0.8374 -0.1747
vn 0.0135 0.9935 -0.1134
vn 0.5489 0.0210 0.8356
vn 0.0436 0.8933 -0.4474
vn -0.0701 0.9274 0.3674
vn 0.3214 0.6262 0.7104
vn -0.6645 0.4460 0.5995
vn -0.3722 0.8605 0.3477
vn -0.6082 0.7142 -0.3465
vn 0.8840 0.2596 -0.3888
vn 0.6453 0.0821 0.7595
vn -0.1682 0.9586 0.2297
vn -0.6266 0.7767 0.0637
vn 0.5952 0.5279 -0.6058
vn 0.9662 0.2373 0.1006
vn -0.2597 -0.1470 -0.9544
vn -0.7665 0.6360 -0.0898
vn 0.0438 0.3072 0.9506
vn -0.8811 0.3999 0.2523
vn -0.9089 0.3550 0.2190
vn -0.9748 0.1806 -0.1309
vn 0.0882 0.3533 0.9313
vn 0.2721 0.9602 0.0636
vn -0.0027 0.9615 -0.2746
vn 0.0762 0.5184 -0.8517
vn 0.4688 0.5850 -0.6618
vn -0.9768 0.1398 -0.1625
vn 0.4357 0.8807 0.1861
vn 0.8428 0.2130 0.4942
vn -0.1761 0.8988 -0.4014
vn -0.2080 0.4720 0.8567
vn -0.4210 0.7944 -0.4379
vn -0.0812 0.4803 -0.8733
vn 0.1042 0.4293 -0.8971
vn 0.8888 0.4565 0.0416
vn 0.1138 0.8488 0.5163
vn -0.9283 0.2868 -0.2368
vn -0.8835 0.4570 0.1026
vn -0.5037 0.7641 -0.4030
vn 0.1884 0.7790 -0.5980
vn -0.2523 0.5558 0.7921
vn 0.3837 0.4276 -0.8185
vn -0.8980 0.3556 0.2592
vn -0.3008 0.8029 0.5146
vn -0.5421 0.7725 0.3307
vn -0.7410 0.5994 -0.3027
vn -0.7222 0.3815 -0.5769
vn -0.9155 0.3978 -0.0597
vn -0.3603 0.9296 -0.0774
vn -0.8861 0.4632 0.0153
vn 0.2665 0.0911 -0.9595
vn 0.5959 0.6242 0.5053
vn 0.2054 0.9464 -0.2492
vn 0.2730 0.3020 -0.9134
vn 0.0504 0.9802 -0.1912
vn -0.2499 0.7553 -0.6059
vn -0.1166 0.8582 -0.4999
vn -0.6770 0.4250 -0.6009
vn 0.3962 0.2876 0.8719
vn -0.0405 0.9965 0.0733
vn -0.8775 0.4758 0.0598
vn -0.9068 0.4203 -0.0320
vn -0.4640 0.5714 -0.6769
vn -0.3906 0.6339 0.6675
vn -0.9203 0.3911 0.0018
vn -0.2789 0.8805 0.3833
vn -0.1863 0.9822 0.0228
vn -0.9211 0.3201 0.2214
vn -0.1745 0.0341 -0.9841
vn -0.2586 0.8049 -0.5341
vn -0.2918 0.7244 -0.6247
vn 0.0154 0.9608 -0.2769
vn 0.0483 0.9236 -0.3804
vn -0.8912 0.3836 -0.2419
vn -0.9681 0.2041 -0.1451
vn -0.8617 0.2165 -0.4590
vn 0.4964 0.8635 0.0891
vn -0.3470 0.8061 -0.4794
vn -0.9035 0.0675 -0.4231
vn 0.0001 0.9686 -0.2487
vn 0.2554 0.9668 0.0043
vn -0.9206 0.3239 0.2182
vn 0.1054 0.3320 -0.9374
vn 0.0282 0.9631 0.2676
vn -0.9399 0.3191 0.1216
vn -0.8839 0.4109 0.2232
vn -0.6421 0.5052 0.5766
vn 0.6407 0.3549 -0.6808
vn -0.0427 0.9508 0.3068
vn 0.7635 0.6445 -0.0425
vn 0.2562 0.3938 -0.8827
vn 0.0253 0.9679 -0.2499
vn 0.2102 0.8249 0.5248
vn 0.5192 0.6144 -0.5941
vn -0.5224 0.8522 -0.0293
vn -0.9488 0.3098 0.0620
vn 0.3170 0.5405 -0.7794
vn 0.1994 0.9788 0.0468
vn -0.7017 0.2474 -0.6682
vn 0.1375 0.9378 -0.3188
vn 0.2023 0.5191 -0.8304
vn -0.3431 0.5944 0.7273
vn -0.7710 -0.0426 -0.6354
vn -0.0754 0.2793 -0.9572
vn -0.1542 0.9831 0.0982
vn -0.3597 0.9315 -0.0542
vn -0.7989 0.3113 -0.5146
vn -0.4208 0.8587 -0.2926
vn -0.5337 0.4270 -0.7299
vn 0.8234 0.5644 0.0591
vn -0.5404 0.1330 -0.8309
vn -0.3502 0.9356 -0.0438
vn -0.9430 0.3313 0.0311
vn -0.8715 0.4708 -0.1374
vn 0.0328 0.3865 0.9217
vn -0.1799 0.9790 0.0965
vn 0.1261 0.9682 0.2163
vn -0.7000 0.4708 -0.5370
vn -0.9281 0.3157 0.1972
vn 0.1346 0.9749 0.1773
vn -0.0112 0.9971 -0.0757
vn -0.2590 0.8804 0.3973
vn -0.5724 0.7573 -0.3143
vn -0.6464 0.6552 -0.3910
vn -0.3957 0.5542 0.7323
vn -0.1776 0.6085 0.7734
vn 0.6440 0.4376 -0.6275
vn -0.7802 0.6166 -0.1053
vn -0.8983 0.0725 -0.4334
vn 0.2881 0.9256 0.2453
vn 0.2123 0.9431 0.2560
vn -0.3191 0.9356 -0.1511
vn -0.2945 0.9294 -0.2224
vn 0.0790 0.6075 -0.7904
vn -0.4847 0.5641 0.6684
vn 0.4610 0.6588 -0.5945
vn -0.9266 0.0492 -0.3728
vn -0.3796 0.7778 -0.5009
vn -0.5419 0.4050 -0.7364
vn -0.0282 0.3354 0.9417
vn -0.8715 0.1477 0.4676
vn 0.7809 0.6246 0.0027
vn -0.2130 0.7383 0.6400
vn -0.8516 0.2857 -0.4394
vn 0.8278 0.3293 0.4542
vn -0.5994 0.2476 -0.7612
vn -0.3932 0.5650 -0.7254
vn -0.0640 0.9903 0.1237
vn 0.2487 0.9678 0.0377
vn -0.3641 0.7734 0.5189
vn 0.1011 0.4733 0.8751
vn 0.9402 0.3358 0.0565
vn 0.6889 0.6707 -0.2749
vn 0.5606 0.4708 0.6813
vn 0.9615 0.1838 0.2044
vn 0.2460 0.9568 -0.1550
vn -0.0938 0.9938 0.0590
vn 0.3626 0.8561 0.3682
vn -0.1619 0.4831 -0.8605
vn -0.9687 0.2151 -0.1240
vn -0.2411 0.8517 0.4652
vn 0.5743 0.2205 0.7884
vn -0.2250 0.5353 0.8142
vn 0.9181 0.1857 0.3502
vn 0.3212 -0.0596 0.9451
vn 0.5785 0.4035 0.7089
vn 0.2357 0.4909 0.8387
vn -0.2970 0.9200 0.2557
vn -0.1467 0.5956 0.7898
vn -0.2822 0.9115 0.2994
vn 0.2246 0.7378 0.6365
vn 0.5910 0.4144 0.6921
vn 0.6312 0.7707 0.0873
vn 0.4799 0.5067 0.7162
vn 0.1809 0.8662 0.4658
vn 0.4139 0.8860 0.2088
vn 0.3110 0.8620 0.4004
vn 0.2919 0.9431 0.1592
vn 0.9046 0.1237 -0.4079
vn 0.3244 0.8702 0.3709
vn -0.9778 0.2094 0.0054
vn -0.2261 0.9048 0.3608
vn 0.5987 0.7118 -0.3672
vn 0.9233 0.3777 0.0694
vn -0.1614 0.9572 0.2403
vn 0.8389 0.2789 0.4673
vn 0.8372 0.4892 0.2444
vn 0.8003 0.5036 0.3254
vn -0.5603 0.2912 0.7754
vn -0.3614 0.9078 -0.2126
vn 0.6993 0.7041 -0.1231
vn -0.9352 0.3137 -0.1643
vn -0.9637 0.2670 -0.0006
vn 0.7613 0.4247 0.4899
vn 0.6980 0.6924 0.1828
vn -0.4135 0.4415 0.7963
vn 0.3045 0.9225 -0.2373
vn 0.1192 0.7667 0.6309
vn -0.4299 0.8855 -0.1763
vn -0.9664 0.2546 0.0362
vn 0.1119 0.9744 0.1951
vn -0.5219 0.2404 0.8185
vn 0.8171 0.3725 0.4399
vn -0.2343 0.8557 0.4615
vn 0.6185 0.7812 0.0850
vn -0.1764 0.9678 0.1798
vn -0.1374 0.9606 0.2417
vn 0.0008 0.9799 -0.1995
vn -0.3170 0.8827 0.3470
vn -0.2297 0.8412 0.4895
vn -0.0680 0.9383 0.3390
vn -0.5120 0.5921 0.6222
vn -0.2246 0.9040 0.3638
vn -0.6369 0.3366 0.6935
vn 0.8676 0.2370 0.4371
vn 0.2338 0.6587 0.7151
vn 0.5902 0.6813 0.4331
vn -0.1669 0.9307 0.3254
vn -0.3303 0.6846 0.6498
vn -0.0920 0.9731 -0.2111
vn 0.0546 0.6072 0.7927
vn 0.9052 0.3665 0.2152
vn -0.8075 0.4154 -0.4188
vn -0.1123 0.9715 0.2087
vn 0.5977 0.5679 -0.5659
vn 0.4070 0.9043 0.1289
vn -0.7168 0.6786 -0.1601
vn -0.2191 0.9224 -0.3181
vn -0.1551 0.1535 -0.9759
vn -0.4623 0.1945 -0.8651
vn -0.3277 0.8873 0.3244
vn -0.3264 0.8724 0.3640
vn -0.8930 0.4254 0.1468
vn 0.9040 0.3507 -0.2445
vn 0.1005 0.9790 -0.1771
vn -0.4300 0.4372 -0.7899
vn -0.9497 0.0780 -0.3033
vn -0.4666 0.8840 0.0278
vn 0.2309 0.5694 0.7889
vn 0.8091 0.5668 0.1550
vn -0.2183 0.9187 -0.3290
vn -0.7161 0.6412 -0.2759
vn 0.9913 0.0985 -0.0868
vn -0.8653 0.2329 -0.4439
vn -0.3937 0.8574 -0.3315
vn 0.8041 0.5844 0.1087
vn 0.3051 0.9401 0.1520
vn 0.2336 0.9315 -0.2787
vn 0.7467 0.6603 0.0799
vn 0.3034 0.6112 -0.7310
vn 0.9111 0.4080 -0.0587
vn 0.9424 0.0304 -0.3330
vn 0.1678 0.7065 -0.6875
vn 0.3906 0.8988 -0.1992
vn 0.7256 0.6721 0.1476
vn -0.9286 0.2930 -0.2277
vn 0.4749 0.8090 0.3465
vn 0.0709 0.9465 -0.3148
vn -0.9106 0.4126 -0.0230
vn 0.2788 0.8734 0.3992
vn 0.2673 0.6371 -0.7229
vn 0.0523 0.9144 -0.4015
vn 0.7001 0.7066 -0.1029
vn 0.8863 0.4607 0.0478
vn -0.4823 0.8684 -0.1150
vn -0.7355 0.6516 -0.1858
vn -0.1933 0.9517 -0.2385
vn -0.3271 0.8872 0.3254
vn -0.0010 0.9734 0.2290
vn 0.7414 0.6710 -0.0108
vn -0.7921 0.5995 0.1148
vn -0.8451 0.4133 0.3391
vn -0.2889 0.7930 -0.5364
vn 0.2905 0.9421 0.1676
vn -0.3605 0.9288 -0.0855
vn -0.8986 0.3934 0.1942
vn -0.9188 0.2949 -0.2622
vn -0.0508 0.9528 0.2993
vn 0.0909 0.6969 0.7114
vn -0.4634 0.8772 -0.1261
vn -0.0819 0.9369 0.3399
vn -0.8647 0.3847 0.3228
vn -0.6725 0.2269 -0.7044
vn -0.3222 0.8855 0.3348
vn 0.3657 0.2955 0.8826
vn 0.7271 0.3114 0.6118
vn -0.0680 0.9933 0.0936
vn -0.2169 0.8909 0.3992
vn 0.3861 0.8014 -0.4568
vn 0.9167 0.1801 0.3566
vn 0.3999 0.2806 0.8725
vn 0.2323 0.9440 0.2345
vn 0.6598 0.7482 0.0696
vn 0.4629 0.6801 0.5686
vn 0.7260 0.6725 0.1437
vn 0.7184 0.6954 -0.0167
vn 0.5624 0.8223 0.0864
vn 0.7970 0.4849 0.3601
vn -0.1165 0.8887 0.4435
vn 0.2472 0.9514 -0.1838
vn -0.2544 0.9625 0.0940
vn 0.3416 0.6058 -0.7185
vn -0.8969 0.3793 0.2275
vn -0.7432 -0.0824 -0.6639
vn 0.9037 0.2905 -0.3145
vn 0.7339 0.6731 0.0910
vn 0.1023 0.9937 0.0454
vn -0.9213 0.3843 0.0586
vn 0.5123 0.6332 0.5801
vn -0.2928 0.5490 0.7829
vn -0.2401 0.5056 0.8287
vn 0.6373 0.4386 -0.6336
vn -0.1201 0.9856 0.1187
vn -0.7635 0.6168 -0.1915
vn -0.2861 0.9581 0.0120
vn 0.9040 0.3846 -0.1868
vn -0.0158 0.9997 -0.0187
vn 0.7068 0.6832 0.1834
vn 0.8677 0.2630 0.4217
vn 0.9282 0.3722 -0.0015
vn 0.7241 0.6874 0.0560
vn -0.9346 0.3533 0.0403
vn 0.8567 0.4689 0.2150
vn -0.0849 0.9417 0.3256
vn 0.8885 0.4500 -0.0900
vn 0.9930 0.1181 -0.0084
vn -0.1758 0.8932 0.4139
vn -0.6030 0.7963 0.0470
vn 0.8754 0.4822 0.0336
vn -0.7490 0.6327 -0.1964
vn 0.0137 0.6558 -0.7548
vn 0.0040 0.9456 -0.3253
vn -0.9458 0.2252 -0.2338
vn 0.4789 -0.0384 0.8770
vn 0.7467 0.6645 0.0295
vn -0.2568 0.7886 0.5587
vn -0.5692 0.5546 0.6069
vn -0.9694 0.2455 -0.0034
vn 0.7113 0.6721 0.2056
vn 0.2928 0.9440 -0.1519
vn 0.9786 0.2045 0.0217
vn -0.5311 0.8473 0.0032
vn 0.7077 0.7029 0.0720
vn 0.5385 0.0457 0.8414
vn 0.2639 0.9365 0.2310
vn 0.6959 0.7044 0.1394
vn 0.9475 0.3196 0.0110
vn 0.7182 0.6680 -0.1948
vn -0.8895 0.4267 0.1634
vn -0.5629 0.8264 -0.0102
vn -0.5736 0.8191 -0.0056
vn 0.7364 0.4777 -0.4790
vn 0.2269 0.7722 0.5934
vn 0.5798 0.1513 0.8006
vn -0.5112 0.3603 -0.7803
vn -0.0126 0.3675 -0.9299
vn -0.8034 -0.0532 -0.5930
vn -0.0936 0.7979 -0.5955
vn -0.4484 0.8773 0.1710
vn 0.1888 0.6323 -0.7513
vn -0.1436 0.6925 -0.7070
vn -0.2376 0.9564 0.1700
vn -0.6940 0.3689 -0.6183
vn 0.0377 0.3556 -0.9339
vn -0.8142 0.2549 -0.5216
vn -0.1900 0.5315 -0.8255
vn -0.9589 0.2766 0.0631
vn -0.5757 0.8166 -0.0414
vn -0.2852 -0.0645 -0.9563
vn 0.4062 0.9032 0.1387
vn -0.7866 0.0047 -0.6174
vn 0.4686 0.3736 -0.8005
vn 0.4483 0.8900 0.0829
vn 0.8003 0.5689 -0.1891
vn -0.2882 0.4723 -0.8330
vn -0.0132 0.9785 -0.2060
vn -0.6736 0.4108 -0.6144
vn -0.5986 0.1210 -0.7919
vn 0.6963 0.3198 -0.6425
vn 0.6938 0.7065 0.1397
vn 0.3089 0.8299 -0.4647
vn 0.8783 0.4619 0.1233
vn 0.2059 0.5318 -0.8215
vn -0.2439 0.7481 -0.6171
vn -0.8558 0.5168 0.0208
vn 0.6475 0.7610 0.0408
vn 0.0111 0.9350 -0.3546
vn -0.1291 0.9188 0.3731
vn -0.7496 0.6163 -0.2414
vn -0.7346 0.4423 -0.5146
vn -0.0858 0.1968 -0.9767
vn 0.0276 0.4197 -0.9072
vn -0.0304 0.7743 0.6320
vn -0.3458 0.8396 -0.4189
vn 0.2703 0.9362 0.2248
vn -0.1985 0.4867 -0.8507
vn -0.0868 0.7972 -0.5975
vn -0.0572 0.9904 -0.1259
vn -0.1890 0.9817 0.0249
vn 0.6520 0.4161 -0.6339
vn -0.8764 0.4631 0.1325
vn -0.9410 -0.0100 -0.3384
vn 0.1373 0.8940 -0.4265
vn 0.8846 0.2273 -0.4072
vn -0.5406 0.8412 0.0111
vn 0.4818 0.8741 -0.0612
vn -0.8112 0.5837 -0.0344
vn -0.0862 0.4244 -0.9013
vn -0.2279 -0.0100 -0.9736
vn -0.0309 0.8594 -0.5104
vn -0.9100 -0.0056 -0.4146
vn -0.7094 0.3730 -0.5980
vn -0.8736 0.4329 0.2224
vn -0.6441 0.7310 -0.2255
vn 0.8709 0.4240 -0.2484
vn -0.3238 0.3676 -0.8718
vn 0.5815 0.8132 -0.0232
vn -0.5647 0.6229 -0.5414
vn 0.6084 0.4796 -0.6323
vn -0.4997 0.2585 -0.8267
vn -0.9218 0.3583 0.1483
vn -0.3907 0.9149 -0.1011
vn -0.5373 0.8432 -0.0167
vn 0.6049 0.7963 -0.0073
vn -0.3163 0.5111 -0.7992
vn 0.0193 0.5202 -0.8538
vn -0.8935 0.2894 -0.3435
vn 0.1111 0.7444 -0.6584
vn 0.7687 0.6085 -0.1971
vn -0.1202 -0.0780 -0.9897
vn 0.2883 0.6882 0.6658
vn 0.9789 0.1878 0.0810
vn 0.6246 0.7634 -0.1647
vn 0.4033 0.3939 0.8259
vn -0.0916 0.9739 0.2078
vn 0.1471 0.9869 0.0665
vn 0.8082 0.4284 -0.4041
vn -0.0380 0.9726 -0.2292
vn 0.8000 0.4002 -0.4469
vn 0.4859 0.4892 -0.7243
vn 0.7804 0.2616 -0.5680
vn 0.2311 0.9518 0.2017
vn -0.8794 0.4726 0.0569
vn 0.9226 0.3540 0.1535
vn -0.1491 0.9880 0.0410
vn -0.2999 0.9500 -0.0873
vn -0.2386 0.5590 0.7941
vn 0.1668 0.9858 0.0176
vn -0.3914 0.9138 -0.1087
vn -0.9395 0.3225 0.1153
vn 0.7478 0.6408 -0.1737
vn 0.0614 0.9093 -0.4117
vn -0.0695 0.9594 -0.2733
vn 0.7082 0.6861 0.1662
vn -0.3396 0.8097 -0.4785
vn -0.8499 0.4438 -0.2841
vn 0.0862 0.7889 0.6085
vn -0.2064 0.8936 -0.3987
vn -0.1392 0.5409 -0.8295
vn -0.6992 0.4717 -0.5373
vn -0.6841 0.3752 -0.6255
vn -0.9414 0.3191 -0.1096
vn -0.3621 0.7692 -0.5266
vn -0.1508 0.6784 -0.7191
vn 0.2102 0.9496 0.2324
vn -0.8371 -0.0046 -0.5470
vn -0.3795 0.6552 -0.6532
vn 0.3217 0.5656 -0.7594
vn -0.0297 0.8070 -0.5897
vn 0.9571 0.2340 0.1707
vn -0.8268 0.4659 -0.3153
vn 0.4417 0.6365 0.6322
vn -0.4081 0.6626 -0.6280
vn -0.3481 0.8069 -0.4772
vn -0.3443 0.8076 -0.4788
vn 0.0335 0.3591 -0.9327
vn 0.3136 0.9357 0.1614
vn 0.5207 0.6467 -0.5573
vn 0.0116 0.3809 -0.9245
vn -0.9009 0.1956 -0.3874
vn -0.2498 0.6536 0.7144
vn -0.0301 0.6798 0.7327
vn -0.1520 0.8825 -0.4450
vn -0.7343 0.3996 -0.5487
vn 0.0201 0.4126 -0.9107
vn -0.0992 0.8754 -0.4730
vn -0.1617 0.9217 -0.3527
vn 0.2043 0.8221 -0.5314
vn 0.2400 0.6360 -0.7334
vn 0.3829 0.3857 -0.8394
vn -0.3145 0.3742 -0.8724
vn -0.2759 0.7743 -0.5695
vn -0.7862 0.1260 -0.6051
vn -0.0437 0.9781 -0.2034
vn 0.0952 0.5770 -0.8112
vn -0.2958 0.0370 -0.9545
vn -0.7929 0.6094 0.0033
vn -0.4148 0.8927 0.1763
vn -0.5388 0.5856 -0.6056
vn -0.2825 0.7877 -0.5475
vn 0.6342 0.5018 -0.5882
vn 0.3272 0.3138 -0.8913
vn 0.2440 0.8163 -0.5235
vn -0.4512 0.8603 -0.2372
vn 0.8979 0.4323 0.0828
vn 0.1323 0.0671 -0.9889
vn -0.6374 -0.0025 -0.7706
vn 0.1330 0.8378 -0.5295
vn -0.9525 0.2093 -0.2212
vn -0.3608 0.9319 -0.0381
vn 0.0297 0.9944 -0.1014
vn -0.3460 0.7962 -0.4964
vn 0.3687 0.7779 -0.5089
vn -0.9649 0.2535 -0.0679
vn -0.1317 0.7396 -0.6601
vn -0.9571 0.2707 0.1030
vn -0.3807 0.9211 -0.0813
vn -0.1072 0.9806 0.1643
vn 0.0383 0.9361 -0.3496
vn -0.8113 0.5781 -0.0874
vn -0.4810 0.8758 0.0403
vn -0.8009 0.0697 -0.5948
vn 0.1216 0.6682 -0.7340
vn 0.1253 0.3400 -0.9320
vn 0.6005 0.6277 -0.4954
vn -0.3411 0.8144 -0.4695
vn 0.4393 0.3506 -0.8271
vn 0.4473 0.5696 -0.6896
vn -0.3117 0.8470 -0.4307
vn -0.1033 0.7672 -0.6330
vn -0.3199 0.8124 -0.4875
vn -0.8577 0.2279 -0.4609
vn -0.7864 0.2957 -0.5424
vn -0.3505 0.8301 -0.4337
vn -0.9625 0.2376 -0.1307
vn -0.2980 0.8823 -0.3644
vn -0.0659 0.9868 -0.1480
vn -0.3479 0.8072 -0.4769
vn 0.2711 0.9622 0.0244
vn -0.1475 0.9163 -0.3722
vn -0.3168 0.8056 -0.5007
vn -0.2384 0.9689 0.0656
vn -0.0861 0.9808 0.1749
vn -0.2605 0.8697 -0.4192
vn -0.9569 0.1615 -0.2413
vn -0.3259 0.7809 -0.5329
vn -0.2273 0.8353 -0.5007
vn -0.3418 0.7815 -0.5220
vn -0.2908 0.3681 -0.8831
vn -0.1137 0.7718 -0.6256
vn 0.8866 0.2973 -0.3544
vn -0.9361 0.1906 -0.2956
vn 0.1543 0.1232 -0.9803
vn -0.3438 0.8079 -0.4787
vn -0.5441 -0.1821 -0.8190
vn -0.8629 0.4981 0.0849
vn -0.8647 0.0661 -0.4979
vn -0.3010 0.8315 -0.4669
vn 0.0039 0.6715 -0.7410
vn -0.6164 0.4625 -0.6373
vn -0.6306 0.4776 -0.6118
vn 0.0541 0.9506 -0.3058
vn -0.3316 0.8774 0.3468
vn 0.6698 0.7422 0.0216
vn 0.3703 0.7479 -0.5509
vn 0.3207 0.7308 -0.6025
vn -0.3656 0.7655 -0.5294
vn -0.4361 0.1238 -0.8913
vn 0.0905 0.1481 -0.9848
vn -0.5813 0.0539 -0.8119
vn 0.3344 0.7395 -0.5843
vn 0.3778 0.6988 -0.6074
vn 0.1575 0.6658 -0.7294
vn -0.1263 0.9012 -0.4145
vn -0.4102 0.4186 -0.8103
vn 0.6363 0.5924 -0.4942
vn 0.3787 0.6441 -0.6646
vn 0.2679 0.6920 -0.6703
vn -0.1703 0.8488 -0.5005
vn -0.9547 0.2976 -0.0072
vn -0.9436 0.3007 0.1385
vn 0.3880 0.7984 -0.4604
vn 0.1112 0.9322 -0.3444
vn -0.1739 0.8892 -0.4232
vn 0.3351 0.7392 -0.5842
vn 0.1869 0.3664 -0.9115
vn 0.8289 0.5547 0.0720
vn -0.1550 0.9151 -0.3724
vn 0.4345 0.6693 -0.6027
vn -0.9182 0.3662 -0.1507
vn -0.3755 0.7391 -0.5592
vn 0.2777 0.7729 -0.5705
vn -0.8420 0.5278 0.1116
vn 0.3146 0.6042 -0.7321
vn 0.0524 0.7773 -0.6269
vn 0.3416 0.7285 -0.5938
vn -0.8562 0.4764 0.2001
vn 0.8642 0.4825 0.1430
vn 0.9470 0.3173 -0.0508
vn -0.8474 0.4697 -0.2475
vn 0.0697 0.8834 -0.4634
vn 0.0620 0.7646 -0.6415
vn -0.8375 0.5206 0.1660
vn -0.4409 0.7502 0.4928
vn -0.4787 0.7260 0.4938
vn 0.2707 0.7570 0.5947
vn -0.6394 0.6934 -0.3323
vn -0.0441 0.9221 -0.3843
vn 0.3751 0.4126 0.8301
vn -0.7233 0.5710 -0.3884
vn 0.1792 0.7898 -0.5866
vn -0.2347 0.8044 -0.5458
vn -0.3756 0.8190 -0.4338
vn 0.3143 0.7704 -0.5546
vn 0.7714 0.2236 -0.5958
vn -0.6140 0.7630 0.2020
vn -0.4656 0.7572 -0.4581
vn -0.8812 0.4422 0.1673
vn -0.3345 0.8026 -0.4939
vn -0.2310 0.9707 -0.0657
vn 0.3217 0.9411 -0.1037
vn 0.5487 0.8360 0.0045
vn -0.5200 0.7428 -0.4217
vn 0.5237 0.8517 -0.0152
vn 0.0963 0.8826 -0.4601
vn -0.8980 0.4228 -0.1218
vn 0.8351 0.5489 0.0363
vn -0.3969 0.9149 -0.0734
vn 0.7538 0.6445 0.1276
vn 0.1025 0.8478 -0.5202
vn -0.4377 0.7788 0.4494
vn -0.3160 0.8893 0.3305
vn 0.8086 0.3914 -0.4393
vn -0.2296 0.8932 -0.3867
vn -0.6221 0.4035 -0.6710
vn 0.1511 0.1139 -0.9819
vn 0.0646 0.9974 -0.0326
vn 0.6161 0.6803 0.3970
vn 0.8589 0.3853 -0.3374
vn -0.6588 0.4447 -0.6068
vn 0.3836 0.9095 0.1601
vn -0.6625 0.3367 -0.6692
vn 0.8896 0.3449 -0.2993
vn 0.3333 0.3134 -0.8892
vn -0.2081 0.9722 -0.1070
vn 0.3597 0.4946 0.7912
vn 0.6216 0.7760 0.1065
vn -0.2750 0.7505 -0.6009
vn 0.9715 0.0775 0.2242
vn 0.3493 0.7065 -0.6155
vn 0.4257 0.4928 -0.7589
vn 0.5976 0.7908 0.1320
vn -0.6414 0.4657 -0.6097
vn 0.3322 0.7624 -0.5553
vn -0.9239 0.3651 0.1143
vn -0.7865 0.5945 -0.1674
vn 0.6095 0.5769 -0.5437
vn 0.3274 0.7410 -0.5862
vn 0.3683 0.8548 -0.3656
vn -0.1979 0.9154 -0.3506
vn -0.1766 0.9203 -0.3492
vn -0.4475 0.3651 -0.8164
vn -0.3926 0.2268 -0.8913
vn 0.0592 0.9919 0.1122
vn -0.5694 0.7599 -0.3136
vn -0.2213 0.9663 -0.1315
vn -0.9235 0.0581 -0.3791
vn -0.8465 0.4763 -0.2378
vn -0.0845 0.9650 -0.2482
vn -0.4885 0.8121 -0.3190
vn -0.8706 0.4920 -0.0044
vn -0.0616 0.9514 0.3016
vn -0.2149 0.9765 0.0180
vn 0.0757 0.9856 0.1511
vn -0.4844 0.8743 -0.0305
vn -0.0978 0.3813 -0.9193
vn 0.3467 0.1162 -0.9308
vn 0.9203 0.2480 -0.3025
vn 0.9016 0.2180 -0.3736
vn 0.4545 0.1800 -0.8724
vn -0.0921 0.5505 -0.8298
vn 0.4238 0.6764 -0.6024
vn 0.0378 0.5219 -0.8522
vn -0.8725 0.4799 -0.0914
vn 0.8450 0.5045 0.1772
vn 0.5739 0.7976 -0.1858
vn -0.9423 0.3149 -0.1135
vn 0.6323 0.7461 0.2088
vn 0.2599 0.7242 -0.6387
vn 0.8484 0.4551 0.2704
vn -0.3999 0.9120 0.0908
vn -0.7808 0.6176 -0.0948
vn 0.1930 0.9252 -0.3268
vn -0.5429 0.8377 0.0594
vn -0.8486 0.4849 -0.2115
vn 0.1729 0.6438 -0.7454
vn 0.7159 0.5544 -0.4244
vn 0.5219 0.5892 -0.6168
vn 0.0444 0.7718 -0.6343
vn -0.3469 0.8062 -0.4793
vn -0.9188 0.2959 -0.2612
vn -0.5912 0.5623 0.5782
vn -0.3963 0.8708 -0.2909
vn 0.9302 0.3594 0.0743
vn 0.6891 0.3983 0.6054
vn -0.2701 0.9014 0.3384
vn -0.4044 0.3610 -0.8403
vn -0.3153 0.1054 -0.9431
vn -0.0248 0.8103 0.5855
vn 0.4299 0.2729 -0.8607
vn 0.3461 0.6650 -0.6619
vn -0.3826 0.9176 -0.1076
vn -0.6627 0.7480 -0.0363
vn 0.5564 0.0810 0.8269
vn -0.5694 0.8221 -0.0041
vn -0.0065 0.6688 -0.7434
vn -0.0177 0.9995 0.0254
vn 0.8220 0.5517 -0.1413
vn 0.5516 0.6233 0.5543
vn -0.3516 0.3214 -0.8793
vn 0.0749 0.8802 -0.4686
vn 0.7387 0.4825 -0.4707
vn 0.4923 0.6699 -0.5558
vn -0.8647 0.4768 0.1582
vn -0.7626 0.2669 -0.5892
vn 0.1172 0.9772 0.1769
vn 0.5710 0.8172 -0.0777
vn -0.0959 0.5560 -0.8256
vn 0.0351 0.9956 -0.0870
vn -0.0994 0.9882 -0.1164
vn -0.7542 0.3825 -0.5338
vn -0.1350 -0.0706 -0.9883
vn 0.0927 0.9205 0.3796
vn 0.8512 0.1838 0.4916
vn 0.6197 0.4898 -0.6133
vn 0.1243 0.1237 -0.9845
vn -0.8615 0.3855 0.3305
vn 0.1305 0.9912 0.0224
vn -0.7063 0.0881 -0.7025
vn -0.6705 0.7418 0.0124
vn -0.7072 0.6014 -0.3717
vn -0.8878 0.3975 0.2318
vn -0.2767 0.1194 -0.9535
vn -0.8099 0.5832 0.0627
vn 0.9483 0.3175 -0.0019
vn -0.6811 -0.0823 -0.7276
vn 0.5304 0.0973 -0.8422
vn 0.9103 0.1678 -0.3784
vn -0.8494 -0.0309 -0.5268
vn -0.6185 0.4804 -0.6218
vn 0.9054 0.2186 0.3640
vn -0.2510 0.3158 -0.9150
vn 0.3090 0.7674 -0.5619
vn 0.8062 0.2018 -0.5562
vn -0.7538 0.3367 -0.5642
vn 0.0519 0.3969 -0.9164
vn 0.2460 0.9061 0.3441
vn 0.2256 0.8981 -0.3775
vn 0.3101 0.5142 -0.7997
vn 0.4264 0.6692 -0.6085
vn -0.7799 0.1129 -0.6156
vn 0.2993 0.9267 -0.2275
vn 0.8937 0.1173 -0.4331
vn -0.0940 0.4192 -0.9030
vn -0.1996 0.9772 -0.0721
vn 0.8590 -0.0132 -0.5118
vn 0.9183 0.1791 0.3532
vn -0.9347 0.0573 0.3509
vn 0.9784 0.1869 0.0879
vn 0.6210 -0.6204 -0.4790
vn 0.1647 0.8138 -0.5574
vn 0.5607 0.3102 -0.7677
vn -0.9558 0.0790 0.2833
vn 0.9334 0.3583 0.0191
vn -0.1139 0.6779 0.7262
vn -0.3173 0.9275 -0.1975
vn 0.1358 0.7055 -0.6956
vn -0.8854 0.4288 0.1794
vn 0.2437 0.9455 0.2158
vn -0.9870 0.0843 -0.1372
vn 0.7411 -0.0383 0.6703
vn 0.7751 0.2677 0.5723
vn 0.3507 0.7255 -0.5921
vn 0.9502 0.3064 0.0565
vn 0.7936 0.5552 0.2489
vn 0.6746 0.0937 -0.7322
vn 0.7857 0.5824 0.2086
vn 0.7857 -0.3632 -0.5007
vn 0.4558 0.6007 -0.6568
vn -0.3291 0.6564 0.6789
vn -0.9438 0.1924 0.2689
vn -0.3945 0.6238 -0.6747
vn 0.8155 0.4857 -0.3147
vn 0.9929 -0.0595 0.1029
vn -0.1779 0.9819 -0.0654
vn 0.3122 0.7449 -0.5896
vn -0.8489 0.4370 0.2974
vn 0.7618 -0.1117 0.6381
vn 0.7481 0.0232 -0.6632
vn 0.7843 0.0419 -0.6189
vn 0.3352 0.9034 0.2673
vn 0.8585 0.1284 -0.4965
vn 0.8293 0.1183 -0.5462
vn 0.9527 0.3038 -0.0052
vn 0.9982 0.0165 0.0569
vn -0.0880 0.6196 0.7799
vn -0.1398 0.9875 0.0728
vn 0.6340 0.0037 -0.7733
vn 0.8678 0.1380 -0.4774
vn -0.8289 0.0381 0.5580
vn 0.7585 0.0805 -0.6467
vn 0.6877 0.0078 -0.7260
vn 0.8248 0.0340 -0.5644
vn 0.6530 0.7570 0.0236
vn -0.7628 -0.2579 -0.5929
vn -0.8296 0.0368 0.5571
vn -0.9420 0.0966 0.3215
vn -0.7868 0.2805 0.5497
vn -0.7548 0.4129 0.5097
vn 0.8245 0.0337 -0.5648
vn -0.7223 0.3852 -0.5744
vn -0.9016 0.2310 0.3657
vn 0.8288 0.0211 -0.5591
vn 0.7484 0.0951 -0.6564
vn 0.2830 -0.3219 -0.9035
vn -0.7455 0.0423 -0.6652
vn -0.7653 0.0216 -0.6433
vn -0.7555 0.1367 -0.6407
vn -0.9161 0.3288 0.2294
vn 0.3928 0.7085 -0.5863
vn -0.9639 0.2481 0.0964
vn 0.3451 0.1869 -0.9198
vn 0.3754 0.7381 0.5607
vn 0.9385 0.1254 0.3218
vn -0.6804 0.1466 0.7181
vn 0.8791 -0.0405 0.4749
vn 0.1571 0.9510 -0.2664
vn -0.6635 0.4862 0.5686
vn 0.6740 0.0961 -0.7325
vn -0.4071 0.1201 -0.9055
vn 0.0333 0.6593 0.7512
vn 0.7362 -0.4259 -0.5260
vn -0.9756 0.2160 -0.0391
vn 0.5207 0.0972 -0.8482
vn -0.7534 0.1351 -0.6436
vn -0.9155 0.0555 -0.3984
vn 0.8133 0.2002 -0.5464
vn -0.8898 0.4355 0.1364
vn -0.8949 0.0911 0.4369
vn -0.9149 0.1506 0.3745
vn 0.8704 0.4732 0.1361
vn -0.6934 0.3879 -0.6073
vn -0.8125 0.4431 -0.3788
vn -0.5908 0.6973 -0.4058
vn -0.0048 0.0664 -0.9978
vn 0.5399 0.1061 -0.8350
vn -0.7136 0.0878 -0.6950
vn 0.8963 0.1438 -0.4195
vn 0.3968 0.1007 -0.9124
vn 0.5644 0.3836 -0.7310
vn -0.2710 0.9598 0.0726
vn -0.9258 0.3310 0.1826
vn -0.2033 0.8403 -0.5025
vn 0.2150 0.8425 0.4939
vn 0.9662 0.2557 0.0327
vn 0.9828 0.0420 0.1800
vn -0.8348 -0.0234 0.5500
vn 0.5356 0.1054 -0.8379
vn -0.2824 0.7126 0.6422
vn 0.1299 0.9442 -0.3027
vn 0.9039 0.4037 0.1411
vn -0.1882 0.8962 0.4017
vn 0.6781 0.0946 -0.7288
vn 0.6755 0.1668 -0.7182
vn -0.2775 0.9099 -0.3083
vn -0.9456 0.2470 -0.2115
vn -0.1531 0.0600 -0.9864
vn 0.6606 0.1222 -0.7408
vn 0.8349 -0.2569 -0.4868
vn 0.5309 0.3747 -0.7601
vn -0.4433 0.3940 -0.8052
vn 0.6808 0.0075 -0.7324
vn 0.2776 0.5696 0.7736
vn 0.7592 0.3071 -0.5738
vn 0.5955 0.1225 -0.7939
vn 0.6255 0.2552 -0.7373
vn 0.5379 0.1017 -0.8369
vn -0.3619 0.4100 -0.8372
vn -0.3871 0.9178 -0.0886
vn 0.8021 0.5819 0.1345
vn 0.3734 0.8766 -0.3036
vn 0.6486 0.2957 -0.7014
vn 0.2842 0.6585 -0.6968
vn -0.5518 0.4122 -0.7250
vn -0.0329 0.9622 -0.2702
vn -0.9414 0.3286 0.0762
vn -0.0587 0.4162 -0.9074
vn -0.3093 0.1268 -0.9425
vn -0.8705 0.0544 -0.4891
vn 0.6487 -0.3130 -0.6937
vn 0.7316 0.2925 -0.6158
vn 0.3527 0.7302 -0.5852
vn -0.7509 -0.0458 -0.6588
vn 0.4136 0.2942 -0.8616
vn 0.8557 0.5172 0.0190
vn 0.0735 0.9868 0.1440
vn -0.7763 -0.0503 -0.6284
vn -0.8970 0.0261 0.4414
vn 0.4040 0.9043 0.1377
vn -0.9058 0.3916 -0.1618
vn -0.7627 0.6468 0.0028
vn 0.7706 -0.0466 -0.6356
vn 0.0752 0.9863 0.1467
vn -0.2524 0.9602 0.1199
vn -0.8624 0.4110 0.2957
vn 0.8654 0.0874 0.4934
vn 0.9264 -0.0471 0.3736
vn -0.8528 0.3520 0.3858
vn 0.5053 0.3713 -0.7790
vn 0.2409 0.7924 -0.5605
vn 0.6393 -0.2899 -0.7122
vn 0.9664 0.2561 0.0233
vn 0.3920 -0.1427 -0.9088
vn -0.3453 0.7076 0.6165
vn 0.2754 0.8675 -0.4142
vn -0.2420 0.3797 0.8929
vn -0.9616 0.2047 0.1829
vn -0.0927 0.9897 -0.1092
vn -0.6723 0.3589 -0.6474
vn -0.4142 0.4356 0.7992
vn -0.9689 0.1937 -0.1542
vn 0.9470 -0.1202 0.2981
vn 0.5400 0.1052 -0.8350
vn -0.7407 0.0396 -0.6707
vn 0.5132 0.0968 -0.8528
vn 0.5253 0.1191 -0.8426
vn 0.5247 0.1074 -0.8445
vn -0.6300 0.2726 -0.7272
vn 0.5213 0.1157 -0.8455
vn -0.9521 0.2997 -0.0601
vn -0.9700 0.2352 0.0618
vn 0.6418 0.2114 -0.7372
vn -0.1486 0.9820 0.1162
vn 0.9650 0.0463 -0.2583
vn 0.9565 0.2918 0.0051
vn -0.5048 0.7691 -0.3920
vn -0.5407 0.5525 0.6344
vn 0.6045 0.4957 -0.6235
vn 0.0428 0.9794 -0.1972
vn 0.7814 0.0071 0.6240
vn -0.9602 0.2401 -0.1424
vn 0.6920 -0.0438 0.7205
vn -0.8102 -0.0426 -0.5845
vn -0.0888 0.6118 0.7860
vn 0.3581 0.0472 -0.9325
vn 0.8000 0.0756 0.5952
vn -0.8140 -0.0608 0.5776
vn -0.9722 0.1075 -0.2082
vn 0.5133 0.0970 -0.8527
vn -0.3984 0.5347 0.7452
vn 0.3886 0.0703 -0.9187
vn -0.2946 0.7026 0.6477
vn -0.3351 0.4953 0.8015
vn 0.4562 -0.4203 -0.7843
vn -0.3380 0.7558 0.5608
vn 0.6536 0.2789 -0.7035
vn 0.8637 0.5001 0.0617
vn -0.1435 0.9761 -0.1633
vn -0.8876 0.1527 0.4346
vn -0.8129 0.2571 -0.5226
vn 0.2073 0.9200 -0.3325
vn 0.8343 0.0940 0.5433
vn -0.8376 0.4436 0.3187
vn 0.9104 0.4078 0.0692
vn -0.9156 0.3672 0.1636
vn -0.9354 0.3170 0.1568
vn -0.8095 -0.0688 -0.5831
vn 0.7363 -0.0783 -0.6722
vn 0.7161 0.1506 -0.6816
vn 0.5642 0.6221 0.5428
vn -0.0730 0.8577 -0.5090
vn -0.7527 0.2255 -0.6186
vn 0.0874 0.7717 -0.6300
vn 0.1109 0.9736 0.1993
vn -0.8532 0.4361 0.2861
vn 0.5266 0.1114 -0.8428
vn -0.2757 0.8120 -0.5144
vn 0.4668 0.8336 -0.2954
vn 0.1016 0.7971 0.5952
vn 0.9363 0.1724 0.3061
vn 0.4908 0.8675 0.0812
vn -0.3875 0.4181 -0.8216
vn -0.2772 0.7434 0.6086
vn -0.1610 0.1818 -0.9701
vn -0.9127 0.3905 0.1204
vn -0.3513 0.7144 -0.6052
vn -0.7596 -0.5327 -0.3731
vn 0.2868 0.5062 -0.8134
vn 0.2634 0.9388 0.2220
vn -0.1394 0.9031 0.4063
vn -0.1818 0.8744 -0.4498
vn -0.3018 0.9496 -0.0849
vn 0.5048 0.1283 -0.8537
vn 0.4569 -0.2951 -0.8392
vn 0.5805 0.0991 -0.8082
vn 0.2010 0.9684 0.1477
vn 0.4420 0.0654 -0.8946
vn -0.5043 0.1378 -0.8525
vn -0.9754 0.1980 -0.0972
vn -0.8250 -0.0584 -0.5621
vn -0.8266 0.0799 0.5571
vn 0.4660 0.7789 -0.4197
vn -0.4801 0.2847 -0.8297
vn 0.3539 0.0644 -0.9331
vn -0.3536 0.8454 -0.4003
vn -0.3750 0.9249 -0.0634
vn 0.9396 0.3345 0.0730
vn 0.9917 0.0989 0.0818
vn -0.8813 0.2705 0.3876
vn 0.9008 0.4090 0.1458
vn -0.5178 0.8519 -0.0778
vn -0.8884 0.4535 -0.0717
vn 0.7316 0.0639 -0.6788
vn 0.7227 -0.0482 0.6895
vn -0.5927 -0.2432 -0.7679
vn 0.8681 0.4568 0.1940
vn -0.1288 0.8958 -0.4254
vn -0.2536 0.8673 -0.4284
vn -0.1082 0.3582 -0.9273
vn -0.4132 0.8126 -0.4111
vn 0.9267 0.0197 0.3753
vn -0.8816 0.4260 0.2035
vn 0.3123 0.7532 0.5789
vn -0.7671 0.4841 -0.4209
vn 0.6573 0.5186 -0.5469
vn -0.2445 0.5402 0.8052
vn 0.3181 0.5673 0.7596
vn 0.4158 0.8997 0.1327
vn -0.8999 0.4051 0.1612
vn -0.0121 0.8716 -0.4900
vn 0.7408 0.0129 -0.6716
vn 0.0366 0.9953 -0.0891
vn 0.1507 0.9624 0.2261
vn 0.7363 -0.0761 0.6724
vn 0.9040 0.2523 0.3451
vn 0.8408 0.4799 0.2504
vn 0.6798 0.0834 -0.7287
vn -0.1073 0.2508 -0.9621
vn -0.9349 0.0564 0.3503
vn -0.8762 0.1366 -0.4622
vn 0.3094 0.1172 -0.9437
vn 0.6747 0.7360 -0.0548
vn -0.0615 0.7044 0.7071
vn -0.9828 0.1630 -0.0863
vn 0.0654 0.9874 -0.1443
vn 0.1938 0.0701 -0.9785
vn 0.9573 0.1573 -0.2426
vn 0.9816 0.1869 0.0399
vn 0.2777 0.2323 -0.9322
vn 0.5630 0.1059 -0.8196
vn 0.7324 -0.0572 0.6784
vn 0.2596 0.8799 -0.3978
vn 0.7850 -0.0498 0.6174
vn -0.9393 -0.0004 0.3430
vn -0.8817 0.0122 -0.4716
vn -0.8384 0.1749 -0.5162
vn 0.4041 0.3940 0.8255
vn 0.0328 0.5071 -0.8612
vn 0.3112 0.1191 -0.9428
vn 0.8830 0.4548 0.1164
vn -0.5696 0.6321 -0.5254
vn 0.8017 0.5948 -0.0598
vn -0.1943 0.2146 -0.9572
vn -0.9691 0.2450 0.0298
vn 0.9443 -0.2303 -0.2350
vn -0.2527 0.9424 0.2189
vn 0.4019 0.3847 -0.8310
vn -0.0835 0.9078 -0.4111
vn -0.8286 0.0362 0.5587
vn 0.9614 0.1598 0.2242
vn 0.9243 0.2268 -0.3069
vn -0.4892 0.3084 -0.8158
vn -0.9477 0.3029 0.1003
vn 0.7079 -0.0467 0.7047
vn 0.9144 0.0585 0.4006
vn -0.2856 0.7948 0.5355
vn 0.7196 0.0945 -0.6880
vn 0.2707 0.9577 0.0982
vn 0.8917 0.4034 0.2050
vn -0.8755 0.4419 0.1954
vn -0.8183 0.5084 0.2681
vn 0.2132 0.7044 0.6770
vn 0.4050 0.0660 -0.9119
vn 0.1022 0.9634 0.2479
vn 0.3368 0.0691 -0.9390
vn 0.0755 0.7256 0.6839
vn 0.6266 0.3428 -0.6999
vn -0.2638 0.8093 -0.5249
vn -0.2650 0.4391 -0.8584
vn -0.2675 0.8432 -0.4664
vn 0.3360 0.1469 -0.9303
vn 0.7006 0.6889 0.1859
vn 0.5732 0.0946 -0.8139
vn -0.2421 0.6255 0.7417
vn -0.3140 0.1775 -0.9327
vn 0.2001 0.9563 0.2129
vn -0.1703 0.7405 0.6502
vn -0.9527 0.2967 -0.0656
vn -0.1938 0.6998 0.6876
vn -0.6994 0.7117 0.0662
vn -0.1055 0.1817 -0.9777
vn -0.2156 0.7242 0.6550
vn -0.3531 0.8283 -0.4351
vn -0.4191 0.1118 -0.9010
vn 0.0246 0.0179 -0.9995
vn 0.4166 0.2167 -0.8829
vn 0.1200 -0.0780 -0.9897
vn -0.2952 0.8605 -0.4151
vn 0.3107 0.1476 -0.9390
vn 0.2429 0.0684 -0.9676
vn 0.0661 0.7217 0.6890
vn -0.0142 0.6584 0.7525
vn 0.3584 0.8776 -0.3182
vn 0.5382 0.1072 -0.8360
vn 0.8981 0.2060 -0.3885
vn 0.8835 -0.2312 -0.4074
vn -0.9162 0.3501 0.1951
vn -0.7589 0.2685 -0.5933
vn 0.0904 0.7247 0.6831
vn -0.2387 0.5699 0.7863
vn 0.2347 0.2178 -0.9474
vn 0.3691 0.0345 -0.9288
vn -0.3137 0.6829 0.6597
vn -0.2955 0.7260 -0.6210
vn -0.2828 0.7402 0.6100
vn -0.8929 0.4045 0.1977
vn 0.0718 0.9872 0.1423
vn -0.0544 0.9708 0.2336
vn -0.3410 0.1768 -0.9233
vn 0.2953 0.0045 -0.9554
vn 0.0615 0.7044 0.7071
vn -0.4359 0.1228 -0.8916
vn -0.9844 0.1755 0.0126
vn -0.1578 0.7244 0.6711
vn -0.2119 0.9383 0.2731
vn 0.1672 0.0541 -0.9844
vn -0.7320 -0.0228 -0.6809
vn -0.1114 0.7026 0.7028
vn 0.6363 0.4326 -0.6387
vn 0.0880 0.6196 0.7799
vn -0.7261 0.6193 -0.2987
vn 0.0455 0.9878 0.1488
vn 0.4411 0.3399 -0.8306
vn 0.1927 0.0580 -0.9795
vn -0.8132 0.5106 -0.2793
vn -0.4859 0.2989 -0.8213
vn -0.2805 0.9598 -0.0099
vn 0.1247 0.0585 -0.9905
vn 0.8175 0.1570 0.5541
vn -0.9774 0.1787 -0.1132
vn 0.3855 0.0376 -0.9219
vn -0.1431 0.6594 0.7381
vn -0.3751 0.7998 -0.4687
vn 0.1312 0.6565 0.7428
vn 0.0908 0.1236 -0.9882
vn 0.2133 0.8420 0.4956
vn 0.0619 0.6833 -0.7275
vn 0.0444 0.3625 -0.9309
vn -0.8854 0.4106 0.2179
vn -0.0233 0.0194 -0.9995
vn 0.1734 0.0708 -0.9823
vn -0.4590 0.3789 -0.8036
vn -0.1029 0.6992 0.7074
vn 0.1447 0.9581 0.2472
vn 0.7043 -0.6718 0.2293
vn 0.0431 0.9342 0.3541
vn -0.9310 0.3382 0.1371
vn 0.8487 0.5221 0.0847
vn 0.2863 0.9359 -0.2054
vn 0.2223 -0.9014 0.3715
vn -0.1650 0.8462 -0.5067
vn 0.0269 0.9810 -0.1923
vn 0.0298 0.9164 -0.3992
vn 0.0378 0.6466 0.7619
vn -0.1587 0.9847 -0.0714
vn -0.8039 0.3952 -0.4444
vn -0.9770 0.2004 0.0723
vn -0.9076 0.2882 0.3053
vn -0.0414 -0.1045 -0.9937
vn -0.3301 0.8114 -0.4824
vn 0.3055 0.5541 -0.7744
vn 0.0784 0.9890 -0.1254
vn -0.9385 -0.0742 -0.3373
vn -0.2997 0.8316 -0.4677
vn 0.9572 0.2848 0.0510
vn -0.8969 0.0622 -0.4379
vn -0.0691 0.5820 0.8103
vn 0.3112 0.5395 -0.7824
vn 0.4744 0.8404 -0.2622
vn 0.4827 0.6528 -0.5839
vn 0.9560 -0.0329 0.2915
vn -0.4477 0.8883 -0.1028
vn 0.4100 0.3402 -0.8463
vn 0.4791 0.8763 -0.0505
vn -0.9681 0.2335 -0.0903
vn -0.9531 0.2928 0.0767
vn -0.7337 -0.0457 -0.6779
vn 0.6273 0.5002 -0.5970
vn -0.0034 0.3811 -0.9245
vn -0.7485 0.6582 -0.0804
vn -0.1827 0.8906 -0.4164
vn 0.2729 0.9280 0.2538
vn 0.4523 0.5738 0.6828
vn -0.2188 0.8977 -0.3825
vn 0.5501 0.7422 0.3827
vn 0.1525 0.9482 -0.2788
vn 0.1157 0.6996 -0.7051
vn -0.9352 0.3399 0.0997
vn -0.4323 0.4432 -0.7853
vn -0.9085 0.3665 0.2006
vn -0.5861 0.7326 -0.3461
vn -0.7182 0.3846 -0.5798
vn -0.2135 0.4193 0.8824
vn 0.0490 0.9891 -0.1387
vn 0.1119 0.9858 0.1254
vn -0.3125 0.7230 -0.6162
vn 0.2692 0.5363 0.8000
vn -0.8403 0.5378 -0.0677
vn 0.8090 0.1998 -0.5528
vn -0.7815 0.6085 -0.1380
vn -0.3609 0.9287 -0.0855
vn -0.6756 0.6155 -0.4058
vn -0.8907 0.2345 0.3896
vn -0.2350 0.6956 0.6789
vn -0.4942 0.7154 -0.4939
vn -0.2709 0.9599 0.0727
vn -0.7486 -0.0903 0.6569
vn -0.0227 0.9997 0.0074
vn -0.9846 -0.0134 0.1741
vn -0.8992 0.2653 0.3480
vn 0.0816 0.9953 -0.0514
vn -0.2736 0.5199 0.8092
vn -0.6832 0.3324 -0.6502
vn -0.4223 0.3943 -0.8162
vn -0.9829 0.1799 -0.0402
vn -0.2693 0.8058 -0.5274
vn -0.2828 0.3067 -0.9088
vn -0.1258 0.2508 -0.9598
vn 0.1930 0.7836 -0.5905
vn -0.7967 0.2441 -0.5529
vn -0.3560 0.7306 -0.5826
vn 0.1245 0.1476 -0.9812
vn 0.8378 0.1056 0.5357
vn 0.1867 0.8683 -0.4595
vn 0.0390 0.9630 -0.2666
vn 0.0161 0.8960 -0.4438
vn 0.9321 0.3603 0.0372
vn 0.3992 0.8277 -0.3943
vn 0.1660 0.9410 -0.2948
vn 0.3059 0.7307 -0.6103
vn 0.3341 0.6802 -0.6524
vn 0.4750 0.6522 -0.5908
vn -0.3244 0.8251 -0.4626
vn -0.8971 0.3980 0.1917
vn -0.3453 0.1989 -0.9172
vn 0.6815 0.3224 -0.6570
vn -0.2216 0.6289 0.7453
vn -0.2338 0.6587 0.7151
vn -0.6940 0.3694 -0.6179
vn 0.2168 0.9683 0.1238
vn 0.3453 0.6644 0.6628
vn 0.4598 0.6627 -0.5910
vn 0.1114 0.7026 0.7028
vn -0.6971 0.2195 -0.6825
vn -0.8125 0.0630 -0.5796
vn 0.6654 -0.0213 -0.7462
vn -0.5647 0.7227 -0.3985
vn -0.8483 0.2037 0.4888
vn 0.8362 0.5379 0.1068
vn -0.8878 -0.0667 -0.4555
vn -0.9667 0.2466 0.0687
vn -0.1659 0.8271 -0.5369
vn -0.2983 0.8793 -0.3713
vn -0.2186 0.9025 -0.3710
vn 0.1942 0.9530 0.2327
vn 0.3340 0.6284 -0.7025
vn -0.0742 0.2862 -0.9553
vn -0.4036 0.7057 -0.5823
vn -0.1312 0.7579 -0.6391
vn -0.6728 -0.1179 -0.7304
vn 0.8982 0.3309 -0.2894
vn -0.0004 0.6623 -0.7492
vn -0.3037 -0.3010 -0.9040
vn 0.5026 0.1246 -0.8555
vn -0.1462 0.9887 0.0345
vn -0.6732 0.4241 -0.6057
vn 0.6758 0.0790 -0.7329
vn -0.8842 0.2731 -0.3789
vn -0.3714 0.7745 -0.5121
vn -0.9933 0.0793 -0.0837
vn -0.1664 0.8263 -0.5380
vn -0.7934 0.3894 -0.4679
vn 0.0188 0.9998 0.0119
vn -0.3300 0.7189 -0.6118
vn 0.4716 0.4153 -0.7778
vn -0.0956 0.7755 0.6240
vn -0.2903 0.7992 -0.5264
vn -0.9673 0.2388 -0.0852
vn 0.0733 0.9868 0.1443
vn -0.8712 0.4908 -0.0111
vn -0.3722 0.0712 -0.9254
vn -0.1755 0.8874 -0.4263
vn 0.9552 0.1523 0.2537
vn 0.0597 0.6112 -0.7892
vn -0.1517 0.5119 -0.8456
vn -0.0603 0.5933 -0.8027
vn -0.5677 0.8174 -0.0980
vn -0.0070 0.9934 0.1148
vn -0.1337 0.8812 -0.4534
vn 0.3104 0.6127 -0.7268
vn 0.4830 0.0743 -0.8725
vn -0.2120 0.9015 -0.3773
vn 0.5345 0.5757 -0.6188
vn -0.4849 0.0304 -0.8740
vn -0.1129 0.2409 -0.9640
vn -0.1233 0.1245 -0.9845
vn 0.6546 0.5805 0.4843
vn 0.1247 0.1233 -0.9845
vn -0.2319 0.8940 -0.3834
vn -0.1969 0.9088 -0.3679
vn 0.4217 0.6802 -0.5996
vn 0.4437 0.0680 -0.8936
vn -0.1289 0.1188 -0.9845
vn -0.2232 0.8960 -0.3839
vn -0.8587 0.5067 -0.0769
vn -0.2800 -0.9527 0.1181
vn -0.8299 0.5569 -0.0335
vn -0.8833 0.3142 -0.3480
vn -0.9366 0.2979 0.1846
vn -0.6287 0.1521 -0.7626
vn 0.4945 0.8679 0.0480
vn 0.7339 0.3312 -0.5930
vn 0.6893 0.3596 -0.6290
vn -0.5170 0.3730 -0.7705
vn 0.3409 0.7005 -0.6270
vn 0.2782 0.5693 0.7736
vn -0.0270 0.3819 -0.9238
vn -0.5412 0.7389 -0.4015
vn 0.3657 0.7183 -0.5918
vn 0.9118 0.1998 0.3587
vn -0.1016 0.7971 0.5952
vn 0.7774 0.6012 -0.1849
vn -0.4363 0.3239 -0.8395
vn -0.2176 0.8949 -0.3895
vn -0.6007 0.2773 -0.7499
vn -0.2217 -0.9684 0.1144
vn 0.0130 0.9826 0.1855
vn -0.0489 0.9824 0.1802
vn 0.3793 0.7154 -0.5868
vn 0.1472 0.9700 0.1932
vn 0.2613 0.5456 -0.7963
vn 0.0422 0.5548 -0.8309
vn -0.8751 0.4722 0.1061
vn -0.3338 0.8215 -0.4623
vn -0.3383 0.7165 -0.6100
vn -0.9012 0.3725 0.2216
vn 0.4175 0.5704 0.7074
vn 0.7055 0.6972 0.1273
vn 0.7974 0.1746 -0.5776
vn -0.2188 0.8975 -0.3829
vn -0.2332 0.8716 -0.4312
vn 0.5982 0.7799 -0.1841
vn -0.5352 0.7110 0.4561
vn 0.2723 0.8789 -0.3918
vn -0.8949 0.4380 0.0854
vn -0.9783 0.1662 -0.1233
vn -0.8076 0.1936 -0.5571
vn 0.0838 0.1548 -0.9844
vn 0.4019 0.6902 -0.6018
vn -0.5793 0.0522 -0.8134
vn -0.1555 0.6320 -0.7592
vn -0.1113 0.9819 -0.1535
vn 0.2182 0.4153 -0.8832
vn -0.9087 0.3938 0.1388
vn 0.5963 0.5204 -0.6112
vn -0.0276 0.8687 -0.4945
vn -0.9614 0.2467 -0.1221
vn 0.9209 0.3770 0.0994
vn -0.2875 0.9577 0.0123
vn -0.6903 0.3541 -0.6310
vn 0.0462 0.4110 -0.9105
vn 0.5932 0.4947 -0.6351
vn 0.3802 0.5257 0.7610
vn -0.1097 0.8504 -0.5146
vn 0.3404 0.7508 -0.5660
vn -0.4779 0.4364 -0.7623
vn 0.8809 0.2885 -0.3753
vn -0.2060 0.9781 0.0299
vn 0.4857 0.5299 -0.6952
vn 0.0674 0.6981 0.7128
vn 0.3116 0.7685 -0.5588
vn -0.1200 0.7575 -0.6417
vn -0.2672 0.5434 0.7958
vn 0.7188 0.3014 -0.6265
vn 0.8273 0.4979 0.2602
vn -0.2114 0.9049 -0.3695
vn 0.6154 0.7867 0.0478
vn -0.9541 0.1861 -0.2346
vn 0.8339 0.5514 0.0247
vn -0.2609 0.6553 -0.7089
vn 0.7694 0.2742 -0.5769
vn 0.3996 0.8861 0.2350
vn -0.8606 0.5092 0.0036
vn 0.7673 0.5484 -0.3323
vn 0.1727 -0.8982 0.4043
vn 0.6680 0.3798 -0.6400
vn 0.3637 0.4032 -0.8398
vn 0.8216 0.5430 0.1739
vn -0.9561 0.2808 -0.0840
vn -0.3763 0.9196 -0.1129
vn 0.8160 0.4558 -0.3556
vn -0.5947 0.6775 -0.4328
vn -0.1448 0.8857 -0.4412
vn 0.3405 0.7305 -0.5919
vn -0.9349 0.2358 -0.2653
vn -0.8335 0.5366 -0.1315
vn 0.1351 0.9874 -0.0820
vn 0.2085 0.8154 -0.5401
vn 0.6922 0.3421 -0.6355
vn -0.7419 0.2142 -0.6354
vn 0.6248 0.6301 -0.4611
vn 0.7291 0.3953 -0.5587
vn -0.1984 0.9801 -0.0006
vn 0.6853 0.3735 -0.6252
vn -0.1517 0.9883 -0.0150
vn -0.6743 0.3688 -0.6397
vn -0.7853 0.0561 0.6165
vn -0.5827 0.3797 -0.7185
vn 0.9392 0.3239 0.1139
vn -0.9507 0.2847 0.1228
vn 0.8776 0.4728 0.0789
vn -0.5645 0.1828 -0.8049
vn 0.6831 0.6897 0.2402
vn 0.8525 0.1407 -0.5034
vn 0.8653 0.3461 0.3625
vn 0.3351 0.9268 0.1694
vn -0.9632 0.1960 -0.1841
vn -0.0358 0.9568 0.2885
vn -0.3498 0.0892 -0.9326
vn 0.8356 0.1948 -0.5137
vn -0.8467 0.4563 -0.2738
vn 0.4969 0.8625 0.0958
vn 0.9668 0.2556 -0.0059
vn -0.9466 0.1717 -0.2728
vn 0.0646 0.9938 0.0907
vn 0.8378 0.5353 0.1077
vn 0.1425 0.8618 -0.4867
vn 0.3683 0.9113 -0.1843
vn -0.3944 0.3746 0.8391
vn -0.9499 0.3124 0.0079
vn -0.5659 0.4585 -0.6852
vn -0.8595 -0.0067 -0.5111
vn 0.9183 0.2404 -0.3147
vn -0.1052 0.9800 -0.1689
vn 0.8200 0.4933 -0.2901
vn -0.0324 0.3870 -0.9215
vn -0.9030 0.3928 0.1739
vn 0.6720 0.7400 0.0304
vn 0.6953 0.6992 0.1666
vn 0.4808 0.8756 -0.0471
vn 0.2529 0.9498 0.1843
vn -0.4256 0.9038 -0.0458
vn 0.1350 0.8398 -0.5258
vn -0.9333 0.2835 -0.2203
vn -0.2306 0.7419 -0.6297
vn 0.8956 0.4224 0.1395
vn -0.1672 0.9724 -0.1625
vn -0.8493 -0.0655 -0.5238
vn -0.9278 0.3683 -0.0598
vn 0.2023 0.9523 0.2283
vn 0.8988 0.4181 0.1319
vn 0.3628 0.8676 -0.3401
vn 0.8817 0.4687 0.0542
vn 0.6990 0.6687 -0.2534
vn 0.6067 0.7330 0.3074
vn 0.0769 0.9903 0.1155
vn -0.5533 0.5244 -0.6472
vn 0.9192 -0.0690 0.3877
vn -0.8479 -0.4820 0.2209
vn -0.8033 0.4013 -0.4400
vn -0.9029 0.2950 -0.3127
vn 0.9749 0.1474 -0.1671
vn -0.6420 0.4659 -0.6089
vn -0.8479 0.5298 0.0210
vn -0.2652 0.0696 -0.9617
vn -0.7036 0.7019 -0.1106
vn 0.1148 0.3533 -0.9285
vn -0.7129 0.2325 0.6616
vn -0.9466 0.2808 -0.1583
vn 0.7338 0.4756 -0.4851
vn 0.0792 0.9283 -0.3633
vn 0.9024 0.4272 0.0564
vn 0.9784 0.1831 -0.0961
vn 0.1556 0.6883 -0.7085
vn -0.7447 -0.0866 -0.6618
vn -0.8169 0.5680 -0.1001
vn 0.7791 0.5746 0.2507
vn -0.1595 0.9698 -0.1844
vn 0.9631 0.0626 -0.2618
vn 0.1082 0.6665 -0.7376
vn -0.3150 0.6416 -0.6994
vn 0.8384 0.5167 0.1735
vn -0.9461 0.2349 -0.2231
vn -0.0874 0.5540 -0.8279
vn -0.0127 0.9999 -0.0042
vn -0.6030 -0.0988 -0.7916
vn 0.4331 0.8547 -0.2861
vn 0.8103 -0.4320 0.3960
vn -0.1573 -0.0625 0.9856
vn 0.0895 0.9870 0.1334
vn -0.9933 -0.0700 -0.0916
vn 0.0887 0.8486 -0.5215
vn 0.4475 0.8402 0.3063
vn -0.9483 0.2668 -0.1716
vn 0.7697 0.2341 -0.5939
vn 0.6862 0.6987 -0.2025
vn 0.9826 0.0379 -0.1820
vn -0.9675 0.1539 -0.2006
vn -0.5790 0.3472 -0.7377
vn -0.9593 0.2322 -0.1609
vn 0.8953 0.3983 -0.1996
vn 0.7554 0.4432 -0.4828
vn -0.9875 0.1548 -0.0313
vn 0.9810 0.1933 -0.0156
vn 0.3654 0.4077 -0.8368
vn 0.6826 0.7118 0.1656
vn 0.6420 0.7665 0.0188
vn 0.7273 0.6773 -0.1107
vn 0.7941 0.1903 -0.5773
vn -0.9755 0.2153 0.0455
vn 0.5952 0.8033 0.0220
vn -0.0096 0.9099 -0.4146
vn 0.8985 0.4310 0.0838
vn -0.9272 0.3675 0.0725
vn 0.1979 0.9348 -0.2949
vn 0.0336 0.3670 -0.9296
vn -0.0963 0.9644 -0.2462
vn 0.7685 0.3422 0.5407
vn 0.1014 0.9885 -0.1124
vn 0.1511 0.3081 -0.9393
vn 0.1255 0.9739 -0.1892
vn -0.2140 -0.0696 -0.9743
vn -0.1639 0.9275 -0.3359
vn 0.1288 0.9878 -0.0880
vn -0.0187 0.9900 0.1399
vn -0.1325 0.6915 0.7101
vn -0.2374 0.9708 0.0347
vn 0.6135 0.4987 0.6123
vn 0.1503 0.9867 -0.0613
vn 0.0481 0.9543 -0.2951
vn 0.5169 0.0057 0.8560
vn 0.2199 -0.3435 0.9130
vn 0.0454 0.9799 -0.1942
vn 0.2027 0.5561 -0.8060
vn 0.9662 0.2571 -0.0193
vn 0.3350 0.1061 0.9362
vn -0.4580 -0.8551 0.2428
vn 0.7350 0.4211 0.5315
vn -0.4451 0.8816 -0.1571
vn -0.9697 -0.0823 0.2300
vn 0.2883 0.6142 -0.7346
vn -0.3539 0.7956 -0.4918
vn 0.0210 0.2634 0.9645
vn -0.0976 0.9928 -0.0688
vn -0.4580 0.8834 0.0992
vn -0.4850 -0.8312 0.2718
vn 0.1350 -0.9897 0.0472
vn -0.9351 -0.3206 0.1512
vn 0.1831 0.9114 0.3685
vn 0.8615 0.1007 -0.4977
vn -0.9367 0.1674 0.3074
vn -0.8224 -0.5490 0.1491
vn -0.9978 -0.0262 0.0606
vn -0.1770 0.9538 -0.2426
vn 0.1932 0.9741 -0.1173
vn 0.9859 0.1631 0.0363
vn 0.4255 0.4169 -0.8032
vn 0.9768 0.0513 -0.2079
vn 0.5868 0.5139 -0.6258
vn 0.3428 0.1083 -0.9331
vn -0.6954 0.5434 0.4702
vn 0.5460 0.8057 0.2294
vn -0.9805 -0.0446 0.1914
vn 0.7128 -0.6243 0.3196
vn 0.6581 0.7518 -0.0401
vn -0.3624 -0.9285 -0.0814
vn -0.0276 0.9658 -0.2579
vn -0.5644 0.8097 -0.1606
vn -0.1002 0.5264 -0.8443
vn -0.9765 -0.1134 0.1834
vn 0.6088 0.5035 -0.6130
vn 0.1912 0.2809 0.9405
vn -0.0667 0.8772 -0.4755
vn 0.0794 0.3661 -0.9272
vn -0.2919 0.8922 -0.3448
vn 0.6791 0.7261 -0.1076
vn -0.1582 0.9622 -0.2217
vn -0.8208 0.3331 0.4640
vn 0.7752 0.0300 0.6309
vn -0.1248 0.7758 0.6186
vn 0.9769 -0.0509 0.2074
vn 0.8557 -0.5055 0.1109
vn -0.7098 0.4686 0.5259
vn -0.8146 -0.5759 0.0687
vn -0.0259 0.9233 -0.3833
vn 0.1895 0.9763 -0.1046
vn -0.1430 0.9776 -0.1546
vn 0.0559 0.9754 0.2131
vn -0.8773 0.4064 0.2552
vn 0.2561 0.6605 -0.7058
vn 0.8725 0.2419 -0.4246
vn -0.3412 0.8070 -0.4820
vn 0.2969 0.8617 -0.4114
vn 0.9299 0.3354 0.1511
vn -0.3040 0.6387 -0.7069
vn 0.9919 0.1174 0.0490
vn 0.6810 -0.3345 -0.6514
vn -0.9727 -0.1920 0.1303
vn -0.9994 0.0072 -0.0352
vn 0.3887 -0.8728 0.2952
vn -0.0207 0.9969 -0.0760
vn 0.9852 -0.0013 0.1713
vn -0.3454 0.8412 0.4160
vn -0.9538 0.2996 -0.0218
vn 0.4694 0.8459 0.2532
vn -0.1336 -0.9525 0.2738
vn 0.2042 0.2581 0.9443
vn -0.3517 0.6231 0.6986
vn 0.7747 0.0522 0.6302
vn -0.0565 0.0207 0.9982
vn -0.8476 0.1293 -0.5147
vn -0.5579 0.6083 0.5646
vn -0.2080 0.1076 0.9722
vn -0.9268 -0.3746 0.0269
vn 0.4606 0.3506 0.8154
vn -0.0014 0.9935 0.1134
vn 0.0639 0.9785 -0.1961
vn 0.6167 -0.0235 0.7869
vn 0.9249 0.1023 0.3661
vn -0.7743 -0.0815 0.6276
vn 0.2660 0.2151 0.9397
vn 0.7170 0.0131 0.6970
vn -0.7225 0.4596 0.5165
vn 0.1215 0.9740 -0.1913
vn 0.0835 0.9941 0.0690
vn 0.7257 0.2986 0.6198
vn 0.9703 0.2417 0.0126
vn -0.3137 0.4923 -0.8120
vn 0.9855 -0.1094 0.1299
vn 0.0951 0.4362 -0.8948
vn 0.7117 0.5729 -0.4065
vn -0.0549 0.9565 -0.2865
vn -0.9866 0.0748 0.1447
vn 0.8364 0.1661 -0.5223
vn -0.7903 0.1143 0.6019
vn 0.9193 0.3873 0.0702
vn 0.4131 0.6742 -0.6122
vn 0.7152 -0.5757 0.3963
vn -0.9095 -0.4053 0.0928
vn -0.0824 0.9650 -0.2490
vn 0.2665 0.4777 -0.8371
vn -0.0181 -0.3716 0.9282
vn -0.0418 0.9061 -0.4209
vn -0.1813 0.4090 0.8943
vn 0.2773 0.9604 -0.0256
vn -0.9866 -0.1193 0.1110
vn 0.4960 0.7922 0.3556
vn -0.0458 0.9654 -0.2567
vn 0.0625 0.9939 -0.0911
vn -0.0567 0.8459 -0.5303
vn 0.5134 0.7717 0.3754
vn -0.0498 0.9888 -0.1407
vn -0.0800 0.9886 -0.1278
vn -0.0169 0.9890 -0.1471
vn -0.1052 0.9934 0.0450
vn 0.0168 0.9891 -0.1463
vn 0.0280 0.9648 -0.2614
vn -0.8298 0.0374 0.5569
vn 0.9218 -0.3874 0.0145
vn -0.0532 0.7004 -0.7117
vn 0.2776 -0.7426 0.6095
vn 0.0993 0.9538 -0.2834
vn -0.5890 0.7878 0.1801
vn 0.1943 0.0568 0.9793
vn -0.9540 0.1712 -0.2460
vn 0.5543 0.7875 0.2693
vn 0.5386 0.2732 -0.7971
vn -0.1060 0.9883 -0.1098
vn 0.8593 0.5078 0.0607
vn -0.0282 -0.8489 0.5279
vn -0.5298 0.8403 0.1148
vn 0.1321 0.6069 -0.7837
vn -0.8889 0.3506 0.2949
vn 0.1046 0.9886 -0.1084
vn 0.0810 0.9661 -0.2451
vn 0.1283 0.9877 -0.0891
vn -0.0082 0.9998 0.0185
vn -0.6497 0.5963 0.4715
vn -0.3522 0.7987 0.4878
vn 0.8046 0.4167 0.4230
vn 0.3553 0.8167 -0.4548
vn 0.0600 -0.1199 0.9910
vn -0.9019 -0.1030 -0.4194
vn 0.2386 0.9711 0.0089
vn -0.0212 -0.0714 0.9972
vn -0.6163 0.7873 0.0177
vn -0.7464 0.0028 0.6655
vn -0.7458 -0.3526 0.5652
vn -0.8790 -0.4361 0.1928
vn -0.3351 0.7534 0.5658
vn 0.9479 0.1672 -0.2711
vn -0.6709 0.7253 -0.1540
vn -0.7738 0.0325 0.6326
vn -0.3853 0.9026 -0.1922
vn 0.1141 0.9740 -0.1958
vn -0.3826 0.9005 -0.2066
vn 0.0439 0.9165 -0.3977
vn -0.8463 0.2029 0.4925
vn 0.2850 -0.8731 -0.3956
vn -0.0548 0.8619 -0.5041
vn 0.7704 0.6345 0.0627
vn 0.1430 0.9776 -0.1546
vn -0.1270 0.9681 -0.2159
vn -0.8504 0.3350 -0.4056
vn -0.8762 0.4742 -0.0858
vn 0.0533 0.9862 -0.1565
vn 0.0135 0.9663 -0.2570
vn 0.0145 0.9890 -0.1471
vn 0.1757 -0.6137 0.7697
vn -0.0144 0.9891 -0.1467
vn -0.9046 0.1750 -0.3886
vn -0.3465 0.9286 -0.1331
vn -0.0248 0.8301 -0.5571
vn -0.0156 0.9114 -0.4112
vn 0.4555 0.5404 0.7075
vn 0.1882 0.4664 -0.8643
vn -0.6040 0.4645 0.6476
vn -0.0485 0.9686 -0.2437
vn 0.9792 0.0315 0.2004
vn -0.0714 0.9890 -0.1293
vn -0.4325 0.8986 -0.0735
vn -0.1105 0.7106 -0.6949
vn -0.0101 0.8743 -0.4853
vn -0.0765 0.9731 -0.2172
vn -0.1032 0.5586 -0.8230
vn 0.3048 0.9343 -0.1848
vn -0.1255 0.9739 -0.1892
vn -0.1345 0.4832 -0.8651
vn -0.6538 0.0801 0.7524
vn -0.0390 0.9937 0.1054
vn -0.0694 0.5379 0.8402
vn -0.7953 0.6056 0.0283
vn -0.5959 -0.1184 -0.7943
vn -0.9462 0.1675 -0.2768
vn -0.6259 0.1647 0.7623
vn 0.1135 0.9848 -0.1317
vn -0.5887 0.5009 0.6344
vn 0.9622 0.2706 0.0310
vn -0.8780 0.0775 0.4723
vn -0.9242 0.2830 0.2563
vn -0.9130 0.4058 0.0415
vn 0.2756 0.4327 -0.8584
vn -0.0190 0.9648 -0.2625
vn -0.1313 0.2854 0.9494
vn -0.9764 0.2156 0.0103
vn 0.6605 0.1418 0.7373
vn 0.0860 0.9694 -0.2301
vn -0.0247 0.4623 -0.8864
vn 0.0606 0.5616 -0.8252
vn -0.5444 0.5357 0.6454
vn -0.4583 0.8673 0.1944
vn 0.2420 0.3188 0.9164
vn 0.0537 0.9689 -0.2414
vn -0.7741 0.0123 0.6329
vn 0.0722 0.9888 -0.1306
vn 0.3136 0.6802 0.6626
vn -0.0156 0.9999 -0.0055
vn 0.5559 -0.6962 0.4541
vn -0.0548 0.7135 -0.6985
vn -0.5806 0.0168 0.8140
vn 0.9193 0.3903 -0.0499
vn -0.8154 0.5758 0.0595
vn -0.9755 -0.1197 0.1846
vn 0.1055 0.5375 -0.8366
vn 0.9315 0.0599 -0.3589
vn 0.2409 -0.9702 0.0279
vn 0.5377 0.8249 -0.1742
vn -0.9959 0.0900 0.0045
vn 0.9850 0.1696 0.0319
vn 0.0942 0.9847 -0.1464
vn -0.2545 0.1088 0.9609
vn 0.9860 -0.1059 0.1290
vn -0.3898 0.9190 -0.0592
vn -0.1386 0.4586 -0.8778
vn -0.9814 0.1340 0.1373
vn 0.9703 0.1569 -0.1841
vn 0.9193 0.1679 -0.3560
vn -0.0186 0.9997 0.0138
vn 0.0867 0.9529 -0.2905
vn -0.3291 0.7841 0.5261
vn -0.0899 0.2745 0.9574
vn 0.9247 -0.2589 0.2792
vn 0.1206 0.9371 0.3277
vn -0.1366 0.8057 0.5764
vn 0.1795 0.9761 -0.1226
vn 0.5267 -0.4373 0.7290
vn -0.8571 -0.0545 -0.5122
vn 0.7009 -0.7127 0.0272
vn 0.9832 0.1472 -0.1077
vn -0.7766 0.1987 -0.5979
vn -0.7229 0.0922 0.6848
vn -0.0756 0.9831 -0.1667
vn 0.5764 -0.4011 0.7120
vn 0.5010 -0.7696 0.3959
vn 0.2476 -0.1338 0.9596
vn 0.2512 0.9596 -0.1266
vn 0.0045 0.6867 0.7269
vn -0.9947 0.0504 0.0894
vn 0.2024 0.9628 -0.1791
vn -0.9813 -0.1903 0.0273
vn -0.9936 -0.0607 -0.0952
vn -0.8083 0.4958 -0.3174
vn -0.1783 0.3526 0.9186
vn -0.2546 0.8491 -0.4628
vn -0.6862 -0.7271 0.0198
vn -0.8986 -0.4325 0.0736
vn 0.9329 0.3193 -0.1667
vn 0.2011 0.4383 0.8761
vn 0.0119 0.6519 -0.7582
vn 0.0433 0.9889 -0.1419
vn -0.9925 0.0200 0.1210
vn -0.0520 0.4044 -0.9131
vn 0.1176 0.3287 0.9371
vn -0.5920 -0.6898 0.4167
vn 0.9728 0.1824 0.1425
vn 0.3937 0.9154 -0.0840
vn -0.1476 0.1268 -0.9809
vn 0.7300 -0.5958 0.3349
vn -0.0099 0.9051 -0.4250
vn 0.9897 -0.0319 0.1398
vn -0.6614 -0.4801 -0.5762
vn -0.1798 -0.2977 -0.9376
vn 0.3499 -0.9099 0.2229
vn 0.9936 -0.0765 0.0828
vn 0.3112 0.9326 -0.1829
vn -0.9785 -0.0685 0.1947
vn 0.0844 0.1009 0.9913
vn 0.0695 0.8596 -0.5062
vn 0.2123 0.2865 0.9343
vn -0.3595 -0.3974 0.8443
vn -0.7703 0.6376 -0.0081
vn -0.0455 0.7107 -0.7020
vn 0.8143 0.2099 0.5411
vn -0.4969 0.7950 -0.3478
vn 0.1234 0.9768 -0.1748
vn -0.6431 0.7657 0.0088
vn 0.2275 0.4439 -0.8667
vn -0.1832 -0.0167 0.9829
vn -0.2130 -0.9690 0.1251
vn 0.3228 0.9117 -0.2541
vn -0.1096 0.5567 -0.8234
vn 0.9566 0.2724 0.1038
vn -0.9540 -0.2587 0.1514
vn -0.9898 -0.0746 0.1215
vn -0.8147 -0.0638 0.5763
vn -0.1560 0.9768 -0.1467
vn -0.2394 0.9566 -0.1663
vn -0.2647 0.9436 -0.1987
vn -0.2701 -0.0151 0.9627
vn -0.9982 0.0581 -0.0126
vn 0.0705 0.9824 -0.1727
vn 0.9513 0.3039 -0.0511
vn -0.3545 -0.9350 0.0134
vn -0.3438 0.9361 0.0744
vn 0.0722 0.4939 -0.8665
vn -0.9858 0.0470 0.1612
vn -0.9120 0.4101 0.0092
vn 0.6371 0.7560 -0.1503
vn 0.0707 0.9850 0.1573
vn 0.3736 0.3420 -0.8622
vn 0.0308 -0.6636 0.7475
vn 0.6390 0.1682 -0.7505
vn 0.4151 0.0566 0.9080
vn -0.4292 -0.1065 -0.8969
vn -0.9865 -0.0956 -0.1327
vn 0.4473 0.2346 -0.8631
vn 0.6326 -0.0468 0.7731
vn -0.4101 0.8586 0.3077
vn -0.7303 -0.5575 -0.3946
vn -0.6225 0.2418 -0.7444
vn 0.1739 0.5637 -0.8075
vn 0.2600 0.9552 -0.1411
vn -0.8510 -0.4854 0.2004
vn 0.8881 -0.3542 0.2931
vn 0.3110 0.6877 0.6560
vn -0.4916 0.8657 -0.0939
vn 0.6994 0.0277 0.7142
vn -0.3257 0.1782 0.9285
vn -0.4746 0.8717 0.1223
vn -0.7864 0.1819 0.5903
vn 0.2597 0.9521 -0.1615
vn 0.4447 0.2330 -0.8649
vn 0.9876 0.1050 0.1165
vn 0.8121 -0.5091 0.2852
vn 0.0786 0.3533 0.9322
vn -0.2676 0.8659 -0.4226
vn -0.0910 0.5896 0.8026
vn -0.0378 0.6466 0.7619
vn -0.8470 0.3399 -0.4086
vn 0.8228 -0.5214 0.2262
vn -0.1019 0.2849 0.9531
vn 0.8569 -0.4424 0.2646
vn 0.0104 0.9923 -0.1237
vn -0.5488 0.7768 -0.3089
vn -0.2962 0.8784 -0.3751
vn -0.4227 0.8770 -0.2285
vn -0.9829 0.1837 -0.0156
vn 0.2204 0.9666 -0.1307
vn 0.0377 0.8394 -0.5422
vn -0.5869 0.7930 -0.1635
vn 0.1021 0.8583 -0.5028
vn 0.5452 -0.6747 0.4976
vn -0.0867 0.1192 -0.9891
vn 0.9956 0.0023 0.0941
vn 0.2031 -0.7911 0.5769
vn -0.9953 0.0387 0.0888
vn 0.6868 0.0015 0.7268
vn 0.2973 0.9413 -0.1596
vn -0.4407 0.8866 0.1401
vn -0.7547 -0.1000 0.6484
vn -0.1351 0.0718 -0.9882
vn 0.0919 0.9340 -0.3453
vn -0.8232 0.5286 -0.2074
vn -0.0615 0.9955 -0.0728
vn 0.0612 0.1945 0.9790
vn 0.4136 0.8868 -0.2062
vn -0.6558 -0.7456 0.1184
vn -0.1444 0.1716 0.9745
vn 0.2797 0.4964 0.8218
vn -0.9942 0.1079 -0.0027
vn 0.2683 0.9611 0.0661
vn 0.9302 0.0395 -0.3649
vn 0.8326 0.5114 -0.2126
vn 0.8212 0.5703 0.0206
vn -0.8895 0.3585 0.2835
vn -0.9658 0.2512 0.0642
vn -0.7939 -0.0692 0.6042
vn -0.9936 0.1093 0.0285
vn 0.8322 0.2116 -0.5125
vn -0.9997 -0.0058 0.0219
vn 0.7475 -0.0069 0.6643
vn -0.3238 0.9188 -0.2255
vn -0.8432 -0.5353 -0.0494
vn -0.0705 0.6656 -0.7429
vn 0.3398 0.9161 0.2130
vn 0.3261 -0.7916 0.5168
vn -0.1144 0.9922 0.0495
vn 0.9674 0.0433 0.2495
vn -0.7097 0.2746 0.6488
vn 0.7046 0.6946 0.1452
vn -0.6817 -0.6806 0.2685
vn 0.0808 -0.9873 0.1370
vn 0.1946 0.4883 -0.8507
vn 0.9258 0.3682 -0.0855
vn 0.0737 0.8561 -0.5116
vn 0.9760 -0.1957 0.0954
vn -0.1722 0.9707 -0.1675
vn 0.2537 0.9552 -0.1526
vn -0.4159 0.8957 -0.1575
vn -0.0030 -0.3077 0.9515
vn -0.2037 0.9690 -0.1397
vn -0.1731 0.9647 -0.1986
vn -0.2230 -0.0724 -0.9721
vn 0.4377 0.2382 -0.8670
vn -0.0954 0.9915 -0.0884
vn -0.7728 0.6259 -0.1053
vn 0.8324 0.0704 0.5497
vn 0.4446 0.2334 -0.8648
vn 0.0118 0.5296 -0.8482
vn 0.6245 0.7779 -0.0700
vn -0.5359 0.5221 0.6636
vn 0.8842 -0.4239 0.1963
vn -0.9792 -0.0242 -0.2014
vn -0.3103 -0.8540 0.4177
vn 0.3097 -0.9373 0.1601
vn 0.8407 0.4696 0.2697
vn -0.2708 0.5195 0.8104
vn -0.2241 0.7173 0.6598
vn -0.1714 0.9733 -0.1529
vn -0.0225 0.9967 -0.0776
vn -0.1938 0.3279 0.9246
vn -0.1536 0.9851 -0.0770
vn 0.8514 0.5067 -0.1352
vn 0.2425 0.9627 0.1204
vn 0.2035 0.9701 -0.1326
vn 0.1253 0.9820 -0.1416
vn 0.5388 0.5305 0.6545
vn -0.0687 0.3879 0.9192
vn 0.5253 0.1071 -0.8441
vn -0.9980 -0.0022 -0.0624
vn 0.2363 0.4541 -0.8590
vn -0.0952 -0.9775 0.1884
vn -0.6723 0.4491 0.5885
vn 0.8758 -0.1481 -0.4594
vn -0.9883 -0.0477 0.1452
vn -0.9227 -0.3490 -0.1635
vn 0.9532 0.0891 0.2889
vn 0.0304 -0.0302 0.9991
vn -0.5027 0.8429 -0.1918
vn 0.5178 -0.1668 0.8391
vn 0.3198 -0.1734 0.9315
vn -0.9379 -0.2815 -0.2025
vn -0.0021 0.0585 0.9983
vn -0.6272 0.7558 -0.1882
vn -0.4402 -0.7536 0.4882
vn 0.9607 -0.1473 0.2355
vn -0.7161 -0.6734 0.1838
vn -0.7553 -0.6007 -0.2621
vn -0.7144 0.2210 0.6639
vn 0.6908 -0.7095 0.1394
vn -0.0238 0.4637 -0.8856
vn 0.7571 -0.6483 0.0808
vn -0.4038 0.9009 -0.1590
vn 0.6222 0.7813 -0.0492
vn 0.0628 0.8281 -0.5570
vn -0.2304 0.0189 0.9729
vn -0.4820 0.8608 -0.1636
vn -0.6031 0.7671 -0.2186
vn 0.2878 -0.8055 0.5180
vn 0.9591 0.2824 0.0194
vn -0.8708 0.4855 -0.0774
vn -0.0206 0.9968 -0.0768
vn -0.9814 0.1765 0.0752
vn 0.1834 0.9738 -0.1342
vn -0.8488 -0.4844 0.2121
vn 0.9670 0.2540 0.0193
vn 0.3487 0.3478 -0.8703
vn -0.8265 -0.5182 0.2199
vn 0.5993 0.0376 0.7997
vn 0.0616 0.6566 -0.7517
vn 0.3122 0.9155 -0.2538
vn 0.1115 0.5552 -0.8242
vn -0.4329 -0.8565 0.2811
vn -0.3125 0.9321 -0.1829
vn 0.4487 0.2874 -0.8462
vn 0.2491 0.8776 -0.4096
vn -0.8296 0.0247 0.5578
vn -0.5292 0.8338 -0.1577
vn 0.7064 -0.7078 0.0039
vn 0.4103 0.0171 0.9118
vn -0.0429 0.9891 -0.1408
vn 0.7695 -0.5161 -0.3762
vn -0.9509 0.3093 0.0129
vn 0.3248 0.8551 0.4042
vn -0.7117 -0.6345 0.3014
vn 0.2899 -0.9396 -0.1823
vn 0.1110 0.6526 0.7495
vn 0.2910 0.7841 -0.5482
vn 0.9642 0.2582 -0.0598
vn -0.8817 -0.4099 0.2337
vn 0.6827 0.6008 0.4159
vn 0.4094 0.2519 -0.8769
vn 0.2051 0.4198 -0.8842
vn -0.7863 0.1818 0.5905
vn 0.0505 0.9799 -0.1927
vn -0.0930 0.8221 -0.5617
vn 0.0108 0.6490 -0.7607
vn 0.0209 0.1894 0.9817
vn 0.3977 0.9133 -0.0873
vn 0.3618 -0.9269 0.0997
vn -0.9776 -0.1651 0.1304
vn -0.8495 0.5218 -0.0780
vn 0.2655 0.2408 0.9336
vn -0.5846 -0.5498 -0.5967
vn -0.0499 0.9966 -0.0652
vn 0.9911 0.1253 -0.0454
vn 0.8589 0.4961 -0.1271
vn -0.3378 0.9234 -0.1823
vn 0.0827 0.2525 0.9641
vn 0.9730 0.1824 0.1417
vn -0.9052 0.4236 -0.0343
vn -0.8661 0.4837 -0.1264
vn -0.2346 -0.9602 0.1518
vn -0.9914 0.1159 0.0613
vn -0.1529 0.2515 0.9557
vn 0.2282 -0.9706 -0.0766
vn -0.9991 -0.0305 0.0300
vn -0.3083 -0.6110 -0.7291
vn 0.9466 -0.2884 0.1444
vn 0.9941 0.0734 0.0796
vn -0.9934 -0.0800 0.0825
vn 0.9870 0.0179 0.1599
vn -0.6345 -0.7587 0.1474
vn 0.2281 0.9380 -0.2612
vn 0.2489 0.9335 -0.2580
vn -0.4142 0.8858 -0.2095
vn -0.9226 -0.3728 0.0994
vn -0.9253 -0.2686 0.2679
vn 0.9965 0.0299 0.0777
vn 0.1100 -0.9358 0.3350
vn 0.9999 0.0032 0.0131
vn -0.5995 -0.6893 0.4068
vn -0.7854 -0.4044 0.4686
vn -0.9930 0.0993 0.0634
vn -0.3987 0.9032 -0.1590
vn -0.2250 0.4431 0.8678
vn -0.0802 0.9646 0.2513
vn -0.1307 -0.0189 0.9912
vn 0.2727 0.9386 -0.2115
vn 0.9646 -0.1799 0.1927
vn -0.2033 -0.8538 0.4793
vn 0.0400 -0.0108 -0.9991
vn -0.4844 -0.0763 0.8715
vn -0.2357 0.1329 0.9627
vn 0.1632 0.7516 0.6391
vn -0.8461 -0.1890 0.4984
vn 0.8866 -0.4622 0.0156
vn -0.1530 0.9802 -0.1254
vn 0.3159 -0.2623 -0.9118
vn 0.8960 -0.3980 0.1968
vn -0.2043 -0.8525 0.4812
vn -0.9995 0.0245 -0.0204
vn 0.1396 0.6536 -0.7439
vn 0.7514 -0.2115 -0.6250
vn 0.7002 -0.6931 0.1713
vn -0.5635 0.8104 -0.1604
vn -0.0177 0.3452 0.9384
vn 0.2547 0.0763 0.9640
vn -0.9410 -0.2828 0.1859
vn -0.3006 0.9297 -0.2128
vn -0.9644 -0.1699 0.2026
vn 0.2431 0.9427 -0.2284
vn -0.2317 -0.8240 0.5171
vn 0.0608 0.7558 -0.6520
vn -0.4836 0.8575 -0.1757
vn 0.1563 0.4750 -0.8660
vn 0.4576 0.8785 0.1370
vn 0.6501 0.7509 -0.1165
vn 0.5929 -0.7751 0.2181
vn -0.4691 0.8786 0.0895
vn 0.2402 0.9500 -0.1993
vn -0.3480 0.9192 -0.1846
vn 0.8679 0.4234 0.2597
vn -0.9948 -0.0006 0.1023
vn 0.9771 -0.0541 0.2057
vn 0.0617 0.9767 -0.2056
vn 0.4138 0.0436 -0.9093
vn -0.4357 -0.8940 0.1044
vn 0.2063 0.9659 -0.1562
vn 0.4391 0.2507 0.8628
vn 0.8549 -0.2034 0.4773
vn 0.2112 -0.4252 0.8801
vn 0.0901 0.5541 -0.8276
vn 0.5648 0.8157 0.1247
vn -0.4444 0.8957 -0.0169
vn 0.9279 -0.2453 0.2809
vn -0.1560 0.1893 0.9695
vn -0.6263 0.5463 -0.5562
vn -0.9993 -0.0349 -0.0124
vn -0.3741 0.9000 -0.2239
vn 0.0368 0.9946 -0.0969
vn -0.3771 -0.1019 -0.9205
vn -0.9870 -0.1104 0.1167
vn -0.2024 0.5600 -0.8034
vn 0.6133 0.1221 0.7803
vn -0.9539 -0.1663 0.2497
vn -0.8755 -0.3590 -0.3234
vn -0.9357 0.2346 -0.2635
vn 0.9871 0.0159 0.1596
vn 0.3931 0.8916 -0.2249
vn 0.4421 0.5135 0.7355
vn -0.8846 0.0279 0.4654
vn 0.0168 0.9770 -0.2127
vn 0.7811 0.0227 -0.6241
vn -0.5498 0.8353 0.0041
vn -0.5762 -0.8142 0.0718
vn -0.9148 -0.3667 0.1694
vn -0.0413 0.9950 -0.0905
vn -0.0548 0.9946 -0.0885
vn 0.1009 0.9149 -0.3909
vn 0.9717 0.1779 0.1552
vn 0.9978 0.0124 -0.0654
vn -0.6959 0.4640 -0.5482
vn -0.4680 -0.6978 0.5423
vn 0.9328 -0.3586 -0.0362
vn -0.1170 0.4569 0.8818
vn 0.1120 0.7365 -0.6672
vn -0.0246 0.9934 -0.1117
vn -0.8746 -0.4552 0.1669
vn -0.2853 0.9409 -0.1823
vn 0.4274 -0.4039 0.8088
vn -0.4774 -0.0661 0.8762
vn 0.8697 0.0030 0.4936
vn 0.1250 0.2716 0.9542
vn 0.4825 0.8744 -0.0519
vn -0.6008 -0.1021 0.7928
vn 0.7569 0.6464 0.0961
vn 0.3532 0.9134 -0.2024
vn 0.9881 0.0859 0.1275
vn 0.7979 0.5988 0.0686
vn -0.6906 0.1477 0.7080
vn 0.7949 0.1322 -0.5922
vn 0.2705 0.9352 -0.2287
vn -0.0823 0.5019 -0.8610
vn -0.8874 0.3743 -0.2691
vn 0.1822 -0.9754 0.1245
vn 0.3913 0.2085 0.8963
vn 0.7800 -0.3387 -0.5262
vn 0.0009 0.8184 -0.5747
vn 0.4716 -0.5668 0.6756
vn 0.8128 0.0712 0.5782
vn 0.5654 0.1267 0.8150
vn 0.7199 -0.0699 0.6906
vn -0.2582 0.5077 -0.8219
vn 0.0503 0.9886 0.1418
vn 0.9918 0.0988 0.0810
vn 0.6004 0.1965 0.7752
vn -0.9863 0.1550 0.0567
vn -0.3350 -0.0582 0.9404
vn -0.7576 0.4320 -0.4894
vn -0.5498 0.8253 -0.1290
vn 0.8199 0.4723 -0.3235
vn -0.3659 0.7305 0.5766
vn -0.8338 0.3597 0.4188
vn -0.0685 0.6642 -0.7444
vn -0.6649 -0.7029 0.2526
vn -0.8527 0.5224 0.0010
vn -0.7272 -0.0837 -0.6813
vn 0.8808 0.3294 0.3403
vn 0.2406 0.8893 0.3890
vn 0.5679 -0.6836 0.4584
vn 0.4309 0.8701 0.2392
vn 0.8790 0.3261 -0.3477
vn -0.3859 0.6285 0.6753
vn 0.7046 -0.0310 0.7089
vn -0.0489 0.5689 -0.8210
vn 0.1585 0.9672 -0.1987
vn 0.8196 -0.5006 0.2785
vn -0.9462 0.3066 0.1038
vn 0.1463 0.5300 -0.8353
vn 0.9906 -0.1182 -0.0694
vn 0.6398 0.7679 0.0315
vn -0.5077 0.1465 0.8490
vn -0.8296 0.4524 0.3273
vn -0.6673 0.4076 0.6234
vn 0.9967 0.0052 0.0806
vn -0.3143 0.6818 0.6606
vn -0.1951 0.5686 -0.7991
vn 0.9879 -0.1546 -0.0105
vn 0.5161 0.8341 -0.1947
vn -0.8296 0.0783 0.5529
vn 0.5151 0.7835 0.3477
vn -0.0462 0.2759 0.9601
vn 0.1518 -0.3461 0.9258
vn 0.1942 0.8795 0.4344
vn -0.9853 0.1707 0.0030
vn -0.1631 0.9734 -0.1611
vn 0.7136 0.2169 0.6661
vn -0.8063 0.5907 0.0309
vn 0.7079 0.1319 0.6939
vn -0.5083 -0.6896 0.5158
vn 0.7014 -0.7118 0.0370
vn 0.2968 0.8992 0.3215
vn -0.7796 0.4324 0.4530
vn -0.0890 0.5580 0.8251
vn -0.9877 0.1562 -0.0055
vn -0.0344 0.2464 0.9686
vn 0.4532 0.2777 -0.8470
vn 0.1356 0.9749 0.1764
vn 0.7926 0.0565 0.6071
vn -0.5637 -0.7780 -0.2775
vn -0.8175 0.5674 -0.0989
vn -0.0303 0.4312 0.9017
vn -0.4090 -0.1951 0.8914
vn 0.4566 0.2256 0.8606
vn -0.1571 0.9867 -0.0428
vn -0.1927 0.4044 -0.8940
vn -0.9738 0.1384 0.1806
vn 0.2283 0.3773 0.8975
vn -0.9620 0.1993 0.1867
vn -0.9879 0.0932 0.1242
vn -0.5779 0.0196 0.8158
vn 0.4917 0.0856 0.8665
vn 0.8606 0.5093 -0.0081
vn 0.5323 0.2424 0.8111
vn 0.8377 0.3677 0.4038
vn 0.1649 0.9740 0.1552
vn 0.8602 0.5083 -0.0413
vn -0.1347 0.3443 -0.9291
vn 0.1704 0.9850 0.0278
vn 0.7642 0.6433 0.0464
vn 0.0439 0.2694 0.9620
vn 0.6094 0.5439 0.5768
vn 0.1883 0.1204 0.9747
vn -0.6223 0.5039 0.5990
vn 0.0536 0.9040 -0.4242
vn -0.0293 -0.2451 -0.9691
vn 0.1263 0.9915 0.0312
vn 0.4375 -0.0325 0.8986
vn 0.9781 0.0695 -0.1960
vn 0.9794 -0.0230 0.2008
vn -0.0554 0.9960 -0.0707
vn 0.0818 0.9803 -0.1797
vn -0.2326 0.3828 0.8941
vn -0.2217 0.4716 0.8535
vn -0.8169 0.5734 -0.0613
vn -0.4256 0.3294 -0.8428
vn -0.9793 0.1984 0.0403
vn 0.0012 0.9892 -0.1465
vn -0.3164 0.8856 0.3400
vn -0.9103 0.3436 0.2308
vn -0.7351 0.5221 0.4326
vn 0.4192 0.0564 0.9061
vn -0.9718 0.0948 -0.2161
vn 0.9233 0.1963 0.3302
vn 0.5717 0.6863 0.4496
vn -0.6997 -0.7143 -0.0146
vn -0.1627 0.3944 -0.9044
vn -0.0791 0.0215 0.9966
vn 0.9631 0.2541 -0.0883
vn -0.1069 0.7163 -0.6895
vn -0.9758 0.0863 0.2011
vn 0.4148 0.6732 -0.6122
vn 0.0046 0.4299 0.9029
vn -0.2383 0.9571 0.1651
vn 0.9039 0.0466 -0.4252
vn -0.8361 0.3876 0.3881
vn -0.2162 0.5825 -0.7835
vn -0.9455 -0.3230 -0.0410
vn -0.2467 0.5076 0.8255
vn 0.2033 0.7358 0.6459
vn -0.9760 0.0888 0.1990
vn 0.9211 0.3722 0.1144
vn -0.2052 0.6858 -0.6983
vn -0.3350 0.2543 0.9073
vn 0.9336 0.3523 0.0654
vn -0.9271 0.1969 -0.3190
vn -0.9468 0.0668 0.3149
vn 0.9462 0.1781 -0.2703
vn 0.5031 -0.2415 0.8298
vn 0.9619 0.2708 0.0368
vn -0.9886 0.0785 0.1287
vn 0.3893 0.7788 -0.4918
vn 0.4134 0.1154 -0.9032
vn 0.6376 0.6842 0.3542
vn -0.7452 0.3317 0.5785
vn 0.9665 0.0603 0.2493
vn 0.5917 0.1124 -0.7983
vn -0.7384 0.2462 0.6278
vn 0.7547 0.0666 -0.6527
vn 0.2726 0.6140 -0.7407
vn -0.6462 -0.6064 0.4634
vn -0.8402 0.5403 -0.0469
vn -0.9957 0.0677 0.0637
vn 0.6773 -0.1861 0.7117
vn -0.1508 0.2238 -0.9629
vn -0.6530 -0.0567 0.7552
vn 0.7503 -0.6453 0.1437
vn -0.7235 0.6829 0.1015
vn 0.7692 0.0372 0.6379
vn -0.9976 0.0413 0.0555
vn 0.9083 -0.1201 -0.4007
vn 0.3123 0.8889 0.3352
vn 0.7864 0.1237 -0.6052
vn 0.5578 0.0257 0.8295
vn -0.2417 0.6573 0.7138
vn -0.8590 0.1258 0.4962
vn -0.2036 0.4977 -0.8431
vn 0.0353 0.9942 -0.1012
vn -0.1774 0.3683 -0.9126
vn 0.7781 -0.1213 0.6164
vn -0.7044 0.7088 0.0379
vn -0.2602 0.0238 0.9653
vn 0.6021 -0.0009 0.7984
vn -0.9962 -0.0055 0.0873
vn 0.8824 -0.3588 0.3044
vn -0.7141 0.0519 0.6981
vn -0.0607 0.9893 -0.1326
vn 0.9256 -0.3300 0.1851
vn 0.9643 0.2425 0.1067
vn -0.6378 0.0897 0.7650
vn 0.2622 -0.9624 0.0713
vn 0.9198 -0.0402 0.3904
vn -0.9755 0.1937 0.1045
vn 0.6855 0.0589 0.7257
vn -0.5872 0.7954 -0.1501
vn -0.1357 0.5459 -0.8268
vn 0.6140 0.7300 -0.3003
vn -0.8891 0.2819 0.3606
vn -0.0247 0.4622 -0.8864
vn -0.9838 0.1468 0.1028
vn -0.3137 0.4922 -0.8120
vn 0.8310 0.5288 0.1726
vn 0.6080 0.7493 -0.2624
vn -0.8285 0.0377 0.5587
vn -0.3412 0.6646 0.6647
vn 0.9381 0.3448 0.0335
vn -0.0965 0.4215 -0.9017
vn -0.1481 0.2499 0.9569
vn -0.1932 0.8111 0.5521
vn 0.7663 0.2391 0.5963
vn -0.3408 0.3304 -0.8801
vn -0.8082 0.0796 0.5835
vn 0.8112 0.5690 0.1353
vn 0.7057 0.0280 0.7080
vn 0.9007 -0.4049 0.1571
vn 0.8174 -0.3229 -0.4770
vn 0.9848 0.1472 -0.0918
vn 0.8626 0.1233 -0.4906
vn 0.7827 0.5644 -0.2624
vn -0.2316 0.4919 -0.8393
vn 0.2291 0.9377 -0.2613
vn 0.9684 0.2178 0.1214
vn 0.4149 0.2165 0.8838
vn -0.8930 -0.3986 0.2090
vn -0.0952 0.5178 -0.8502
vn 0.8053 0.1852 -0.5631
vn -0.9392 0.1220 0.3209
vn 0.8039 0.5909 0.0673
vn 0.8758 -0.3346 -0.3479
vn 0.2790 0.9169 0.2853
vn -0.9802 0.1841 0.0728
vn 0.8767 -0.3990 0.2687
vn -0.0476 0.9128 -0.4056
vn 0.0697 0.9784 -0.1946
vn 0.2959 0.9219 -0.2499
vn 0.9380 -0.0489 0.3431
vn -0.9326 0.1123 0.3430
vn -0.8822 0.4665 0.0642
vn 0.1229 0.9648 -0.2326
vn 0.3033 0.6157 0.7272
vn 0.2796 0.8745 0.3964
vn -0.6554 -0.4801 0.5830
vn -0.8810 -0.4483 -0.1510
vn -0.1944 0.3730 -0.9072
vn -0.7664 -0.0773 0.6377
vn 0.0538 0.5553 -0.8299
vn 0.2096 0.0792 0.9746
vn -0.3774 0.1454 0.9146
vn -0.2324 0.7745 0.5883
vn 0.6880 0.7108 -0.1464
vn 0.9889 0.1312 0.0699
vn 0.4490 0.2360 -0.8618
vn -0.0184 -0.3951 -0.9184
vn -0.0029 0.8728 -0.4882
vn -0.2755 0.9442 -0.1806
vn 0.3445 0.9225 -0.1743
vn -0.2559 0.9489 -0.1847
vn -0.9730 -0.2265 0.0437
vn -0.9597 0.2282 0.1641
vn 0.7971 0.5981 0.0827
vn -0.0652 0.7490 -0.6593
vn 0.8876 -0.4606 0.0096
vn 0.9998 0.0183 0.0055
vn -0.2249 0.1325 0.9653
vn 0.7417 -0.0149 0.6705
vn 0.4886 0.8184 0.3024
vn -0.9446 0.0563 0.3233
vn -0.9395 -0.0784 0.3335
vn -0.6556 -0.6302 -0.4159
vn -0.0895 0.6618 -0.7443
vn 0.9704 0.1565 0.1837
vn 0.7488 -0.0102 0.6628
vn 0.2121 0.4584 -0.8631
vn 0.9456 -0.0450 0.3221
vn -0.9683 0.0151 0.2493
vn 0.8314 0.4664 -0.3022
vn -0.3994 0.4432 0.8026
vn -0.7542 -0.0479 0.6548
vn -0.2778 0.9488 -0.1505
vn -0.3254 0.0943 0.9408
vn 0.0849 0.2337 0.9686
vn -0.7439 0.6677 0.0285
vn -0.0617 -0.9327 0.3554
vn 0.9399 -0.0155 0.3411
vn 0.7638 0.0590 -0.6428
vn 0.1177 0.3275 0.9375
vn 0.7841 0.6072 0.1285
vn 0.8353 0.4125 0.3635
vn 0.6978 -0.7058 0.1225
vn -0.9538 0.3006 -0.0038
vn 0.6922 -0.4459 0.5675
vn 0.3582 0.0868 -0.9296
vn 0.8324 0.1797 0.5243
vn 0.1840 0.7305 0.6577
vn -0.8408 -0.4223 0.3386
vn -0.9941 0.1080 -0.0014
vn -0.2985 0.9433 -0.1450
vn 0.2858 0.9537 -0.0938
vn 0.2355 -0.7594 0.6065
vn -0.0286 0.9975 -0.0641
vn 0.3255 0.0743 -0.9426
vn -0.5983 0.2795 0.7510
vn 0.9646 0.2400 0.1096
vn -0.0861 0.5734 -0.8148
vn 0.7813 0.0492 -0.6222
vn 0.8709 0.4864 -0.0701
vn -0.9955 0.0946 0.0085
vn 0.7936 -0.1175 0.5970
vn 0.2051 0.5307 -0.8224
vn 0.0911 0.9256 0.3675
vn -0.7479 0.5016 -0.4348
vn 0.2874 0.5224 -0.8028
vn -0.0918 0.2537 0.9629
vn -0.3624 0.7256 0.5849
vn 0.8817 0.4694 0.0472
vn -0.6325 -0.0330 0.7738
vn 0.5293 0.0455 0.8472
vn -0.1619 0.5442 0.8232
vn 0.3982 -0.0353 0.9166
vn -0.5972 0.8016 0.0291
vn -0.1008 0.3766 0.9209
vn -0.8687 0.4394 0.2286
vn 0.1281 0.9698 -0.2075
vn 0.8596 0.5043 -0.0822
vn -0.8584 0.1376 0.4943
vn 0.0019 -0.9191 0.3940
vn 0.9842 -0.0332 0.1742
vn 0.6842 0.7291 0.0175
vn 0.1384 0.7267 -0.6729
vn -0.9118 0.0217 -0.4101
vn -0.6904 0.6978 0.1912
vn -0.0009 0.9961 -0.0879
vn -0.9885 -0.0200 0.1497
vn -0.6559 -0.6788 0.3302
vn 0.2968 0.9354 -0.1920
vn 0.1851 0.7986 0.5727
vn -0.0890 0.3130 0.9456
vn 0.0658 0.8354 -0.5457
vn -0.7644 -0.4491 -0.4625
vn -0.5082 -0.8101 0.2925
vn 0.9569 0.1751 0.2317
vn 0.0964 0.2264 0.9693
vn -0.2043 -0.8528 0.4806
vn 0.9271 0.0179 0.3744
vn 0.7669 -0.0889 0.6356
vn 0.2944 0.3014 -0.9069
vn -0.8109 -0.0827 0.5793
vn 0.7868 -0.1634 0.5952
vn -0.4301 0.8889 -0.1576
vn 0.2993 0.2756 0.9135
vn -0.2277 -0.3371 0.9135
vn 0.0482 0.9803 -0.1918
vn 0.2649 0.1692 -0.9493
vn 0.9030 -0.3903 0.1796
vn 0.3750 -0.3824 0.8445
vn 0.1486 0.3175 0.9365
vn -0.2164 -0.3601 0.9075
vn -0.8250 -0.4270 -0.3703
vn -0.7922 -0.4367 0.4264
vn 0.3340 0.9412 0.0504
vn -0.7628 0.2010 0.6147
vn 0.0891 0.9938 0.0664
vn -0.7812 0.1714 -0.6003
vn 0.2768 -0.5109 0.8139
vn 0.6855 0.7025 -0.1915
vn -0.7637 0.6440 -0.0449
vn 0.0446 0.9971 -0.0618
vn -0.8710 -0.4474 0.2032
vn -0.6742 0.7206 -0.1621
vn 0.0043 0.6858 0.7278
vn 0.6398 0.2181 0.7370
vn -0.0738 0.9952 -0.0648
vn -0.1735 0.1238 -0.9770
vn 0.9387 0.2075 0.2753
vn -0.0676 0.7905 -0.6087
vn -0.5950 0.5339 0.6008
vn 0.2480 0.9586 -0.1403
vn -0.5717 0.6303 -0.5253
vn -0.9164 -0.3761 -0.1370
vn 0.9934 -0.0986 0.0580
vn -0.6616 0.2180 0.7175
vn -0.3351 0.9154 -0.2231
vn -0.9924 0.1044 0.0645
vn -0.2018 0.2644 -0.9431
vn -0.7950 -0.0832 0.6009
vn 0.7377 0.4429 -0.5095
vn 0.4152 0.8018 0.4298
vn -0.6933 0.4041 0.5966
vn 0.9804 -0.0650 0.1860
vn 0.2665 -0.9606 0.0790
vn -0.6788 0.7242 -0.1217
vn -0.8289 0.0380 0.5581
vn -0.0227 -0.8846 0.4657
vn -0.4883 0.8312 -0.2658
vn 0.2020 0.2897 0.9356
vn -0.6247 -0.5718 -0.5318
vn -0.6691 -0.4874 -0.5611
vn -0.8594 0.4196 0.2923
vn -0.0333 0.1015 0.9943
vn 0.3545 0.9332 -0.0594
vn -0.9843 -0.0414 0.1714
vn 0.2588 -0.4210 0.8693
vn -0.9686 0.2430 -0.0526
vn -0.8507 0.3405 0.4006
vn 0.9464 0.2863 0.1493
vn 0.9642 -0.1721 0.2018
vn 0.2430 0.9600 -0.1387
vn 0.5098 -0.6107 0.6059
vn -0.4333 -0.0015 -0.9012
vn -0.3264 0.4790 0.8149
vn 0.4468 0.5829 0.6787
vn -0.1229 0.9531 -0.2766
vn 0.6239 -0.7755 -0.0963
vn -0.9496 -0.1752 0.2599
vn 0.8969 0.4284 -0.1100
vn -0.1343 -0.3537 0.9257
vn 0.9855 -0.0167 0.1686
vn -0.9811 0.1913 -0.0279
vn -0.9262 -0.2697 0.2633
vn -0.2777 -0.1118 0.9542
vn -0.3642 0.2318 -0.9020
vn 0.5926 -0.0650 0.8028
vn 0.1032 0.7575 -0.6446
vn -0.8513 -0.4052 0.3333
vn 0.3114 0.6793 -0.6645
vn -0.8098 0.5838 0.0580
vn 0.4291 0.8794 -0.2061
vn 0.6747 0.0697 0.7348
vn 0.2924 -0.3560 0.8875
vn -0.0819 -0.9766 0.1990
vn 0.6857 0.3633 -0.6308
vn -0.3132 0.4927 -0.8119
vn 0.6280 -0.5286 0.5711
vn -0.9659 0.2539 0.0513
vn 0.9565 0.2725 0.1038
vn 0.1141 -0.0967 0.9888
vn 0.0855 0.9955 -0.0416
vn 0.3826 0.2994 -0.8740
vn 0.9360 0.3456 -0.0675
vn -0.9555 0.1973 0.2194
vn 0.1850 -0.3733 0.9091
vn 0.6527 -0.7527 0.0866
vn -0.1870 -0.2867 0.9396
vn -0.6049 0.3345 0.7226
vn -0.9601 -0.2293 0.1599
vn -0.8254 0.2856 0.4870
vn 0.8372 0.5428 0.0674
vn 0.9582 0.2442 -0.1490
vn -0.9901 -0.0146 0.1398
vn 0.1285 0.1938 0.9726
vn -0.0285 0.9698 -0.2423
vn -0.5513 0.8167 -0.1706
vn 0.8893 0.4449 0.1061
vn 0.9663 0.2527 0.0491
vn -0.2333 0.9205 -0.3135
vn -0.7532 -0.0068 0.6577
vn -0.1402 0.1771 0.9742
vn 0.5171 -0.6496 0.5574
vn -0.1099 -0.3014 -0.9471
vn -0.6555 0.7526 -0.0620
vn 0.1482 0.4017 -0.9037
vn 0.8171 0.0588 0.5734
vn -0.2608 0.5070 -0.8215
vn -0.8738 -0.0122 -0.4861
vn -0.9570 0.1865 0.2223
vn 0.1349 0.6112 -0.7799
vn 0.7769 0.0315 0.6288
vn -0.9841 0.1151 0.1352
vn -0.9795 0.1976 0.0397
vn -0.9775 0.2025 0.0594
vn 0.3255 -0.0321 0.9450
vn -0.7580 -0.0010 0.6523
vn 0.8950 0.1554 -0.4181
vn 0.9733 0.1682 0.1565
vn -0.9120 0.3216 0.2547
vn 0.9823 0.1695 0.0794
vn -0.7607 0.1250 0.6369
vn 0.0253 0.9521 0.3048
vn -0.8575 0.4227 0.2932
vn -0.4709 0.2074 0.8575
vn -0.5171 -0.4660 0.7180
vn 0.9599 0.1782 -0.2164
vn -0.3650 0.1218 0.9230
vn -0.0244 0.9934 -0.1117
vn 0.4565 0.3225 -0.8292
vn -0.9310 0.1073 0.3489
vn -0.4890 -0.2968 -0.8202
vn 0.0345 -0.5975 0.8011
vn 0.9452 0.2789 0.1697
vn 0.1569 0.2875 0.9449
vn -0.3145 -0.9490 -0.0212
vn 0.2290 -0.9498 0.2133
vn -0.5626 -0.3680 -0.7403
vn 0.9070 0.3215 0.2719
vn 0.0862 0.3067 -0.9479
vn -0.3502 -0.9363 -0.0280
vn 0.8922 0.0757 -0.4453
vn -0.2580 0.9510 -0.1704
vn 0.2045 -0.2921 0.9343
vn 0.1508 0.6803 -0.7172
vn -0.0079 0.8727 -0.4883
vn 0.8541 0.4380 0.2807
vn -0.7586 -0.0205 0.6513
vn 0.4082 0.3239 -0.8535
vn 0.1416 0.9801 0.1388
vn -0.3690 -0.0354 0.9287
vn -0.1537 0.0596 0.9863
vn -0.1180 0.9886 -0.0931
vn -0.0708 0.6679 -0.7409
vn 0.0309 0.2771 0.9604
vn -0.2930 0.7358 -0.6105
vn 0.6779 0.6478 -0.3475
vn -0.1904 0.3506 -0.9170
vn -0.7616 0.0629 0.6450
vn 0.6533 0.7568 0.0194
vn 0.8410 0.5400 0.0325
vn -0.5558 0.0172 0.8311
vn -0.7937 0.3223 0.5159
vn 0.0455 0.0435 0.9980
vn 0.3398 0.3071 -0.8890
vn -0.1925 -0.9293 0.3151
vn -0.2371 0.5033 0.8309
vn 0.6814 0.0444 0.7306
vn -0.4472 0.7566 0.4771
vn -0.4660 -0.7340 0.4941
vn -0.7202 0.6824 -0.1250
vn 0.4071 0.8023 0.4366
vn 0.9420 -0.1015 0.3200
vn -0.0686 -0.0617 0.9957
vn -0.6861 0.0857 0.7224
vn -0.5626 0.3564 -0.7460
vn -0.1601 0.4019 -0.9016
vn 0.8382 -0.5015 0.2142
vn 0.9803 0.1933 0.0400
vn 0.9256 -0.3108 0.2161
vn 0.8612 0.1504 -0.4855
vn -0.1624 -0.9248 0.3441
vn 0.1038 0.3001 0.9482
vn 0.8732 0.2245 -0.4326
vn 0.8271 0.3705 0.4225
vn -0.9029 -0.3977 0.1630
vn 0.9843 -0.1530 -0.0878
vn 0.9250 0.0507 -0.3765
vn -0.5068 0.7971 0.3283
vn -0.6038 -0.2378 -0.7609
vn -0.4768 -0.0662 0.8765
vn -0.2161 0.6632 0.7166
vn -0.9574 0.0779 -0.2782
vn -0.9884 0.1493 -0.0281
vn -0.9500 0.2724 0.1526
vn -0.6353 0.2012 0.7456
vn -0.9559 0.0584 0.2879
vn 0.1417 0.0899 0.9858
vn 0.4559 -0.0406 0.8891
vn -0.9858 0.1646 0.0324
vn 0.9451 0.3266 0.0056
vn 0.5871 -0.5662 -0.5785
vn 0.3353 0.3354 -0.8804
vn -0.9841 0.0924 0.1519
vn -0.7757 0.6168 0.1339
vn 0.9858 -0.0085 0.1674
vn 0.3894 0.6864 -0.6142
vn -0.9920 0.0457 0.1179
vn -0.7954 0.4288 0.4283
vn 0.8313 0.5538 0.0478
vn -0.8059 -0.0645 0.5886
vn 0.9552 0.1560 0.2517
vn 0.1970 0.5633 -0.8024
vn 0.9458 0.3073 -0.1054
vn 0.4140 0.2951 -0.8611
vn 0.3867 0.8611 0.3301
vn -0.9570 -0.0566 0.2845
vn 0.8543 0.0524 0.5172
vn 0.8359 0.2777 0.4735
vn 0.6331 -0.0435 0.7728
vn 0.1346 0.2808 0.9503
vn 0.9503 0.3026 -0.0732
vn -0.6978 0.4696 -0.5408
vn -0.9345 0.3021 0.1884
vn -0.1214 -0.2646 0.9567
vn -0.8152 -0.0790 0.5737
vn -0.9567 0.0119 0.2907
vn -0.1341 0.4826 -0.8655
vn -0.2719 0.9391 -0.2101
vn -0.8462 0.0253 0.5323
vn 0.7926 0.0522 -0.6074
vn -0.3074 0.7539 0.5807
vn 0.7413 0.0168 0.6710
vn -0.9230 0.2360 0.3040
vn 0.4104 0.3558 -0.8396
vn -0.9667 0.0218 0.2550
vn 0.8130 0.5814 -0.0334
vn -0.1226 0.0998 0.9874
vn -0.2054 0.2294 0.9514
vn 0.8183 0.5690 0.0815
vn -0.0184 0.7524 -0.6584
vn 0.8454 0.5341 -0.0067
vn 0.8808 0.4679 -0.0722
vn -0.4920 0.4291 0.7575
vn 0.4865 -0.1100 0.8668
vn 0.0306 0.9589 0.2822
vn 0.9967 0.0295 -0.0756
vn -0.4560 0.4008 0.7946
vn 0.2171 0.6589 -0.7202
vn -0.5731 0.1622 0.8032
vn -0.5056 0.0804 0.8590
vn -0.7628 0.6466 -0.0057
vn -0.8843 0.4607 -0.0756
vn 0.7319 0.0285 0.6808
vn -0.1303 0.9810 -0.1434
vn 0.0088 0.2961 0.9551
vn 0.8015 0.1745 -0.5720
vn -0.8359 -0.1049 -0.5388
vn 0.3269 0.9191 -0.2198
vn -0.5924 -0.6940 0.4091
vn -0.7308 0.6770 0.0876
vn 0.7933 0.6030 0.0838
vn 0.3963 0.8655 0.3064
vn -0.0576 0.9896 -0.1318
vn -0.7274 0.6831 0.0654
vn 0.8087 -0.0835 0.5823
vn 0.4061 0.0710 0.9111
vn 0.8568 0.4379 0.2721
vn 0.1480 0.6875 -0.7109
vn 0.8985 0.1223 0.4217
vn -0.7764 0.0294 0.6295
vn 0.8222 -0.0657 0.5654
vn -0.8244 0.3053 0.4766
vn -0.9729 0.1541 -0.1722
vn -0.9875 -0.1136 0.1089
vn -0.9320 0.3203 -0.1698
vn -0.7527 0.0023 0.6583
vn -0.1341 0.6809 -0.7200
vn -0.1174 0.9709 0.2088
vn 0.9731 0.1983 0.1174
vn 0.9061 0.3289 0.2660
vn 0.7695 0.5030 0.3934
vn 0.0308 0.3129 0.9493
vn -0.7849 0.2904 0.5473
vn 0.8673 0.1332 -0.4797
vn -0.0050 0.9824 -0.1865
vn 0.8564 -0.0432 -0.5146
vn -0.1980 0.9712 -0.1322
vn 0.2368 0.4517 -0.8602
vn -0.2668 0.1852 0.9458
vn 0.1110 -0.0185 0.9937
vn -0.9034 0.3468 0.2521
vn 0.9959 0.0530 -0.0727
vn 0.9702 0.0899 0.2248
vn 0.7765 0.0612 0.6271
vn 0.4668 0.2228 -0.8558
vn -0.8527 -0.4143 0.3182
vn -0.0355 0.9699 -0.2411
vn -0.9959 0.0139 0.0894
vn 0.2505 0.4200 -0.8723
vn -0.5039 0.7696 -0.3921
vn -0.9109 0.0362 0.4111
vn -0.8132 -0.0606 0.5788
vn 0.2072 0.5161 -0.8311
vn -0.8542 -0.4315 0.2899
vn -0.2148 0.5071 0.8347
vn 0.7046 0.0334 0.7088
vn -0.7294 -0.0503 0.6823
vn 0.5079 0.7144 -0.4813
vn 0.9263 -0.2311 0.2976
vn -0.0120 0.6576 -0.7533
vn 0.2476 0.3449 -0.9054
vn -0.8492 0.3104 0.4272
vn 0.2057 0.4342 -0.8770
vn -0.9525 0.3022 0.0381
vn -0.7236 0.3398 0.6007
vn 0.6392 0.0202 0.7688
vn -0.0234 0.8206 -0.5710
vn -0.4410 0.8849 0.1501
vn 0.8002 0.5950 0.0757
vn 0.5910 0.2651 -0.7619
vn 0.1861 0.6722 -0.7166
vn -0.2720 -0.2819 -0.9201
vn 0.8504 -0.0405 0.5246
vn -0.8169 0.4528 0.3574
vn 0.4134 0.2790 -0.8667
vn -0.8379 0.5022 0.2137
vn -0.2296 0.9093 -0.3471
vn 0.3881 0.2264 0.8934
vn 0.9516 -0.1044 0.2892
vn 0.3314 0.6467 0.6870
vn 0.5312 0.5019 -0.6826
vn 0.2490 0.3355 0.9086
vn 0.7153 0.6187 0.3248
vn -0.1903 0.4092 0.8924
vn 0.7750 0.0005 0.6320
vn 0.4620 0.4027 -0.7902
vn -0.9294 0.3653 0.0520
vn -0.9180 0.3732 0.1339
vn -0.0465 0.9925 -0.1131
vn -0.4446 0.7292 -0.5201
vn -0.2852 0.3910 0.8751
vn 0.6026 0.6277 0.4928
vn 0.9550 -0.1087 0.2758
vn 0.8621 -0.1205 0.4922
vn -0.1871 0.6399 -0.7453
vn 0.7380 -0.0624 0.6719
vn 0.8117 -0.5822 0.0469
vn -0.3751 0.9257 -0.0483
vn -0.2041 0.9483 -0.2430
vn 0.7852 0.0690 -0.6154
vn 0.0047 0.4775 -0.8786
vn 0.9006 0.0957 -0.4241
vn -0.3549 0.9245 -0.1394
vn 0.9675 0.2510 -0.0298
vn -0.0560 0.4901 -0.8699
vn 0.1788 0.5710 -0.8012
vn 0.8615 0.4996 -0.0908
vn -0.3030 0.7597 0.5754
vn 0.0969 0.8424 -0.5301
vn 0.1331 -0.4748 -0.8700
vn -0.9428 0.3252 0.0729
vn 0.7763 0.0326 0.6296
vn -0.2407 0.8794 -0.4108
vn 0.2133 0.9590 -0.1866
vn -0.3119 -0.2760 0.9091
vn -0.4314 0.2609 0.8636
vn -0.9527 0.2490 -0.1740
vn -0.9399 0.3409 -0.0198
vn -0.8922 0.1810 0.4139
vn -0.1656 0.9427 0.2897
vn -0.6921 -0.6694 -0.2702
vn 0.8848 -0.4559 0.0960
vn -0.7186 0.6817 0.1371
vn -0.6360 0.7717 -0.0101
vn -0.9423 0.3028 0.1425
vn 0.4708 -0.0965 0.8770
vn 0.8047 -0.1431 0.5762
vn 0.7477 0.5153 0.4189
vn -0.9839 0.1455 0.1036
vn -0.8434 0.2106 0.4942
vn 0.3512 0.6428 0.6808
vn 0.7501 -0.0155 0.6611
vn 0.7180 0.0629 0.6932
vn 0.9494 -0.2333 0.2102
vn 0.9944 -0.0690 0.0802
vn 0.7162 0.0337 0.6971
vn 0.3660 0.8968 0.2484
vn -0.9112 0.0661 0.4066
vn -0.7747 0.0824 0.6270
vn -0.6560 0.1098 0.7467
vn -0.8290 0.0378 0.5580
vn 0.6967 0.0254 0.7169
vn 0.7773 0.1602 0.6084
vn 0.9090 0.4167 -0.0020
vn -0.9863 0.0678 0.1503
vn -0.2397 0.8874 -0.3938
vn 0.7528 0.0800 -0.6534
vn 0.8761 0.3485 0.3333
vn 0.3764 0.2290 0.8977
vn -0.2932 0.4592 0.8385
vn -0.6960 0.3578 -0.6225
vn 0.7493 -0.0617 -0.6594
vn -0.9310 0.2472 0.2685
vn -0.1307 0.2123 0.9684
vn -0.4993 0.1983 0.8434
vn 0.1394 0.9031 0.4063
vn 0.7141 0.1604 0.6814
vn -0.5855 0.1979 0.7861
vn 0.4481 0.2340 -0.8628
vn 0.3627 0.8830 -0.2979
vn -0.1819 -0.0151 0.9832
vn -0.6364 0.5425 0.5483
vn 0.6615 -0.0252 0.7495
vn -0.7707 -0.0318 0.6364
vn 0.6642 0.0475 0.7460
vn -0.0817 0.9832 0.1632
vn -0.2521 0.5074 -0.8240
vn -0.6495 0.0889 0.7552
vn -0.8254 0.0014 0.5645
vn 0.8228 0.1357 0.5519
vn 0.4346 -0.0444 0.8995
vn -0.1440 0.4413 -0.8857
vn -0.8518 0.2664 0.4511
vn -0.9577 0.0571 0.2819
vn -0.7356 0.0025 0.6774
vn 0.9722 0.2327 0.0261
vn 0.9761 0.0882 0.1988
vn 0.8647 0.3378 0.3718
vn 0.8797 0.1483 -0.4519
vn 0.4704 0.8120 -0.3457
vn -0.8318 0.0832 0.5487
vn 0.4135 0.6925 -0.5912
vn -0.2541 0.4775 0.8411
vn 0.7920 -0.0223 0.6102
vn 0.9572 0.1927 -0.2157
vn 0.2792 0.4968 0.8217
vn -0.9319 0.3364 0.1354
vn -0.1945 0.4521 -0.8705
vn -0.3730 0.1306 0.9186
vn -0.5357 0.8395 0.0915
vn -0.6824 -0.1261 -0.7200
vn -0.2329 0.5530 -0.8000
vn -0.4705 0.8824 -0.0075
vn 0.8183 0.5748 -0.0017
vn -0.1581 0.3676 -0.9164
vn 0.0077 0.8580 -0.5136
vn -0.8687 0.0712 0.4901
vn -0.1972 -0.0410 0.9795
vn 0.9881 0.1229 -0.0920
vn -0.0589 0.5629 -0.8244
vn -0.0809 0.9364 0.3415
vn 0.7799 0.0054 0.6259
vn -0.8490 0.4494 0.2777
vn -0.0462 0.9775 -0.2058
vn -0.7922 0.0237 0.6098
vn 0.7007 0.0244 0.7130
vn -0.8935 0.2176 0.3929
vn -0.0857 0.9754 0.2029
vn 0.9566 0.2912 -0.0079
vn 0.3619 0.2886 0.8864
vn 0.9759 -0.1738 0.1321
vn 0.6127 0.1229 0.7807
vn 0.8020 -0.1210 0.5850
vn 0.7032 0.0247 0.7106
vn 0.4808 0.7890 -0.3825
vn -0.3269 0.1946 0.9248
vn -0.7355 -0.0498 -0.6757
vn -0.6715 0.2566 0.6952
vn -0.4189 0.0355 0.9074
vn -0.7643 0.0701 0.6411
vn 0.0963 0.5707 -0.8155
vn 0.4437 0.3064 -0.8422
vn 0.7888 0.0185 0.6144
vn 0.7513 0.2466 0.6122
vn -0.1749 0.9820 0.0707
vn 0.7731 0.3918 0.4988
vn 0.7760 0.0337 0.6298
vn -0.0417 0.9203 -0.3891
vn -0.1405 0.5285 -0.8372
vn 0.7975 0.5976 0.0833
vn 0.9793 0.2002 0.0289
vn 0.5713 -0.0584 0.8187
vn -0.7511 0.6585 -0.0481
vn -0.8103 -0.0302 0.5853
vn -0.9353 0.2386 0.2614
vn -0.9452 0.1208 0.3033
vn 0.7010 0.0197 0.7129
vn -0.6012 0.5376 0.5912
vn -0.4110 0.1422 -0.9005
vn 0.3493 -0.8861 0.3047
vn -0.6850 0.3730 0.6259
vn -0.7127 0.0864 0.6961
vn 0.5265 0.5245 0.6691
vn -0.3012 -0.9185 0.2563
vn -0.9477 0.1289 -0.2921
vn 0.6848 0.0435 0.7274
vn -0.8391 -0.4186 0.3475
vn 0.9595 -0.2757 -0.0586
vn -0.0458 0.3119 0.9490
vn 0.1332 0.3090 -0.9417
vn 0.1238 0.0403 0.9915
vn -0.8825 0.4662 -0.0626
vn 0.3172 0.7945 -0.5178
vn 0.5264 0.8439 0.1033
vn 0.2241 0.7788 0.5859
vn 0.7672 0.0180 0.6412
vn -0.8689 0.0385 0.4936
vn 0.9076 -0.0765 -0.4127
vn -0.8941 0.4086 0.1836
vn 0.4290 0.2919 -0.8549
vn 0.8151 0.5707 0.0995
vn 0.9960 -0.0524 0.0729
vn 0.0026 0.5427 0.8399
vn 0.8297 0.5229 0.1954
vn 0.8183 0.4810 -0.3145
vn 0.9262 0.0154 0.3767
vn 0.1397 0.6870 -0.7131
vn 0.9932 0.1122 0.0301
vn -0.7787 0.0013 -0.6274
vn 0.7213 -0.0056 0.6926
vn 0.9929 0.0988 0.0659
vn -0.5946 0.1380 0.7921
vn -0.7401 0.0312 0.6718
vn -0.6588 0.3279 0.6771
vn 0.9951 0.0945 -0.0280
vn -0.2886 0.0897 0.9532
vn -0.2056 -0.5858 -0.7839
vn 0.9307 0.0726 0.3585
vn -0.5096 0.5422 0.6681
vn -0.9631 -0.1194 -0.2414
vn -0.9137 0.3815 -0.1400
vn -0.6459 0.7607 0.0639
vn -0.9663 0.2015 0.1602
vn -0.9862 0.0355 0.1616
vn -0.7230 0.0423 0.6896
vn -0.2532 0.8859 0.3887
vn 0.9539 0.1598 0.2540
vn 0.9984 -0.0346 0.0452
vn -0.3765 0.7746 -0.5081
vn 0.9621 0.2716 0.0240
vn 0.5025 0.6835 0.5294
vn -0.9750 0.1503 0.1639
vn 0.7809 0.6196 0.0798
vn 0.3689 0.0915 -0.9250
vn -0.7032 0.7022 -0.1119
vn -0.0097 -0.3826 0.9239
vn 0.7730 0.0204 0.6340
vn -0.7442 0.4410 0.5017
vn 0.4759 -0.3728 0.7966
vn 0.9374 -0.0464 0.3452
vn 0.8511 -0.4470 0.2753
vn -0.2416 0.4449 0.8624
vn 0.3347 0.8738 0.3527
vn 0.8772 -0.3021 -0.3733
vn -0.9662 0.0102 0.2577
vn 0.8765 0.0868 0.4735
vn 0.1654 0.0799 0.9830
vn 0.9947 0.0414 0.0937
vn 0.3174 0.1599 0.9347
vn 0.8078 -0.1128 0.5786
vn 0.1757 0.6506 -0.7388
vn 0.9830 0.1713 0.0654
vn 0.1322 0.9816 0.1377
vn -0.4889 -0.0514 0.8708
vn 0.4007 0.7882 0.4671
vn -0.8608 0.4425 0.2513
vn -0.3985 0.8950 -0.2005
vn -0.7460 0.6546 0.1224
vn 0.8853 0.0784 0.4584
vn -0.7521 0.6167 0.2324
vn 0.8492 -0.0394 0.5266
vn 0.7695 0.0284 0.6380
vn -0.9443 0.2670 0.1922
vn 0.5607 -0.3949 -0.7277
vn -0.7546 -0.4619 0.4662
vn -0.4214 0.8818 -0.2116
vn -0.8371 -0.0111 0.5470
vn 0.9679 0.1624 0.1919
vn 0.7121 0.0277 0.7015
vn -0.3291 0.9204 -0.2112
vn -0.2989 0.1318 0.9451
vn -0.9306 0.1006 -0.3521
vn 0.7482 -0.0409 0.6622
vn -0.1846 0.8605 -0.4748
vn -0.3758 -0.4088 -0.8317
vn 0.8412 0.0557 0.5379
vn -0.0632 0.9940 -0.0888
vn 0.7700 0.6191 -0.1543
vn 0.9595 0.0034 0.2818
vn 0.6442 -0.5773 0.5017
vn -0.9589 0.1218 -0.2563
vn 0.7884 0.1567 0.5948
vn 0.9162 -0.0688 0.3949
vn 0.9852 0.1519 0.0795
vn -0.2068 0.4042 0.8910
vn 0.5268 0.0180 0.8498
vn 0.8335 0.1297 -0.5371
vn 0.9521 0.2988 0.0649
vn 0.5261 0.0084 0.8504
vn 0.4256 0.8819 0.2029
vn 0.8060 -0.5485 0.2225
vn 0.9216 0.3387 0.1897
vn 0.8433 -0.1567 0.5141
vn -0.2583 -0.0676 0.9637
vn -0.9542 0.2989 -0.0086
vn 0.6806 -0.0731 0.7290
vn -0.9186 -0.0126 -0.3951
vn -0.3575 0.0123 0.9338
vn -0.9653 0.2046 0.1626
vn -0.9659 0.2257 -0.1266
vn 0.8554 0.4724 0.2124
vn -0.0261 0.4223 -0.9061
vn -0.9594 -0.1319 0.2492
vn -0.3698 0.1515 0.9167
vn -0.2996 0.9295 -0.2151
vn 0.7285 0.0336 0.6842
vn 0.9943 0.0851 -0.0645
vn -0.3111 0.9424 -0.1228
vn 0.7886 0.6017 0.1264
vn 0.7452 -0.1002 0.6592
vn 0.6751 -0.5624 0.4775
vn -0.1167 0.3761 0.9192
vn -0.7609 0.1212 0.6375
vn 0.5527 0.0353 0.8327
vn -0.9816 0.1546 -0.1123
vn 0.4637 0.2860 -0.8385
vn -0.9756 0.0864 0.2017
vn 0.7633 0.1337 0.6321
vn 0.0029 1.0000 -0.0038
vn 0.0365 0.3955 0.9178
vn 0.7238 0.2036 0.6592
vn -0.6448 0.0415 0.7633
vn -0.9285 0.1256 0.3494
vn -0.9429 0.1842 0.2774
vn -0.7317 0.1990 0.6519
vn -0.7365 0.6526 0.1783
vn -0.8994 0.2391 -0.3660
vn 0.4658 -0.1965 0.8628
vn -0.6928 0.1499 0.7054
vn 0.8100 -0.4152 -0.4142
vn 0.2610 0.7889 0.5563
vn -0.9621 0.2667 -0.0562
vn -0.3080 0.0679 0.9490
vn 0.8907 0.1406 -0.4323
vn 0.8361 0.5420 0.0839
vn 0.6738 0.0224 0.7386
vn 0.9941 -0.0731 -0.0800
vn 0.3479 0.0491 0.9362
vn 0.6384 0.0927 0.7641
vn -0.7959 -0.0211 0.6050
vn -0.9656 0.1189 0.2313
vn -0.0586 0.9897 0.1310
vn -0.7426 -0.0354 0.6688
vn 0.8853 0.1723 -0.4320
vn 0.7212 -0.0584 0.6903
vn 0.9939 -0.0709 0.0849
vn 0.9844 0.1564 0.0804
vn 0.9212 -0.3887 0.0169
vn -0.9146 0.2357 0.3286
vn 0.9479 0.3136 0.0551
vn -0.3716 -0.9283 0.0149
vn -0.9239 0.0795 0.3742
vn 0.7772 -0.3120 -0.5465
vn -0.0853 0.9632 0.2550
vn 0.7979 0.0433 0.6013
vn -0.9379 -0.0004 0.3470
vn 0.9747 -0.0747 -0.2105
vn 0.8622 0.4657 0.1996
vn -0.1687 0.9159 0.3643
vn 0.7348 0.3121 -0.6023
vn -0.0131 0.6464 -0.7629
vn 0.0881 0.4857 -0.8697
vn -0.2483 0.6093 0.7531
vn -0.9925 0.0885 -0.0840
vn 0.9617 -0.1814 0.2055
vn -0.0534 0.5683 -0.8211
vn -0.9143 0.1807 0.3625
vn 0.6247 0.6442 0.4413
vn 0.4678 0.1945 0.8621
vn 0.9331 0.3578 0.0350
vn 0.7591 0.6505 0.0274
vn -0.0908 0.1808 0.9793
vn -0.1121 0.4960 0.8610
vn -0.9536 0.0299 -0.2995
vn -0.7724 -0.0329 0.6342
vn 0.7629 0.0719 -0.6425
vn -0.1857 0.6448 0.7414
vn -0.8076 0.1478 -0.5709
vn 0.7660 0.4741 0.4341
vn 0.9542 0.0947 0.2839
vn 0.7225 -0.0575 0.6890
vn -0.9894 0.1295 0.0658
vn 0.9680 -0.0871 0.2353
vn 0.8947 -0.2714 -0.3546
vn -0.9352 0.1986 0.2933
vn 0.2687 -0.1894 0.9444
vn 0.3220 0.7983 0.5089
vn 0.8733 -0.0517 0.4844
vn 0.9815 0.0977 -0.1649
vn -0.7373 0.0074 0.6755
vn 0.2887 0.0500 0.9561
vn 0.8210 0.3620 -0.4416
vn -0.0435 0.4862 -0.8728
vn 0.9945 -0.0658 0.0814
vn 0.8904 0.4224 0.1694
vn 0.9399 -0.2748 0.2026
vn -0.2909 0.8128 0.5048
vn 0.4446 0.5635 0.6962
vn 0.6574 0.7530 0.0289
vn 0.3017 0.9076 0.2918
vn 0.3890 0.9208 -0.0299
vn -0.8486 0.0197 0.5286
vn -0.6717 0.2744 0.6881
vn 0.9315 0.3586 -0.0606
vn 0.0217 0.7704 0.6372
vn 0.9870 0.1310 0.0932
vn -0.5120 0.1112 0.8517
vn -0.0730 -0.4054 -0.9112
vn 0.5391 0.4236 -0.7279
vn -0.9796 -0.0315 0.1985
vn 0.9759 0.1301 -0.1754
vn 0.8607 0.0729 0.5038
vn 0.9686 0.2480 -0.0197
vn 0.8566 -0.4650 0.2235
vn 0.9908 0.1335 -0.0207
vn 0.0782 0.6549 -0.7517
vn 0.5921 0.3643 0.7188
vn -0.1745 0.4892 -0.8545
vn -0.7396 0.2888 0.6079
vn 0.1099 0.1541 -0.9819
vn -0.2184 0.9699 -0.1077
vn 0.4505 0.8298 0.3293
vn -0.3655 0.4287 -0.8262
vn -0.6875 0.6258 0.3682
vn -0.3886 0.5242 0.7577
vn 0.8661 -0.1309 0.4825
vn -0.9587 0.2797 -0.0509
vn 0.1557 -0.4847 -0.8607
vn -0.8833 0.1494 0.4443
vn 0.9363 0.2490 0.2475
vn -0.9525 0.3045 -0.0085
vn 0.0757 0.9712 -0.2261
vn 0.1165 0.6083 0.7851
vn -0.9629 0.1358 0.2331
vn -0.5826 0.8059 -0.1049
vn -0.2974 0.9516 -0.0773
vn -0.8563 -0.4277 -0.2897
vn 0.3351 -0.9125 0.2345
vn 0.8129 0.3783 0.4429
vn -0.2984 0.5794 0.7584
vn -0.1555 0.5169 -0.8418
vn -0.5656 -0.7374 0.3692
vn -0.1324 0.2365 0.9626
vn 0.0400 0.5564 -0.8299
vn 0.9448 0.1581 -0.2868
vn -0.9366 0.3377 0.0941
vn -0.2240 0.0257 0.9742
vn -0.6001 0.0770 -0.7962
vn 0.1071 0.9827 -0.1514
vn -0.5664 0.2649 0.7804
vn -0.2569 0.5533 0.7924
vn 0.8784 0.4256 0.2172
vn 0.9527 0.0407 0.3011
vn -0.3395 0.7154 0.6107
vn -0.3027 0.8816 0.3623
vn -0.9806 0.1046 0.1655
vn 0.7797 -0.0512 0.6240
vn 0.7920 -0.1203 0.5985
vn -0.7522 -0.0741 0.6547
vn 0.8583 0.5061 -0.0847
vn -0.2732 0.0469 0.9608
vn -0.5373 0.8410 -0.0640
vn -0.9552 0.0907 -0.2817
vn -0.5332 0.8154 -0.2253
vn 0.8244 0.5652 0.0304
vn -0.1161 0.9457 -0.3037
vn -0.9561 0.2001 -0.2142
vn -0.9878 0.1371 -0.0734
vn 0.3242 0.9323 -0.1603
vn -0.2073 -0.5265 -0.8245
vn -0.6027 -0.1895 -0.7752
vn -0.1174 0.4711 -0.8742
vn 0.9802 0.1476 0.1316
vn 0.3974 0.5216 0.7550
vn 0.2617 0.6193 -0.7403
vn -0.2124 0.0638 0.9751
vn 0.9463 0.3233 0.0069
vn 0.8728 0.4608 0.1610
vn -0.7122 0.6990 0.0647
vn -0.1413 0.9880 0.0617
vn -0.9122 0.1370 -0.3862
vn 0.6816 0.0824 0.7271
vn 0.8786 0.4757 0.0421
vn 0.0429 0.5732 -0.8183
vn 0.8105 -0.0595 0.5827
vn -0.9734 0.1811 0.1400
vn 0.9727 0.0545 0.2258
vn -0.1987 0.9683 -0.1514
vn 0.5728 0.0922 -0.8145
vn 0.4320 0.6143 -0.6603
vn -0.7933 0.1232 0.5963
vn -0.2041 0.4747 -0.8562
vn -0.9516 -0.0292 0.3058
vn -0.1137 0.9887 -0.0973
vn -0.1371 0.9334 -0.3317
vn 0.8191 0.5591 0.1285
vn -0.8957 -0.0418 -0.4428
vn 0.3412 0.7292 -0.5932
vn 0.9411 0.1737 0.2902
vn 0.7837 0.0279 0.6205
vn 0.5852 0.1529 0.7963
vn 0.3585 0.8178 0.4502
vn -0.3581 -0.4018 0.8428
vn 0.3991 0.8732 0.2798
vn -0.1968 0.6403 -0.7425
vn -0.9085 0.2890 0.3017
vn -0.4029 0.8100 -0.4261
vn 0.8470 0.4206 0.3251
vn 0.3190 0.5468 -0.7741
vn -0.9579 0.2644 -0.1118
vn 0.7200 0.0951 -0.6874
vn -0.9920 0.1249 0.0187
vn -0.2446 0.5054 0.8275
vn -0.9721 0.2016 0.1197
vn 0.6854 0.7025 -0.1914
vn 0.1720 0.0645 -0.9830
vn -0.1253 0.5139 -0.8487
vn 0.1194 0.9836 -0.1350
vn -0.5084 -0.8601 -0.0423
vn 0.3246 -0.7261 0.6061
vn 0.9698 0.2426 -0.0244
vn 0.8252 0.5564 0.0969
vn -0.0877 0.0594 0.9944
vn 0.8843 0.1756 0.4327
vn 0.3879 0.7965 0.4638
vn 0.8226 0.5574 0.1126
vn -0.3491 -0.0253 0.9367
vn -0.2757 0.4734 -0.8366
vn 0.8306 0.5451 0.1137
vn -0.2487 0.5380 0.8054
vn -0.8465 0.4985 -0.1869
vn -0.2145 0.7414 0.6359
vn 0.5553 0.2176 0.8027
vn 0.4349 0.7368 -0.5177
vn 0.4956 0.2267 -0.8385
vn -0.0160 0.4286 0.9034
vn -0.4684 0.8666 -0.1721
vn 0.6747 0.5135 0.5302
vn -0.9035 0.2425 0.3535
vn -0.8491 0.1499 0.5065
vn -0.3342 0.6789 0.6537
vn -0.0838 0.5677 -0.8189
vn 0.3925 0.5627 -0.7275
vn 0.7812 0.5027 0.3701
vn 0.7031 0.6899 0.1720
vn 0.8176 0.2362 0.5252
vn -0.9283 -0.3616 0.0866
vn -0.8249 0.2929 0.4834
vn 0.6722 0.7024 0.2341
vn -0.4035 0.0344 0.9144
vn -0.3548 0.0714 -0.9322
vn -0.0484 0.9886 -0.1424
vn -0.7922 -0.0183 0.6100
vn -0.9748 0.1605 0.1549
vn 0.1521 0.7723 0.6168
vn -0.9525 0.1972 0.2320
vn 0.3672 0.7724 0.5182
vn -0.9439 0.2496 0.2163
vn -0.0466 0.6952 -0.7173
vn 0.4091 0.8905 -0.1993
vn -0.1997 0.1881 0.9616
vn 0.4121 0.8676 0.2784
vn -0.8225 0.0294 0.5680
vn 0.9090 -0.2840 -0.3052
vn -0.9092 0.4026 -0.1058
vn -0.7624 0.2735 0.5865
vn -0.3027 0.6073 -0.7346
vn 0.4603 0.3268 -0.8254
vn -0.9880 0.0496 0.1462
vn 0.9963 0.0770 -0.0386
vn 0.9157 0.1038 0.3883
vn -0.2642 0.9556 -0.1308
vn 0.8394 0.5092 0.1903
vn -0.0446 0.0910 0.9949
vn 0.4764 0.7513 0.4566
vn 0.5208 0.6893 0.5036
vn 0.2659 0.9265 -0.2662
vn 0.9975 0.0100 0.0703
vn -0.9894 0.0709 -0.1268
vn -0.8239 -0.0497 0.5645
vn 0.6094 0.2130 0.7637
vn 0.6771 0.3506 0.6470
vn 0.0614 0.2715 0.9605
vn 0.7327 -0.5090 0.4517
vn 0.7377 -0.0133 0.6750
vn 0.9029 0.4008 -0.1557
vn -0.1757 0.8859 0.4294
vn 0.6195 0.0763 0.7813
vn -0.6454 0.1924 0.7392
vn 0.9530 0.3025 -0.0148
vn -0.5866 0.4182 -0.6935
vn 0.2720 0.4964 -0.8243
vn 0.7633 0.0160 0.6459
vn -0.9890 0.1039 -0.1050
vn -0.8674 0.1031 0.4868
vn -0.1265 0.6614 -0.7393
vn 0.8735 0.0938 0.4778
vn 0.3525 0.2437 0.9035
vn -0.9640 0.1353 0.2288
vn -0.0899 0.3406 -0.9359
vn -0.2367 0.6657 0.7076
vn 0.1309 0.1541 -0.9793
vn 0.1703 0.9550 0.2429
vn -0.7021 -0.7043 0.1048
vn -0.8923 0.4490 -0.0472
vn 0.9552 0.1273 -0.2671
vn -0.2151 -0.0726 0.9739
vn 0.4346 0.2362 -0.8691
vn 0.0608 0.6576 -0.7509
vn 0.9891 0.1282 0.0725
vn 0.9641 -0.2650 -0.0166
vn 0.9262 0.3574 0.1202
vn -0.8041 0.0833 0.5886
vn 0.9485 0.0937 -0.3025
vn -0.6637 -0.4666 -0.5846
vn -0.9628 0.1344 0.2343
vn -0.8754 0.0619 0.4794
vn 0.3139 0.8595 -0.4035
vn 0.9784 0.0589 0.1981
vn 0.8130 0.1443 -0.5641
vn 0.9140 0.4031 0.0457
vn -0.0071 0.5647 -0.8253
vn -0.6629 -0.6154 0.4264
vn 0.7179 -0.4730 -0.5108
vn -0.0899 0.9709 -0.2218
vn -0.9520 -0.2947 -0.0822
vn -0.0035 0.9078 -0.4194
vn 0.9105 0.0895 -0.4037
vn 0.8142 0.5628 0.1429
vn -0.7659 -0.0000 0.6430
vn 0.3525 0.2670 -0.8969
vn -0.8480 0.0129 0.5299
vn 0.9937 0.1075 -0.0313
vn 0.8311 0.5549 0.0370
vn -0.2439 0.4655 -0.8508
vn 0.8135 0.5752 0.0859
vn -0.6652 0.5389 0.5168
vn -0.9243 0.3188 -0.2099
vn 0.0246 0.6514 0.7584
vn -0.4103 0.1501 0.8995
vn 0.2063 0.9136 0.3503
vn 0.0120 0.9952 -0.0968
vn 0.8336 0.5258 0.1694
vn -0.8887 0.4428 0.1188
vn -0.0502 0.4117 -0.9099
vn -0.3041 0.7882 0.5350
vn -0.2518 0.4924 -0.8331
vn -0.2185 0.7327 -0.6445
vn -0.1452 0.9751 -0.1674
vn -0.1868 0.6204 -0.7617
vn -0.5386 0.2676 -0.7990
vn -0.0666 0.5691 -0.8196
vn -0.1041 0.7103 -0.6961
vn -0.6757 0.4555 0.5796
vn -0.2315 0.4617 -0.8563
vn 0.1287 0.6231 -0.7715
vn 0.2472 0.2888 0.9249
vn 0.0788 0.5017 -0.8615
vn -0.7333 -0.0396 0.6788
vn -0.2515 0.4808 0.8400
vn 0.7969 0.1147 -0.5931
vn -0.2509 0.4366 -0.8640
vn -0.9671 0.0156 0.2539
vn -0.2152 0.5434 -0.8114
vn 0.7595 0.0340 0.6497
vn 0.8209 0.0399 0.5697
vn -0.9787 -0.0371 0.2018
vn -0.2094 0.3830 -0.8997
vn -0.7314 -0.6017 0.3209
vn 0.4215 0.7014 -0.5748
vn 0.7292 0.2072 0.6522
vn 0.9857 -0.0729 -0.1522
vn 0.4411 0.2787 -0.8531
vn 0.9283 0.0791 0.3633
vn 0.9842 0.1394 0.1090
vn 0.9359 -0.0249 0.3514
vn -0.2487 0.5494 -0.7977
vn 0.9906 0.1185 -0.0679
vn 0.8450 0.5340 0.0276
vn -0.0112 0.9756 -0.2191
vn -0.2260 0.5741 0.7870
vn 0.0766 0.8660 -0.4942
vn 0.2997 0.7600 -0.5766
vn 0.8711 0.4827 -0.0900
vn 0.9834 -0.0620 0.1706
vn -0.9346 0.3186 0.1582
vn 0.7822 0.0336 0.6221
vn 0.5001 0.2302 -0.8348
vn 0.9270 0.0836 0.3656
vn 0.9283 -0.0963 0.3590
vn -0.4621 0.8865 -0.0234
vn -0.8593 -0.0567 -0.5083
vn 0.1517 -0.3311 0.9313
vn 0.9756 0.1197 -0.1839
vn 0.3947 -0.4511 0.8005
vn -0.9776 0.2105 0.0030
vn 0.4078 0.6911 -0.5968
vn 0.9947 -0.0523 0.0886
vn -0.1062 0.7351 0.6696
vn -0.7309 -0.1116 0.6733
vn 0.4578 -0.1866 0.8693
vn 0.8328 0.0265 -0.5529
vn -0.3720 0.9010 -0.2232
vn 0.7215 -0.0306 0.6917
vn -0.9015 0.2985 0.3134
vn 0.9693 0.1580 0.1882
vn 0.4912 0.6153 0.6165
vn -0.2009 0.4007 -0.8939
vn 0.5423 0.0274 0.8398
vn 0.8091 0.1857 -0.5575
vn -0.5445 0.5916 0.5945
vn -0.5460 0.6269 0.5558
vn -0.6577 0.7358 -0.1612
vn -0.1150 0.9828 -0.1444
vn 0.9627 0.2396 0.1255
vn -0.1950 0.0278 -0.9804
vn -0.9835 -0.1569 -0.0905
vn 0.2040 0.5103 -0.8355
vn -0.6210 -0.6181 -0.4821
vn -0.1886 0.2649 -0.9457
vn 0.7709 0.0221 0.6365
vn -0.8274 0.0271 0.5609
vn 0.8327 0.4919 0.2543
vn 0.9331 0.3595 0.0048
vn -0.9193 0.0392 0.3916
vn -0.1535 0.4732 -0.8675
vn -0.5695 0.2744 -0.7748
vn -0.4016 0.0150 0.9157
vn 0.1145 0.9671 -0.2272
vn -0.1758 -0.6287 0.7575
vn 0.2096 0.9430 -0.2587
vn 0.9510 0.1715 0.2572
vn 0.0839 0.9850 0.1506
vn -0.3430 0.5028 0.7935
vn -0.2280 -0.3393 0.9126
vn 0.7689 0.6164 -0.1699
vn 0.9458 0.0832 0.3141
vn 0.0797 0.6809 -0.7280
vn -0.0398 0.6962 -0.7167
vn 0.4272 0.7619 -0.4869
vn 0.9864 0.1589 -0.0416
vn -0.5742 0.1807 0.7985
vn -0.1651 0.2814 0.9453
vn -0.2565 0.5262 -0.8107
vn -0.6827 -0.2053 -0.7012
vn -0.2509 0.9562 -0.1509
vn 0.4802 0.6584 -0.5796
vn -0.8265 0.2923 0.4812
vn 0.2124 0.7420 0.6358
vn 0.9004 0.3936 -0.1851
vn 0.1145 0.7384 -0.6646
vn -0.3125 0.4917 -0.8127
vn 0.7113 0.0251 0.7024
vn -0.8757 0.0769 0.4768
vn -0.0519 0.7374 -0.6735
vn 0.4822 0.2104 0.8504
vn -0.2965 0.9287 -0.2228
vn 0.9653 -0.0983 0.2421
vn 0.4249 0.0464 0.9040
vn 0.1999 0.5115 -0.8357
vn -0.7678 -0.5810 0.2700
vn 0.8927 0.1408 0.4281
vn 0.9339 0.1357 0.3307
vn 0.3114 -0.6821 0.6617
vn -0.1841 0.7910 -0.5835
vn 0.6186 0.0784 0.7818
vn 0.4760 0.2280 -0.8494
vn 0.8859 0.1160 -0.4491
vn 0.5495 0.8130 -0.1925
vn -0.9706 0.2408 0.0055
vn 0.7744 0.0674 0.6291
vn 0.8637 0.2908 0.4117
vn 0.9990 0.0306 -0.0333
vn 0.9555 0.2916 -0.0440
vn 0.2104 0.5462 -0.8108
vn 0.0087 0.2522 0.9676
vn 0.3164 0.7248 0.6120
vn 0.5876 -0.3852 0.7116
vn 0.4038 0.3932 0.8260
vn 0.8052 0.5838 0.1043
vn -0.0915 0.4300 -0.8982
vn -0.8982 0.4272 0.1031
vn -0.3639 0.6564 0.6608
vn -0.1448 0.9358 -0.3215
vn -0.9572 0.2621 0.1231
vn -0.8179 0.0332 0.5744
vn -0.8653 0.4995 0.0412
vn -0.3126 0.4859 -0.8162
vn 0.2299 0.8309 0.5067
vn 0.0873 0.8618 -0.4996
vn -0.8043 0.4515 0.3865
vn -0.2167 0.4999 -0.8385
vn 0.2897 -0.0027 0.9571
vn -0.5475 0.4667 0.6946
vn 0.9246 0.0909 0.3700
vn 0.2612 0.1524 0.9532
vn 0.1034 0.7305 -0.6751
vn -0.1567 0.5698 -0.8067
vn 0.0913 -0.0874 0.9920
vn -0.9696 0.1040 -0.2213
vn 0.7256 -0.0820 0.6832
vn -0.1227 0.6611 -0.7402
vn -0.9652 0.0830 -0.2479
vn -0.6442 0.3010 0.7031
vn 0.8462 -0.0159 0.5326
vn 0.7801 -0.0274 0.6251
vn -0.9462 0.0572 -0.3184
vn 0.9466 0.2068 0.2475
vn 0.9654 0.0533 -0.2554
vn 0.4035 0.3935 0.8261
vn -0.5807 0.1906 0.7915
vn 0.5801 0.5281 -0.6201
vn 0.3368 0.9228 0.1871
vn -0.5877 0.7894 -0.1771
vn -0.3523 -0.1464 0.9244
vn 0.8109 0.4259 0.4013
vn -0.2423 0.4389 -0.8652
vn 0.6678 0.7400 -0.0805
vn 0.8470 0.0280 -0.5309
vn -0.9569 0.1289 -0.2604
vn 0.9763 0.0024 0.2163
vn 0.2565 -0.1665 0.9521
vn 0.9871 0.1588 -0.0195
vn 0.4199 0.7055 -0.5709
vn -0.0542 0.1886 0.9806
vn 0.7176 0.0143 0.6963
vn 0.3267 -0.1943 0.9249
vn -0.9693 0.2458 0.0037
vn 0.7850 0.0685 -0.6157
vn -0.4696 -0.0765 0.8796
vn 0.6359 0.1739 0.7519
vn -0.1421 0.4566 0.8782
vn -0.4098 0.4401 -0.7990
vn 0.0946 -0.7885 0.6077
vn 0.9697 0.2433 0.0240
vn 0.3628 -0.6737 0.6438
vn 0.8775 0.3907 0.2782
vn -0.4161 0.1553 0.8959
vn -0.3337 0.6392 0.6929
vn -0.9596 0.2224 -0.1725
vn -0.4177 0.0909 0.9040
vn -0.7253 0.0890 0.6826
vn -0.0488 0.3426 0.9382
vn 0.9216 0.2935 -0.2539
vn -0.9570 0.0178 0.2897
vn 0.7629 -0.0331 0.6456
vn -0.1289 0.9904 -0.0505
vn 0.7669 -0.1666 -0.6197
vn 0.5386 0.8024 -0.2572
vn 0.8979 -0.1673 0.4072
vn -0.7702 0.2190 -0.5991
vn 0.9461 -0.1824 0.2677
vn -0.1109 0.3267 -0.9386
vn -0.3149 0.2678 0.9106
vn 0.9011 0.0796 0.4262
vn -0.4024 0.3948 0.8259
vn 0.8715 0.2580 0.4170
vn -0.9195 0.3442 0.1897
vn -0.7261 0.0742 0.6836
vn -0.7097 0.4233 0.5631
vn -0.9230 0.2340 0.3055
vn 0.1731 0.9725 0.1555
vn -0.2242 0.4228 -0.8780
vn 0.7939 0.0868 0.6018
vn -0.2635 0.1141 0.9579
vn 0.0577 0.5437 -0.8373
vn 0.6178 0.0592 0.7841
vn -0.9244 0.2859 0.2524
vn -0.3702 0.6635 -0.6501
vn -0.9906 0.1295 -0.0435
vn -0.9182 -0.0123 -0.3958
vn 0.3485 -0.0224 0.9371
vn 0.9343 0.0635 0.3507
vn 0.9571 0.2893 -0.0161
vn 0.9398 0.3029 0.1583
vn -0.9788 0.1943 0.0643
vn -0.5175 -0.4704 0.7148
vn -0.2843 0.7115 0.6426
vn 0.8767 0.2591 0.4053
vn -0.9186 0.0474 0.3924
vn -0.9816 0.1456 0.1236
vn -0.0900 -0.0626 0.9940
vn 0.3243 -0.1918 0.9263
vn -0.2512 0.5814 0.7739
vn 0.6412 0.0280 0.7668
vn 0.8357 0.5212 0.1732
vn 0.3293 -0.0064 0.9442
vn 0.4470 0.8694 -0.2107
vn 0.6022 0.6838 0.4120
vn -0.2279 0.5681 -0.7908
vn 0.8129 0.1839 -0.5526
vn 0.5054 0.1903 0.8417
vn 0.8313 0.5548 0.0332
vn -0.8281 0.5130 0.2261
vn 0.3039 0.9105 0.2806
vn 0.8708 0.4915 -0.0028
vn -0.7937 -0.0119 0.6082
vn 0.9018 0.1476 0.4062
vn 0.9111 -0.1159 0.3956
vn -0.4364 0.8998 0.0048
vn -0.9040 0.3934 0.1676
vn 0.2886 0.8145 0.5034
vn -0.9890 0.1476 -0.0116
vn -0.8587 -0.0318 0.5116
vn 0.8290 -0.5574 0.0462
vn 0.7726 0.0413 0.6335
vn 0.0076 0.9679 -0.2513
vn 0.1980 0.4499 -0.8708
vn -0.4200 -0.6004 0.6805
vn 0.0260 0.8499 -0.5263
vn 0.8750 0.4767 -0.0845
vn -0.0498 0.0573 0.9971
vn -0.2940 0.7647 0.5734
vn 0.1856 0.2340 0.9543
vn 0.9918 0.0989 0.0809
vn 0.0020 0.9280 -0.3727
vn -0.5722 0.2277 0.7879
vn 0.8388 0.3723 0.3972
vn 0.9614 0.1591 0.2247
vn -0.0398 0.4585 -0.8878
vn -0.0932 0.9825 -0.1613
vn 0.2890 0.8860 0.3625
vn 0.9920 0.0971 0.0804
vn 0.6045 0.6933 0.3923
vn -0.5225 0.1777 0.8339
vn 0.7874 -0.0228 0.6160
vn -0.9483 -0.2123 0.2359
vn -0.4257 0.0996 0.8994
vn 0.1415 0.7119 -0.6879
vn -0.9493 -0.1941 0.2473
vn -0.4016 -0.1754 0.8989
vn -0.9908 0.1134 0.0744
vn 0.4222 0.8742 0.2400
vn -0.0396 0.9968 -0.0694
vn 0.9096 0.1614 -0.3827
vn 0.0588 0.5604 -0.8261
vn -0.6361 -0.7687 0.0664
vn -0.0761 0.9687 -0.2362
vn 0.7744 -0.2462 0.5828
vn 0.7518 -0.5083 0.4200
vn 0.5768 0.8169 -0.0086
vn -0.9942 0.0115 0.1072
vn -0.5411 -0.5840 0.6051
vn -0.9787 0.0639 0.1951
vn -0.9689 -0.1263 0.2130
vn 0.9134 -0.3476 0.2117
vn 0.0377 0.3558 -0.9338
vn 0.7946 0.0474 0.6052
vn 0.9905 0.0097 0.1371
vn 0.0612 0.3076 0.9496
vn 0.0443 0.9884 0.1455
vn 0.6742 -0.5321 -0.5123
vn -0.7660 0.2024 0.6101
vn -0.9787 0.1578 0.1313
vn 0.1606 -0.9579 0.2380
vn 0.9907 0.1288 -0.0447
vn 0.8367 -0.4800 0.2638
vn 0.2177 -0.9726 0.0819
vn 0.3074 0.9318 -0.1931
vn 0.0927 0.4853 -0.8694
vn 0.9530 0.2404 -0.1842
vn -0.0365 0.9920 -0.1211
vn 0.5147 0.8491 -0.1192
vn 0.6022 -0.0103 0.7982
vn 0.1374 0.6701 -0.7294
vn -0.1388 -0.9818 0.1294
vn 0.0166 0.5875 -0.8090
vn 0.9357 0.0796 0.3438
vn 0.6322 0.1724 0.7554
vn 0.0371 0.7031 -0.7101
vn -0.5786 0.5083 0.6379
vn -0.1948 0.4709 -0.8604
vn 0.7566 0.6517 0.0534
vn -0.7688 0.2446 0.5908
vn 0.6026 0.4959 -0.6253
vn -0.9745 0.2214 0.0363
vn 0.2699 0.9607 0.0654
vn -0.9676 0.2377 -0.0850
vn -0.3979 0.7508 -0.5272
vn 0.5459 0.2048 0.8124
vn -0.9882 0.0484 0.1455
vn 0.7807 0.1643 0.6030
vn -0.8204 0.0095 0.5718
vn 0.9720 0.2281 0.0560
vn 0.7153 0.6917 -0.0994
vn -0.7476 -0.3065 0.5892
vn 0.2441 0.3953 0.8855
vn -0.0004 -0.9133 0.4072
vn 0.2419 0.9538 -0.1780
vn 0.9791 -0.0279 0.2016
vn 0.9156 -0.2095 0.3433
vn 0.1813 0.9749 -0.1296
vn 0.6520 0.5822 0.4857
vn -0.7518 -0.5292 -0.3935
vn 0.6656 0.7461 -0.0172
vn -0.1076 0.3342 0.9364
vn 0.9928 0.0059 0.1194
vn 0.4951 0.4908 0.7169
vn -0.0652 -0.6331 0.7713
vn 0.2612 -0.2554 -0.9309
vn 0.0736 0.8296 -0.5535
vn 0.1773 0.5710 -0.8016
vn -0.3549 0.1952 0.9143
vn -0.7171 -0.5715 0.3990
vn -0.9255 -0.3474 0.1510
vn 0.0888 0.5220 -0.8483
vn 0.2467 0.5540 -0.7952
vn 0.2356 0.7513 -0.6164
vn 0.2174 0.9561 -0.1965
vn -0.1651 0.9607 -0.2233
vn -0.1067 0.9858 -0.1293
vn -0.0665 0.9657 -0.2510
vn 0.5194 0.8366 -0.1741
vn -0.0088 0.9897 -0.1432
vn 0.9045 -0.3960 0.1586
vn -0.0247 0.9935 -0.1109
vn 0.9882 -0.1488 -0.0359
vn -0.1778 0.8159 -0.5501
vn 0.7302 -0.4798 -0.4865
vn 0.9693 0.2189 0.1117
vn -0.1685 0.2846 0.9437
vn -0.7422 0.6638 -0.0924
vn 0.4780 -0.8319 0.2818
vn -0.5405 0.0282 -0.8408
vn -0.9885 -0.0200 0.1496
vn 0.9545 -0.1109 0.2770
vn -0.2887 0.9374 -0.1947
vn 0.7174 -0.5435 0.4359
vn 0.5250 -0.5323 -0.6640
vn -0.0247 0.4770 -0.8786
vn -0.8530 -0.4343 0.2893
vn 0.3114 0.2113 0.9265
vn 0.6884 0.0122 0.7253
vn 0.1498 0.5091 -0.8475
vn 0.4309 0.2728 -0.8602
vn -0.9363 -0.3383 -0.0942
vn -0.0763 0.6407 -0.7640
vn -0.0713 0.6635 -0.7448
vn -0.3318 0.9321 -0.1454
vn -0.5897 0.7936 -0.1500
vn -0.0331 0.4621 -0.8862
vn -0.9994 -0.0336 0.0106
vn -0.3026 0.3756 0.8760
vn -0.1024 0.2435 0.9645
vn 0.9646 -0.1691 0.2026
vn 0.9904 -0.0306 0.1344
vn 0.2563 0.4409 -0.8602
vn 0.8822 -0.3472 0.3181
vn 0.4643 -0.7296 0.5021
vn 0.3865 0.2466 0.8887
vn -0.0183 -0.9945 0.1028
vn 0.1033 0.8565 -0.5057
vn 0.3052 0.6014 -0.7383
vn -0.9686 0.2314 0.0914
vn 0.0297 0.9944 -0.1012
vn -0.2350 0.5599 -0.7945
vn 0.5249 0.8509 -0.0199
vn 0.9759 -0.0050 0.2183
vn -0.8386 0.0291 0.5439
vn 0.3618 -0.1136 0.9253
vn -0.2918 0.8184 -0.4950
vn -0.5989 0.7962 -0.0857
vn -0.9030 0.1182 -0.4131
vn -0.7370 0.2813 0.6146
vn 0.7258 -0.5658 0.3912
vn -0.9963 0.0590 0.0628
vn 0.0041 -0.6775 -0.7355
vn 0.3757 0.7384 -0.5601
vn 0.0819 0.2968 0.9514
vn 0.5687 0.0648 0.8200
vn 0.7575 0.6516 -0.0399
vn -0.0958 0.4833 0.8702
vn -0.8590 0.4200 0.2927
vn 0.4818 0.2267 0.8464
vn -0.9170 0.2180 0.3342
vn -0.0491 0.7758 -0.6291
vn 0.0819 0.9586 -0.2729
vn -0.9814 0.1466 0.1242
vn -0.2943 0.0092 0.9557
vn 0.4671 -0.0262 0.8838
vn 0.8591 0.1175 -0.4981
vn -0.4307 0.1769 0.8850
vn -0.9666 -0.1978 0.1633
vn -0.6262 0.7102 -0.3217
vn 0.9375 -0.0643 0.3421
vn -0.7706 0.0237 -0.6368
vn 0.3999 0.8460 0.3526
vn 0.7493 0.0029 0.6622
vn -0.8134 0.0133 0.5815
vn 0.4300 0.6993 -0.5711
vn -0.1613 0.5242 -0.8362
vn 0.3126 0.9368 -0.1569
vn 0.8518 0.5203 -0.0612
vn -0.8900 0.2152 0.4020
vn -0.8168 -0.0093 0.5769
vn -0.1960 0.4448 0.8739
vn 0.9658 -0.0711 0.2493
vn -0.8171 -0.0256 0.5759
vn 0.3460 0.7318 -0.5872
vn 0.2891 0.9464 -0.1444
vn -0.2290 0.8987 -0.3740
vn -0.5906 0.6931 0.4132
vn 0.1815 -0.3521 0.9182
vn -0.7284 -0.5952 0.3393
vn 0.9865 0.1115 0.1196
vn -0.3879 0.3330 0.8595
vn -0.6812 0.2010 0.7039
vn -0.1969 0.6665 -0.7190
vn 0.8462 0.1416 0.5137
vn -0.5345 0.7727 -0.3425
vn 0.4984 0.2524 -0.8294
vn -0.6942 -0.0143 0.7196
vn -0.8390 0.5410 0.0576
vn 0.8839 0.4266 -0.1918
vn 0.7842 0.0141 0.6204
vn 0.5009 -0.8022 0.3249
vn 0.0965 0.1165 0.9885
vn 0.9921 0.1144 -0.0510
vn 0.0761 0.9873 0.1393
vn -0.9832 0.1283 -0.1300
vn 0.1071 0.5337 -0.8388
vn 0.0144 0.6455 -0.7636
vn -0.7076 0.7061 -0.0287
vn 0.9524 -0.2525 0.1709
vn -0.6272 0.2613 0.7337
vn 0.1845 0.6360 -0.7493
vn -0.2402 0.5135 -0.8238
vn -0.7753 0.0364 0.6305
vn -0.2036 0.5840 -0.7858
vn 0.9712 0.2372 0.0228
vn 0.2090 -0.9779 0.0079
vn 0.9901 -0.0332 0.1365
vn -0.2704 0.8609 -0.4310
vn -0.9355 -0.3192 -0.1515
vn 0.8679 0.3451 0.3574
vn 0.0054 0.9329 -0.3602
vn 0.9392 0.0611 -0.3378
vn 0.9209 0.0616 0.3848
vn -0.3230 -0.2725 0.9063
vn 0.7942 0.2103 -0.5701
vn -0.6465 -0.0312 0.7623
vn -0.1990 0.4252 -0.8830
vn -0.8288 0.0374 0.5584
vn -0.2135 0.6120 0.7615
vn -0.7318 0.6803 -0.0410
vn -0.9617 -0.2072 0.1795
vn -0.3113 -0.6694 0.6745
vn -0.1341 0.4830 -0.8653
vn 0.3740 -0.1668 0.9123
vn -0.6583 0.0772 0.7488
vn 0.1268 0.7058 -0.6970
vn -0.2648 0.5037 0.8223
vn 0.7617 -0.1114 0.6382
vn 0.9891 -0.0478 0.1391
vn -0.7526 0.6561 0.0559
vn 0.8450 0.5347 -0.0072
vn -0.6202 -0.7795 0.0874
vn 0.1882 0.8962 0.4017
vn -0.4411 0.1214 0.8892
vn -0.9947 0.0672 0.0778
vn 0.8125 0.1845 -0.5530
vn 0.1507 0.9800 0.1297
vn -0.1921 0.2508 0.9488
vn 0.4447 0.8932 0.0666
vn -0.9454 0.0947 -0.3120
vn -0.4340 0.1882 0.8810
vn 0.0384 0.3433 0.9384
vn -0.9568 0.0540 0.2858
vn -0.1820 0.3106 0.9330
vn -0.3793 0.8031 -0.4596
vn 0.6771 0.0535 0.7340
vn 0.7471 0.6007 -0.2847
vn -0.9171 0.0482 -0.3958
vn -0.1108 0.5595 -0.8214
vn 0.8027 0.0843 0.5903
vn 0.4246 0.8457 0.3233
vn -0.6455 0.1651 -0.7457
vn -0.8261 0.5063 0.2474
vn -0.9191 0.2267 0.3224
vn -0.3164 0.5069 0.8018
vn -0.7422 0.4043 0.5346
vn -0.4085 0.5835 0.7019
vn -0.6747 0.0125 0.7380
vn 0.9971 -0.0750 -0.0090
vn 0.6113 0.6636 0.4313
vn -0.5287 0.8475 -0.0478
vn 0.5023 -0.1716 0.8475
vn -0.7689 -0.2011 -0.6069
vn 0.9634 0.1508 0.2217
vn -0.9284 0.3715 0.0016
vn -0.0873 0.9892 -0.1176
vn -0.1544 0.9650 -0.2118
vn 0.0920 0.6010 -0.7939
vn -0.2450 0.2941 0.9239
vn 0.8531 0.3218 0.4107
vn 0.8266 0.3620 0.4310
vn -0.7951 -0.0234 0.6060
vn 0.5808 -0.8105 0.0760
vn 0.2457 -0.4214 0.8730
vn 0.0637 0.8326 -0.5502
vn -0.1392 0.8312 -0.5382
vn 0.5669 -0.3710 -0.7355
vn 0.6351 0.7721 0.0216
vn 0.7758 0.5378 -0.3299
vn 0.4797 0.1219 0.8689
vn 0.3982 -0.0072 0.9173
vn 0.9692 0.2464 -0.0053
vn -0.2303 0.5105 -0.8284
vn 0.7895 -0.0701 0.6098
vn 0.2984 0.8044 -0.5138
vn 0.9798 0.1514 0.1310
vn 0.6845 0.0425 0.7277
vn -0.3856 -0.1506 0.9103
vn -0.0293 0.8441 -0.5355
vn -0.8559 0.5055 -0.1088
vn 0.7788 0.2662 0.5680
vn 0.7499 0.5243 -0.4035
vn -0.2712 0.1803 0.9455
vn -0.9578 0.2797 0.0658
vn 0.1930 0.7645 0.6150
vn -0.8483 -0.2242 0.4796
vn 0.1559 0.2759 -0.9485
vn 0.1317 0.9536 -0.2707
vn 0.9191 0.2530 0.3019
vn -0.1955 0.4008 -0.8951
vn -0.0591 0.4710 -0.8801
vn -0.7382 -0.2695 0.6184
vn -0.7707 0.0247 0.6368
vn 0.5861 0.1535 0.7956
vn 0.4816 0.5757 0.6608
vn 0.9363 0.1190 -0.3303
vn -0.5155 0.8538 0.0730
vn 0.3462 -0.4510 -0.8227
vn 0.2234 0.9746 0.0126
vn -0.0526 0.2623 0.9636
vn 0.6671 0.7335 0.1303
vn 0.9820 0.1711 0.0804
vn 0.9222 -0.3399 0.1844
vn -0.7589 0.6499 -0.0413
vn 0.8730 -0.4330 0.2245
vn -0.5036 -0.8635 0.0267
vn -0.6743 0.0156 0.7383
vn -0.8274 0.1200 0.5487
vn 0.9743 0.2221 -0.0372
vn -0.8823 0.0771 0.4643
vn -0.4138 0.3593 0.8364
vn -0.0890 0.2547 0.9629
vn 0.8498 0.5085 0.1390
vn -0.0975 0.7374 -0.6684
vn -0.0944 0.9173 -0.3868
vn 0.9716 0.1574 -0.1767
vn -0.5360 0.8094 0.2400
vn -0.9535 0.0090 0.3013
vn 0.2458 0.2933 0.9239
vn -0.2113 0.4664 -0.8590
vn -0.0188 0.2270 0.9737
vn 0.9703 -0.1199 0.2102
vn -0.7616 0.1203 0.6368
vn 0.2434 0.8265 0.5077
vn -0.9928 0.0674 0.0990
vn -0.8937 0.0884 0.4398
vn 0.8113 0.3507 -0.4678
vn 0.6866 -0.0001 0.7270
vn -0.1436 0.3120 0.9392
vn -0.9975 0.0614 -0.0344
vn 0.5218 0.2300 0.8215
vn 0.9380 -0.2770 0.2082
vn -0.8467 0.3996 0.3514
vn -0.9928 0.0454 0.1105
vn 0.6491 -0.0194 0.7605
vn 0.8863 -0.4630 -0.0065
vn 0.3326 0.8902 0.3113
vn -0.1591 -0.0981 0.9824
vn 0.9160 0.3083 0.2565
vn 0.6184 -0.0024 0.7858
vn 0.8451 0.1351 0.5172
vn 0.9762 0.0653 -0.2070
vn -0.5689 -0.6798 0.4628
vn -0.8861 0.4120 0.2124
vn 0.8370 0.5399 0.0888
vn -0.2567 -0.8960 0.3623
vn -0.3208 0.4774 0.8180
vn 0.1882 0.3234 0.9274
vn -0.0421 0.6981 -0.7148
vn -0.9723 -0.1715 0.1586
vn 0.0704 0.9324 0.3544
vn -0.1664 0.9659 -0.1986
vn 0.6986 0.5328 0.4776
vn -0.0162 0.9784 -0.2059
vn -0.5289 0.8339 -0.1578
vn -0.7414 0.6613 0.1140
vn -0.1746 0.3808 0.9080
vn 0.8893 0.2346 -0.3927
vn -0.9341 0.1431 -0.3270
vn 0.9891 0.1457 -0.0206
vn -0.6925 0.1172 0.7118
vn -0.9119 0.0514 0.4071
vn -0.3124 -0.2751 0.9093
vn -0.9722 -0.1428 0.1857
vn -0.2083 0.3593 0.9097
vn 0.8112 0.5753 0.1049
vn 0.7734 0.0274 0.6333
vn -0.1022 0.3296 0.9386
vn 0.4064 0.3364 -0.8495
vn 0.9108 -0.3281 0.2504
vn -0.6891 0.3345 0.6428
vn -0.2327 0.2004 0.9517
vn -0.0687 0.8931 0.4446
vn -0.3117 0.4921 -0.8129
vn 0.9958 0.0894 -0.0211
vn -0.0125 0.9314 -0.3638
vn -0.6067 0.5515 0.5725
vn -0.6381 0.1859 0.7472
vn 0.7146 0.0443 0.6981
vn 0.1550 -0.4403 0.8844
vn -0.0312 0.4998 -0.8656
vn 0.3666 0.9252 -0.0979
vn 0.7119 0.0379 0.7013
vn 0.6994 -0.7042 0.1223
vn -0.6581 0.3724 0.6544
vn -0.2173 -0.9701 0.1082
vn -0.9504 0.2503 0.1844
vn -0.6568 0.7258 0.2047
vn 0.6255 0.1206 0.7709
vn -0.8842 0.4348 0.1709
vn 0.6930 0.7063 -0.1443
vn 0.5036 0.6636 -0.5533
vn 0.3021 0.9147 0.2684
vn 0.7764 0.0328 0.6294
vn 0.7353 -0.0848 0.6725
vn 0.9577 0.2839 0.0465
vn -0.0488 0.9527 -0.2998
vn 0.7475 0.0147 0.6641
vn -0.3520 0.1032 0.9303
vn -0.8804 0.1547 0.4483
vn 0.6899 0.6044 0.3984
vn -0.9907 0.1359 0.0088
vn -0.8416 0.5350 -0.0738
vn 0.9628 -0.1763 0.2049
vn 0.1930 0.0495 0.9800
vn -0.2863 0.4834 -0.8273
vn 0.7701 -0.6234 0.1352
vn -0.9883 0.1105 -0.1051
vn -0.5983 0.7926 -0.1171
vn -0.9916 0.0204 0.1275
vn -0.2282 -0.9688 -0.0963
vn 0.6186 -0.0283 0.7852
vn -0.7620 0.0425 0.6462
vn -0.6366 -0.0995 0.7647
vn 0.1914 -0.0083 0.9815
vn -0.9887 0.1181 0.0925
vn 0.8483 -0.1613 0.5044
vn -0.9568 0.2670 0.1153
vn -0.6640 0.7025 0.2562
vn 0.8394 0.5432 0.0193
vn -0.9396 0.0273 0.3411
vn 0.7022 0.1374 0.6986
vn -0.9068 0.1186 0.4045
vn 0.1336 0.6879 -0.7134
vn -0.2261 0.4155 0.8811
vn 0.5875 -0.6717 0.4513
vn 0.7594 0.6373 -0.1311
vn -0.7926 0.5728 -0.2087
vn -0.2340 0.4257 -0.8741
vn 0.8118 0.5527 0.1887
vn -0.6856 0.2295 -0.6908
vn 0.9008 0.0166 0.4340
vn 0.9623 0.2712 0.0180
vn -0.2598 0.5837 0.7693
vn -0.8447 0.4782 -0.2406
vn -0.8688 0.1929 -0.4561
vn -0.9017 -0.3833 0.2003
vn -0.7530 -0.5857 0.2998
vn 0.3452 0.4445 0.8266
vn -0.2502 0.5521 -0.7953
vn -0.7505 0.3617 0.5531
vn 0.9634 0.1554 0.2183
vn 0.4410 -0.0809 0.8938
vn -0.8381 0.2237 0.4975
vn 0.9007 0.0397 0.4326
vn 0.8311 0.5442 0.1149
vn -0.8967 0.3344 0.2901
vn 0.2286 0.0133 0.9734
vn -0.9058 0.2705 0.3263
vn 0.9518 0.1048 -0.2882
vn 0.8632 0.1689 -0.4758
vn 0.8296 0.5454 0.1200
vn -0.1930 0.6782 0.7091
vn 0.5819 0.0617 0.8109
vn -0.8821 0.0269 0.4702
vn 0.8526 -0.5112 0.1087
vn -0.3226 0.8474 -0.4218
vn 0.3603 0.9012 -0.2407
vn 0.9305 0.1088 0.3497
vn -0.9754 0.2039 -0.0837
vn 0.8425 0.4777 0.2489
vn 0.1512 -0.9781 -0.1430
vn 0.3164 0.8808 0.3523
vn -0.3693 0.0872 0.9252
vn 0.5812 0.2135 0.7853
vn 0.0970 0.2757 0.9563
vn 0.8442 0.5152 0.1479
vn 0.1820 0.0838 0.9797
vn 0.0085 0.9939 0.1095
vn 0.7235 -0.0290 0.6897
vn 0.8967 0.0884 0.4337
vn 0.3457 -0.7717 0.5339
vn 0.9018 0.1064 0.4188
vn -0.9063 0.2797 0.3168
vn -0.7896 0.4361 -0.4317
vn 0.8886 -0.3202 0.3283
vn -0.5684 0.8078 -0.1559
vn -0.8940 0.4089 0.1832
vn 0.0943 0.5646 -0.8200
vn 0.9229 0.1177 0.3666
vn -0.3128 -0.2762 0.9088
vn 0.0455 0.6615 -0.7486
vn 0.5029 0.2245 -0.8347
vn 0.8322 0.5522 0.0501
vn 0.2987 0.2875 0.9100
vn -0.9338 0.1686 0.3155
vn 0.9424 -0.2173 -0.2541
vn 0.1570 0.6548 -0.7393
vn 0.1257 0.9860 -0.1097
vn 0.9323 -0.0959 0.3487
vn 0.7753 0.4405 -0.4525
vn 0.1583 -0.9829 0.0943
vn 0.4138 0.2199 -0.8834
vn 0.6767 -0.5862 -0.4454
vn 0.8425 0.0724 0.5338
vn -0.4814 0.1096 0.8696
vn -0.1388 -0.9897 0.0344
vn -0.3318 0.7434 -0.5807
vn -0.0544 0.8617 -0.5045
vn -0.3204 -0.7241 0.6108
vn -0.2261 0.8359 -0.5002
vn 0.1636 0.7544 0.6358
vn -0.0726 0.6051 -0.7928
vn 0.9629 0.2494 -0.1033
vn -0.9669 0.1587 0.2000
vn 0.9952 -0.0939 -0.0256
vn 0.9580 -0.1577 0.2395
vn -0.9685 0.1225 -0.2170
vn 0.8545 0.5192 -0.0162
vn 0.8121 0.0765 0.5785
vn -0.1007 0.9893 -0.1055
vn 0.1729 -0.9468 0.2716
vn -0.9104 0.0641 0.4087
vn 0.9955 -0.0345 0.0886
vn 0.1340 0.9602 -0.2453
vn 0.3976 -0.9145 0.0748
vn 0.3585 0.5674 0.7413
vn 0.3577 0.9226 0.1443
vn 0.4537 -0.8898 -0.0494
vn -0.7849 -0.4583 0.4170
vn -0.0654 0.9935 -0.0931
vn 0.8145 0.5624 0.1426
vn 0.5967 -0.7999 0.0635
vn -0.9937 -0.1110 0.0159
vn -0.3428 0.9338 -0.1021
vn -0.9853 0.1596 0.0612
vn 0.0722 0.5655 -0.8216
vn -0.9778 0.1522 0.1443
vn 0.0250 -0.6750 -0.7374
vn -0.9296 -0.1077 0.3526
vn -0.1256 0.3668 -0.9218
vn 0.2628 0.1806 0.9478
vn -0.6511 -0.0848 0.7543
vn -0.9786 0.1827 0.0947
vn -0.4767 0.3803 0.7926
vn -0.4285 0.8899 -0.1565
vn 0.2402 0.9006 0.3622
vn 0.3306 0.8987 0.2882
vn -0.9940 0.1089 0.0067
vn -0.9825 0.1666 -0.0833
vn 0.1142 0.5433 -0.8317
vn 0.0810 0.7398 -0.6679
vn -0.8602 0.4952 0.1217
vn -0.2567 0.7132 0.6523
vn -0.1985 0.6215 0.7578
vn -0.0621 0.9833 -0.1711
vn -0.5329 0.6003 0.5964
vn 0.1217 0.9915 0.0451
vn 0.9067 0.1824 -0.3803
vn -0.4981 0.8510 -0.1662
vn -0.0212 0.7846 -0.6197
vn 0.7481 -0.0101 0.6635
vn -0.8920 0.4451 0.0787
vn -0.2590 0.5070 -0.8221
vn 0.9706 0.2403 0.0118
vn 0.9225 0.2562 0.2888
vn -0.8441 0.0070 -0.5361
vn 0.4537 0.8896 -0.0532
vn 0.8853 0.0789 0.4584
vn -0.9741 -0.1679 0.1514
vn 0.4219 0.6033 0.6768
vn 0.8281 0.5463 0.1257
vn -0.3253 0.0373 -0.9449
vn -0.0286 0.2975 0.9543
vn 0.2926 0.8971 0.3311
vn -0.9580 0.0079 0.2867
vn -0.0599 0.8054 -0.5897
vn 0.8317 -0.5080 0.2242
vn 0.9326 0.1231 0.3393
vn -0.9848 0.0540 0.1649
vn -0.8743 0.3590 0.3267
vn 0.7724 0.0375 -0.6340
vn 0.4389 0.1912 -0.8779
vn -0.8264 0.1293 0.5481
vn 0.7478 0.0222 -0.6636
vn 0.4155 0.6866 -0.5966
vn 0.9151 0.1755 -0.3630
vn -0.2310 0.9690 -0.0879
vn 0.9051 0.4240 0.0336
vn 0.1260 0.3287 0.9360
vn -0.8385 0.0474 0.5428
vn -0.6344 0.4896 0.5982
vn -0.8226 -0.0300 0.5678
vn 0.7158 0.0328 0.6975
vn 0.7308 0.0207 0.6823
vn 0.9905 0.1338 -0.0310
vn 0.5603 0.8283 -0.0096
vn 0.6924 0.0001 0.7215
vn 0.3191 0.2661 0.9096
vn 0.8855 0.1594 -0.4364
vn -0.2659 0.1291 0.9553
vn -0.3331 0.9160 -0.2234
vn -0.2394 0.5136 -0.8239
vn 0.7965 0.0896 -0.5979
vn -0.9909 -0.1009 0.0886
vn -0.9959 0.0824 0.0383
vn 0.1261 0.3276 0.9364
vn -0.8102 -0.0724 0.5816
vn 0.6998 0.2017 0.6853
vn -0.1341 0.9825 -0.1293
vn 0.6995 0.0249 0.7142
vn -0.1043 0.6025 0.7913
vn 0.0414 0.5543 -0.8313
vn 0.1632 -0.2000 0.9661
vn 0.2788 0.9176 0.2834
vn -0.9915 -0.0450 0.1220
vn 0.5417 -0.2264 0.8095
vn -0.0452 0.9959 -0.0784
vn 0.6867 0.0835 -0.7221
vn -0.9690 -0.1896 0.1587
vn -0.2319 0.6078 0.7595
vn -0.8182 -0.5471 0.1767
vn -0.0176 0.9297 -0.3678
vn 0.3133 0.6827 0.6601
vn 0.3947 0.3232 -0.8601
vn -0.9720 0.2230 0.0736
vn 0.9671 0.2077 -0.1470
vn -0.1717 0.2344 0.9569
vn 0.2343 -0.0344 0.9715
vn -0.8774 0.3712 0.3038
vn -0.9286 0.3664 -0.0584
vn 0.2854 0.4046 -0.8688
vn 0.2570 0.2053 0.9444
vn -0.1855 0.3593 0.9146
vn -0.1685 0.3542 -0.9199
vn -0.8868 0.0431 0.4602
vn 0.2457 0.5543 -0.7952
vn 0.0874 0.2683 -0.9594
vn 0.8822 0.4686 -0.0462
vn 0.9797 -0.0313 0.1978
vn 0.2655 -0.9325 0.2450
vn -0.9679 0.2499 -0.0276
vn 0.1749 0.9818 0.0745
vn -0.7988 -0.0064 0.6016
vn 0.3225 0.0688 0.9440
vn -0.6177 0.5078 0.6004
vn 0.1778 0.3445 -0.9218
vn 0.8494 -0.4018 -0.3422
vn 0.9483 0.3108 -0.0649
vn 0.9993 -0.0311 0.0197
vn 0.2506 0.2929 0.9227
vn 0.9418 0.2071 0.2649
vn -0.2731 0.4836 -0.8316
vn -0.8914 -0.2513 -0.3771
vn -0.9019 0.4112 -0.1323
vn 0.7651 0.5856 0.2678
vn 0.7830 0.0234 0.6216
vn -0.9924 0.1228 0.0036
vn 0.6245 0.7810 0.0001
vn -0.9897 0.0951 0.1070
vn 0.9707 0.0884 0.2236
vn -0.9950 0.0894 0.0449
vn -0.6418 0.4111 0.6474
vn -0.9580 -0.1148 -0.2628
vn -0.0548 0.9891 0.1368
vn 0.7727 0.0365 -0.6337
vn 0.1809 0.0342 0.9829
vn 0.0599 0.9923 0.1083
vn 0.9008 0.0804 0.4267
vn 0.8735 0.4256 0.2366
vn 0.4730 -0.0508 0.8796
vn -0.9634 0.2325 0.1333
vn 0.9626 0.2700 0.0228
vn -0.7374 -0.4242 -0.5255
vn -0.3297 0.5736 -0.7499
vn 0.9056 0.1750 -0.3865
vn 0.4404 -0.8953 0.0677
vn -0.6265 0.2602 0.7347
vn 0.3295 -0.7497 -0.5739
vn 0.6227 0.7065 0.3363
vn -0.7153 -0.0174 0.6986
vn -0.8858 -0.4210 0.1952
vn 0.0173 -0.0918 0.9956
vn 0.6854 0.7025 -0.1915
vn -0.2377 0.4840 -0.8422
vn -0.1259 0.9693 0.2113
vn -0.8771 0.4787 -0.0389
vn 0.9834 0.0507 -0.1743
vn -0.9898 -0.1416 0.0167
vn 0.9191 0.1037 0.3801
vn -0.7687 -0.5938 0.2377
vn -0.7340 0.3253 0.5962
vn -0.0658 -0.0084 0.9978
vn 0.9548 0.2888 0.0703
vn 0.9409 0.3289 -0.0807
vn 0.7754 0.0315 0.6307
vn -0.1918 0.9692 -0.1542
vn -0.1659 0.4942 -0.8533
vn 0.1556 0.2030 0.9667
vn 0.5498 0.7621 0.3420
vn -0.9576 -0.2846 0.0458
vn 0.5018 0.6968 0.5125
vn -0.6586 0.2712 0.7019
vn -0.1097 0.5744 -0.8112
vn -0.9496 -0.0112 -0.3134
vn -0.5022 0.1402 0.8533
vn -0.9433 0.1430 -0.2996
vn -0.9844 0.1569 -0.0797
vn 0.9369 0.1564 -0.3127
vn -0.0592 0.9900 -0.1281
vn -0.8348 0.3316 0.4395
vn -0.9285 0.2919 0.2296
vn 0.6122 -0.7896 0.0420
vn 0.0722 0.5656 -0.8215
vn -0.4508 0.1570 0.8787
vn 0.9326 0.1899 0.3069
vn 0.4386 0.2881 -0.8512
vn 0.4383 0.8708 0.2229
vn 0.8330 -0.5513 0.0475
vn -0.9511 0.2367 0.1983
vn -0.9902 -0.0664 0.1226
vn 0.2855 0.8705 0.4009
vn -0.2020 0.4086 0.8901
vn 0.3519 -0.0679 0.9336
vn 0.7942 0.3141 0.5201
vn 0.7795 0.2219 -0.5858
vn -0.7635 -0.0302 0.6452
vn -0.8518 0.5122 0.1104
vn -0.9781 0.0796 -0.1921
vn 0.9040 0.1076 -0.4138
vn -0.2268 0.4195 -0.8790
vn -0.7770 0.0771 0.6248
vn -0.2314 0.8005 -0.5528
vn 0.9556 0.2651 0.1283
vn 0.4606 0.7527 0.4703
vn -0.4694 0.6534 0.5940
vn 0.4378 0.8186 0.3718
vn 0.9052 -0.1180 -0.4082
vn -0.8122 -0.0386 0.5821
vn -0.0609 0.9941 -0.0894
vn -0.7827 0.4723 0.4053
vn 0.0384 0.7045 -0.7086
vn 0.7300 -0.0875 0.6779
vn 0.9380 0.0888 0.3352
vn -0.2957 0.1483 0.9437
vn -0.3178 0.5626 0.7632
vn -0.6757 0.4425 0.5896
vn 0.9433 -0.1760 0.2815
vn -0.2448 0.8474 -0.4711
vn 0.1826 0.9186 0.3504
vn -0.4300 0.0001 0.9028
vn -0.5545 0.3236 0.7667
vn -0.9009 -0.0480 -0.4314
vn -0.2877 -0.1784 0.9410
vn 0.5490 0.6336 0.5451
vn -0.2916 0.5793 0.7612
vn 0.6074 0.0020 0.7944
vn -0.5731 -0.6913 0.4401
vn -0.7090 0.6853 0.1662
vn -0.7078 0.6509 0.2744
vn 0.9488 0.0198 0.3152
vn 0.9694 -0.0376 -0.2426
vn 0.9184 0.0714 0.3892
vn 0.5776 0.7001 -0.4198
vn -0.8279 -0.4319 0.3580
vn 0.9762 0.1432 0.1629
vn 0.6853 0.1148 0.7191
vn -0.3826 0.9223 0.0549
vn 0.6709 0.3777 0.6381
vn 0.7857 0.0686 -0.6148
vn 0.8191 0.5605 0.1219
vn 0.3623 0.6066 -0.7077
vn -0.9458 0.1825 0.2685
vn -0.1616 0.3276 0.9309
vn -0.5832 0.0332 0.8117
vn 0.2662 0.8139 0.5165
vn 0.9733 -0.0988 0.2072
vn 0.5954 -0.0364 0.8026
vn -0.8998 0.4355 -0.0276
vn 0.9417 0.3282 0.0741
vn -0.8293 0.0016 0.5588
vn 0.6350 0.6303 0.4467
vn -0.0306 -0.3939 0.9186
vn 0.8592 -0.4527 0.2383
vn 0.8640 0.4962 -0.0855
vn 0.9458 0.1445 0.2908
vn 0.7736 0.6320 0.0472
vn 0.6521 0.7570 -0.0417
vn 0.7998 0.5965 0.0666
vn -0.8765 0.4570 -0.1514
vn 0.7785 0.6239 -0.0680
vn -0.9766 0.0420 -0.2111
vn 0.8931 0.4112 -0.1822
vn 0.8078 0.5889 -0.0253
vn 0.7843 0.6184 -0.0502
vn -0.8298 -0.0210 0.5577
vn -0.8779 0.4403 0.1883
vn 0.7640 0.6452 -0.0072
vn 0.8906 0.4482 -0.0767
vn 0.7682 0.6396 -0.0288
vn 0.9966 -0.0567 -0.0590
vn 0.8869 0.4514 -0.0981
vn -0.9417 0.0041 0.3365
vn -0.9013 0.3351 0.2744
vn -0.1916 0.6500 0.7354
vn -0.9250 0.2011 -0.3223
vn 0.0333 0.9256 0.3771
vn 0.0254 0.9679 0.2502
vn 0.0164 0.9895 0.1437
vn 0.0761 0.9674 0.2416
vn 0.0489 0.9892 0.1383
vn -0.5963 0.4152 -0.6870
vn -0.8743 0.4107 0.2588
vn -0.7657 0.2785 -0.5798
vn 0.3151 0.6832 -0.6588
vn -0.6702 0.4265 -0.6074
vn 0.5022 0.8609 -0.0814
vn 0.0976 0.9793 0.1774
vn 0.0781 0.9892 0.1243
vn 0.1177 0.9845 0.1304
vn 0.1027 0.9891 0.1052
vn -0.2678 0.8649 -0.4245
vn -0.2635 0.0503 -0.9633
vn -0.7471 0.6007 -0.2847
vn 0.0362 0.9918 0.1227
vn 0.3038 0.4860 -0.8195
vn -0.1467 0.8074 -0.5715
vn -0.2510 0.9430 -0.2186
vn 0.1706 0.9789 0.1123
vn 0.1236 0.9888 0.0840
vn 0.7600 0.0749 0.6455
vn 0.1426 0.9878 0.0621
vn 0.9280 0.1844 0.3237
vn 0.8767 0.3945 -0.2754
vn 0.6017 0.7927 -0.0978
vn 0.0802 0.9955 -0.0501
vn 0.2370 0.9670 0.0936
vn 0.5975 0.8006 0.0454
vn 0.3623 0.9310 0.0443
vn 0.2797 0.9582 0.0598
vn 0.1590 0.9865 0.0385
vn -0.9352 0.0312 -0.3528
vn 0.7738 0.6249 0.1036
vn 0.5948 0.8034 0.0285
vn 0.4305 0.9023 0.0212
vn 0.2891 0.9571 0.0183
vn 0.1713 0.9851 0.0125
vn 0.5935 0.8045 -0.0239
vn 0.4353 0.8939 0.1070
vn 0.2148 0.9765 -0.0169
vn 0.1713 0.9851 -0.0152
vn 0.5364 0.8439 -0.0028
vn 0.5685 0.6720 0.4746
vn 0.2100 0.9765 -0.0478
vn 0.1640 0.9856 -0.0423
vn -0.6646 -0.7375 0.1202
vn -0.1454 0.2728 0.9510
vn 0.1488 0.9866 -0.0672
vn -0.3007 0.6738 0.6749
vn 0.9986 -0.0503 0.0131
vn 0.6928 -0.6844 0.2271
vn -0.8593 0.0245 0.5109
vn 0.2860 0.7241 0.6276
vn -0.0234 0.2172 0.9758
vn 0.0673 -0.9637 0.2584
vn 0.9946 -0.0659 0.0805
vn 0.8718 -0.3564 0.3360
vn -0.0154 0.1024 0.9946
vn 0.3524 0.6939 -0.6279
vn 0.7449 0.1516 -0.6497
vn -0.2327 -0.5747 -0.7846
vn 0.1614 0.9117 0.3778
vn 0.3621 -0.9076 0.2125
vn 0.0716 0.8535 -0.5162
vn 0.1162 0.9838 -0.1362
vn 0.7595 0.0126 0.6504
vn -0.7067 0.1995 0.6788
vn -0.8618 0.5061 0.0355
vn 0.8324 0.5534 -0.0286
vn 0.9769 0.0989 0.1894
vn 0.9790 0.2030 -0.0178
vn -0.4726 0.8565 -0.2073
vn -0.7185 0.1376 0.6818
vn 0.9838 0.0975 0.1504
vn -0.0060 0.9921 -0.1250
vn 0.8780 0.1214 0.4630
vn -0.6006 -0.1021 0.7930
vn -0.0289 0.4422 0.8964
vn -0.3042 0.2260 -0.9254
vn 0.1734 0.9764 0.1290
vn -0.9826 0.0382 0.1817
vn 0.1714 -0.3934 0.9033
vn -0.9802 0.1978 -0.0079
vn -0.2731 0.5355 0.7992
vn -0.2215 0.5045 0.8345
vn 0.8295 0.5367 0.1546
vn 0.9699 0.2157 0.1128
vn 0.8666 0.4989 -0.0068
vn -0.1717 0.4373 0.8828
vn 0.7970 -0.0489 0.6020
vn -0.4984 -0.8622 -0.0911
vn -0.1843 0.2431 0.9523
vn -0.2318 0.8501 -0.4728
vn 0.1189 0.9558 -0.2688
vn 0.5889 -0.7990 0.1214
vn 0.6903 0.7216 -0.0527
vn -0.1058 0.0247 0.9941
vn 0.9827 -0.1646 0.0847
vn 0.7431 -0.4532 0.4923
vn -0.0341 0.2866 0.9574
vn -0.1795 0.9761 -0.1226
vn -0.1278 0.9878 -0.0888
vn -0.5102 -0.1044 0.8537
vn -0.5220 -0.3416 0.7816
vn -0.2142 0.9726 -0.0898
vn -0.1465 0.9870 -0.0661
vn -0.9961 -0.0001 0.0884
vn -0.7511 0.6586 0.0462
vn -0.8052 0.5897 -0.0615
vn -0.5938 0.8043 -0.0223
vn -0.8862 0.3184 0.3366
vn 0.0190 0.9998 0.0100
vn -0.1614 0.9860 -0.0416
vn -0.5389 0.8361 0.1027
vn -0.2955 0.9551 -0.0235
vn -0.1713 0.9851 -0.0152
vn -0.5942 0.8040 -0.0240
vn -0.5961 0.8024 0.0287
vn -0.4377 0.8989 0.0218
vn -0.2956 0.9551 0.0188
vn -0.1713 0.9851 0.0125
vn -0.2797 0.9582 0.0598
vn -0.1630 0.9858 0.0395
vn 0.3378 0.8644 -0.3724
vn -0.7518 0.6543 0.0814
vn -0.5698 0.8210 0.0359
vn -0.4223 0.9044 0.0607
vn -0.3177 0.1742 -0.9321
vn 0.1983 0.8510 -0.4863
vn -0.3490 0.9341 0.0757
vn -0.1980 0.9772 0.0761
vn -0.1466 0.9871 0.0639
vn -0.1706 0.9789 0.1123
vn -0.1247 0.9886 0.0848
vn 0.3845 -0.2121 0.8985
vn 0.5810 0.7635 0.2821
vn -0.0549 0.9984 -0.0103
vn -0.1177 0.9845 0.1304
vn -0.1008 0.9895 0.1033
vn -0.0757 0.9898 0.1205
vn -0.6818 0.1520 0.7155
vn -0.0976 0.9793 0.1774
vn 0.0849 0.0182 -0.9962
vn 0.2312 0.8841 0.4061
vn 0.6414 -0.0705 0.7640
vn -0.0761 0.9674 0.2416
vn -0.0477 0.9897 0.1350
vn -0.0252 0.9496 0.3124
vn -0.0259 0.9668 0.2541
vn -0.0166 0.9893 0.1450
vn -0.9852 -0.0906 0.1458
vn -0.3758 0.7360 -0.5631
vn 0.9806 0.1685 -0.0999
vn -0.0663 0.8931 -0.4450
vn -0.3617 0.0161 0.9322
vn -0.6014 -0.0909 0.7938
vn -0.3069 -0.0537 0.9502
vn 0.3273 0.2260 0.9175
vn -0.0548 -0.0987 0.9936
vn -0.7354 0.6691 -0.1070
vn 0.8906 0.1356 0.4341
vn 0.2874 0.9544 -0.0810
vn 0.7694 -0.0934 0.6319
vn 0.1265 0.8233 0.5533
vn 0.7074 0.3059 -0.6372
vn -0.8843 0.3172 0.3426
vn 0.7529 -0.0527 0.6560
vn -0.1907 -0.1254 0.9736
vn -0.7994 0.3685 0.4746
vn -0.9340 0.0469 0.3543
vn -0.2189 0.1832 0.9584
vn 0.1074 -0.9821 0.1550
vn 0.3312 0.1848 -0.9253
vn 0.9563 0.1641 -0.2418
vn 0.0370 -0.9067 0.4201
vn 0.2976 0.8989 0.3216
vn -0.0693 0.4798 -0.8746
vn 0.0141 0.8934 0.4491
vn -0.3426 0.9252 -0.1632
vn 0.2581 -0.1190 -0.9588
vn -0.2082 -0.7359 0.6443
vn -0.8504 -0.5137 0.1137
vn -0.8027 -0.0937 0.5889
vn 0.0035 0.9890 0.1476
vn 0.8128 0.5649 0.1423
vn -0.3952 0.6705 -0.6279
vn -0.4810 0.1045 0.8704
vn -0.8188 0.4045 0.4073
vn 0.2195 0.9433 -0.2491
vn -0.9564 0.0433 -0.2888
vn 0.0606 0.9923 0.1078
vn 0.7835 0.0094 0.6213
vn -0.2584 0.4920 -0.8314
vn -0.1639 0.9715 -0.1712
vn -0.3597 0.9127 -0.1940
vn -0.9554 0.2944 -0.0217
vn 0.9725 -0.1224 0.1984
vn 0.1597 -0.8072 0.5683
vn 0.7887 0.2205 -0.5738
vn -0.2742 0.6487 0.7100
vn 0.9206 -0.2019 0.3343
vn -0.1475 -0.9849 0.0902
vn 0.1453 -0.4948 -0.8568
vn 0.8593 0.3990 0.3200
vn 0.9330 -0.0639 0.3542
vn 0.0498 0.9872 0.1514
vn -0.9766 0.2146 0.0094
vn 0.3610 0.8102 -0.4618
vn 0.1222 0.9428 0.3101
vn 0.0179 0.9670 0.2542
vn 0.0128 0.9894 0.1450
vn 0.0050 0.9989 0.0467
vn 0.0398 0.9708 0.2364
vn 0.0380 0.9897 0.1384
vn 0.0150 0.9989 0.0450
vn -0.8797 0.3646 0.3054
vn 0.4555 0.3574 0.8154
vn -0.1279 0.9911 -0.0378
vn -0.9670 0.1837 -0.1766
vn -0.8691 0.4631 0.1737
vn -0.8158 0.5769 -0.0411
vn -0.9387 0.2001 -0.2808
vn 0.0538 0.9713 0.2317
vn 0.0647 0.9898 0.1267
vn 0.0251 0.9988 0.0416
vn 0.0940 0.9793 0.1795
vn 0.0954 0.9896 0.1078
vn 0.0347 0.9987 0.0362
vn -0.8517 0.2968 -0.4318
vn 0.4287 0.6798 -0.5951
vn -0.5717 0.6863 0.4496
vn -0.4958 0.8608 0.1151
vn -0.8091 -0.0680 -0.5837
vn -0.2737 0.3437 -0.8983
vn 0.2553 0.9087 -0.3303
vn 0.1789 0.9809 0.0760
vn 0.1267 0.9885 0.0822
vn 0.0433 0.9986 0.0290
vn 0.1509 0.9870 0.0549
vn 0.0499 0.9985 0.0207
vn 0.9509 0.1945 0.2406
vn 0.0747 0.5380 -0.8396
vn 0.4509 0.8695 -0.2017
vn 0.2374 0.9712 0.0225
vn 0.5732 0.8194 -0.0025
vn 0.4361 0.8999 -0.0074
vn 0.2712 0.9623 0.0198
vn 0.1652 0.9858 0.0305
vn 0.0542 0.9985 0.0119
vn 0.7635 0.6426 0.0643
vn -0.9931 0.1120 0.0334
vn 0.0564 0.9984 0.0031
vn 0.5996 0.7996 0.0347
vn 0.4378 0.8990 0.0136
vn 0.2956 0.9553 0.0094
vn 0.1703 0.9854 0.0084
vn 0.5950 0.8034 -0.0226
vn 0.2083 0.6895 -0.6937
vn 0.5118 0.8590 -0.0158
vn 0.2939 0.9495 0.1102
vn 0.1708 0.9852 -0.0133
vn 0.0563 0.9984 -0.0058
vn 0.0543 0.9984 -0.0145
vn 0.6020 0.7979 0.0321
vn 0.7333 0.6759 -0.0745
vn 0.0379 0.8716 0.4888
vn 0.1640 0.9858 -0.0362
vn -0.1397 0.4066 -0.9028
vn -0.9947 0.0764 -0.0692
vn 0.7130 0.6830 -0.1588
vn 0.0500 0.9985 -0.0231
vn -0.9440 0.2716 0.1873
vn -0.7554 0.6471 -0.1033
vn -0.2600 0.3953 0.8810
vn -0.9292 -0.2927 0.2256
vn -0.8805 0.1542 0.4483
vn 0.8535 -0.5078 0.1169
vn 0.0436 0.9986 -0.0311
vn 0.8129 0.5793 0.0607
vn 0.0695 0.8154 -0.5747
vn 0.7574 -0.5764 0.3068
vn 0.0354 0.9987 -0.0380
vn 0.7887 0.2175 0.5750
vn -0.8917 0.1096 0.4391
vn 0.7054 0.0259 0.7084
vn 0.9753 0.2195 0.0234
vn 0.9685 0.2483 -0.0193
vn 0.4311 0.2831 -0.8567
vn -0.9853 -0.0000 0.1708
vn -0.4471 0.8749 -0.1861
vn 0.0258 0.9987 -0.0433
vn 0.9693 -0.1788 -0.1688
vn -0.9877 -0.1041 -0.1165
vn 0.0157 0.9988 -0.0469
vn -0.7309 0.1142 0.6729
vn 0.9883 -0.0275 0.1499
vn -0.1159 0.8720 0.4756
vn -0.3063 0.0645 -0.9498
vn -0.1459 0.1242 -0.9815
vn 0.7862 0.3616 -0.5011
vn 0.4043 0.0352 -0.9140
vn 0.2376 0.2254 -0.9449
vn -0.4768 0.7877 -0.3901
vn -0.3377 0.8708 -0.3573
vn 0.3508 0.0810 -0.9329
vn -0.0050 0.9989 0.0467
vn -0.0127 0.9894 0.1444
vn -0.0176 0.9677 0.2515
vn -0.1312 0.9237 0.3600
vn 0.0871 0.6280 0.7733
vn 0.3778 0.1000 -0.9205
vn -0.0150 0.9989 0.0450
vn -0.0386 0.9894 0.1400
vn -0.0398 0.9708 0.2364
vn -0.0516 0.9259 0.3742
vn -0.9117 0.4014 0.0877
vn -0.0538 0.9713 0.2317
vn 0.1431 0.6594 0.7381
vn -0.0251 0.9988 0.0416
vn -0.0660 0.9895 0.1286
vn -0.0347 0.9987 0.0362
vn -0.0964 0.9894 0.1088
vn -0.0940 0.9793 0.1795
vn -0.5392 0.4518 0.7108
vn 0.0849 -0.0306 0.9959
vn 0.1889 0.2854 0.9396
vn 0.3978 0.8736 0.2803
vn 0.9416 -0.2181 -0.2566
vn -0.0433 0.9986 0.0290
vn -0.1262 0.9886 0.0818
vn -0.1789 0.9809 0.0760
vn -0.0499 0.9985 0.0207
vn -0.1489 0.9874 0.0540
vn -0.2642 0.9638 0.0352
vn -0.2464 0.9162 -0.3159
vn -0.6402 0.5164 -0.5688
vn 0.1758 0.9808 -0.0838
vn -0.3888 0.9210 -0.0219
vn -0.5976 0.8016 0.0198
vn -0.0542 0.9985 0.0119
vn -0.1631 0.9862 0.0300
vn -0.2712 0.9623 0.0198
vn -0.0564 0.9984 0.0031
vn -0.1703 0.9854 0.0084
vn -0.2911 0.9566 0.0090
vn -0.4321 0.9017 0.0131
vn -0.5940 0.8039 0.0305
vn -0.5936 0.8044 -0.0233
vn -0.0563 0.9984 -0.0058
vn -0.1708 0.9852 -0.0133
vn -0.2324 0.9663 0.1108
vn -0.4378 0.8990 -0.0087
vn -0.1654 0.9856 -0.0365
vn -0.2618 0.8238 0.5029
vn -0.5168 0.8561 0.0036
vn -0.5540 0.8310 0.0507
vn 0.2612 0.6182 -0.7413
vn -0.2544 0.6868 0.6808
vn -0.0543 0.9984 -0.0145
vn -0.7984 0.3955 0.4539
vn -0.0500 0.9985 -0.0231
vn -0.1515 0.9865 -0.0618
vn 0.0466 0.9700 -0.2385
vn -0.8497 -0.4448 0.2831
vn -0.9179 0.1722 0.3575
vn -0.1290 0.9877 -0.0881
vn -0.1932 0.9741 -0.1173
vn -0.6710 0.7306 -0.1264
vn -0.8315 0.0332 0.5546
vn -0.0436 0.9986 -0.0311
vn 0.2124 0.9659 -0.1480
vn -0.0354 0.9987 -0.0380
vn -0.1007 0.9886 -0.1117
vn 0.1191 0.9619 -0.2461
vn -0.7932 0.3234 0.5159
vn -0.1424 0.1768 0.9739
vn -0.5394 0.6646 0.5171
vn 0.6753 -0.3207 -0.6642
vn -0.8815 0.4306 0.1937
vn 0.9640 0.1072 -0.2434
vn -0.0258 0.9987 -0.0433
vn -0.0841 0.9704 -0.2264
vn -0.7847 0.1149 -0.6092
vn -0.0157 0.9988 -0.0469
vn 0.9956 0.0034 0.0937
vn -0.0131 0.6541 -0.7563
vn -0.8322 0.4205 0.3613
vn -0.9040 0.1752 0.3900
vn -0.4507 0.8856 0.1123
vn 0.9265 -0.1639 0.3387
vn -0.5791 0.0290 0.8148
vn -0.8417 0.2100 0.4975
vn -0.0052 0.9988 -0.0486
vn -0.0602 0.9111 0.4079
vn -0.0728 0.9698 -0.2328
vn 0.0052 0.9988 -0.0486
vn -0.0109 -0.9134 0.4069
vn 0.2562 -0.8845 0.3898
vn -0.9538 0.2931 -0.0652
vn -0.6477 0.7543 0.1072
vn 0.0504 0.9701 -0.2376
vn 0.9426 0.0460 -0.3307
vn 0.3434 0.1074 -0.9330
vn 0.7935 0.5937 -0.1334
vn 0.1955 0.9732 0.1212
vn -0.7972 0.2892 -0.5300
vn 0.2492 0.6191 -0.7447
vn 0.5726 0.5034 -0.6470
vn -0.8513 0.5246 0.0023
vn -0.8976 0.0149 -0.4405
vn 0.8498 0.4840 0.2090
vn -0.8307 0.1135 -0.5451
vn 0.2592 0.8593 0.4409
vn 0.0021 0.4463 -0.8949
vn 0.6898 0.1231 -0.7135
vn -0.2031 0.9673 0.1518
vn -0.5323 0.1845 -0.8262
vn 0.3172 0.9365 0.1497
vn 0.8396 0.2035 -0.5036
vn 0.2026 0.9640 0.1720
vn 0.2601 0.8197 -0.5103
vn 0.0823 0.9857 -0.1474
vn -0.0340 0.8769 -0.4794
vn -0.0580 0.6942 0.7174
vn 0.7206 0.6845 -0.1101
vn -0.2763 0.8838 0.3775
vn -0.5484 0.4644 0.6954
vn -0.3315 0.9138 -0.2347
vn -0.0733 0.4749 0.8770
vn 0.2329 0.8327 -0.5023
vn 0.7681 0.5966 0.2326
vn -0.8383 0.5322 0.1184
vn 0.1565 0.1184 -0.9806
vn 0.5483 0.0154 0.8361
vn -0.1476 0.1485 0.9778
vn -0.6451 0.4599 0.6102
vn -0.2286 0.4190 0.8787
vn 0.0881 0.3459 0.9341
vn 0.4989 0.5469 0.6723
vn 0.6139 0.1965 0.7645
vn -0.2363 0.8928 0.3836
vn -0.9598 0.2189 -0.1760
vn 0.1954 0.5059 0.8402
vn 0.1536 0.2887 0.9450
vn 0.7564 0.0371 0.6531
vn 0.9499 0.1251 0.2863
vn 0.4557 0.6913 0.5607
vn 0.5772 0.7940 -0.1909
vn 0.1303 0.4159 -0.9000
vn 0.6797 -0.0651 0.7306
vn 0.4287 0.6650 -0.6115
vn 0.9369 0.3282 0.1201
vn -0.9309 0.3652 0.0084
vn -0.9415 -0.1730 0.2891
vn 0.1328 0.3228 0.9371
vn -0.3270 0.7317 0.5980
vn 0.5086 0.8572 -0.0810
vn 0.7269 0.6177 0.3000
vn -0.1907 0.9090 0.3707
vn -0.3424 0.1051 -0.9337
vn -0.1088 0.2960 0.9490
vn 0.6963 0.7163 0.0468
vn 0.4608 0.7920 -0.4005
vn 0.3122 0.7532 0.5790
vn 0.0784 0.3459 0.9350
vn 0.4801 0.2283 0.8470
vn 0.7284 0.6837 0.0449
vn 0.6847 0.7133 0.1494
vn 0.1022 0.9752 0.1961
vn -0.2143 0.9710 0.1062
vn -0.2201 0.2424 0.9449
vn -0.4669 -0.4709 0.7485
vn -0.5824 0.7546 0.3025
vn -0.2425 0.5552 0.7956
vn 0.4794 0.8774 0.0161
vn -0.5403 0.4178 -0.7304
vn -0.2392 0.7945 0.5581
vn -0.4544 0.3005 -0.8386
vn 0.3698 0.2693 0.8892
vn -0.2841 0.8810 0.3783
vn -0.2045 0.7472 0.6324
vn 0.9140 -0.0960 0.3943
vn -0.6594 0.5561 0.5058
vn 0.2191 0.9113 0.3486
vn 0.0783 0.3652 -0.9276
vn 0.2173 0.4843 0.8475
vn 0.8581 0.4955 0.1346
vn -0.7563 0.6521 0.0528
vn -0.9772 0.2097 -0.0340
vn -0.1601 0.1322 -0.9782
vn 0.0110 0.6659 -0.7460
vn 0.8313 0.1569 -0.5332
vn -0.8751 0.4291 -0.2238
vn 0.5103 0.1114 0.8527
vn 0.5985 0.3654 0.7129
vn -0.5092 0.6917 -0.5121
vn 0.2916 0.5869 0.7554
vn -0.0968 0.9800 0.1737
vn -0.4846 0.6599 0.5742
vn -0.9689 0.2290 0.0937
vn 0.7815 0.5440 0.3055
vn 0.1742 0.9789 0.1069
vn 0.2230 0.9409 0.2549
vn -0.7831 0.6064 -0.1377
vn -0.9791 0.1104 -0.1710
vn -0.8597 0.5086 -0.0463
vn -0.5528 0.5374 0.6368
vn 0.0651 0.5467 0.8348
vn 0.2957 0.9545 0.0394
vn -0.1412 0.9250 0.3528
vn 0.9753 0.1301 -0.1782
vn 0.7083 0.3469 -0.6148
vn -0.3998 0.6283 0.6674
vn -0.0221 0.9998 0.0010
vn -0.0407 0.9707 0.2367
vn 0.2158 0.9009 -0.3767
vn -0.5899 0.4307 -0.6830
vn 0.6092 0.7919 -0.0421
vn 0.8560 0.4210 0.3000
vn -0.8415 0.4995 -0.2060
vn 0.9774 0.2046 0.0540
vn -0.5269 0.2803 -0.8024
vn -0.3215 0.8929 -0.3153
vn -0.0527 0.9933 -0.1031
vn -0.0881 0.7696 -0.6324
vn -0.8929 0.3530 -0.2796
vn -0.7569 -0.0551 -0.6512
vn -0.3108 0.3667 -0.8769
vn 0.3102 0.7704 -0.5571
vn -0.0686 0.1600 -0.9847
vn 0.6937 0.6994 0.1721
vn -0.2412 0.6636 -0.7081
vn -0.3870 0.7740 -0.5011
vn 0.1345 0.9526 -0.2730
vn -0.9877 0.0952 0.1239
vn -0.4613 0.8780 -0.1279
vn 0.4239 0.2605 0.8674
vn -0.7100 0.0794 0.6997
vn -0.9748 0.2207 -0.0313
vn -0.8812 0.4683 0.0653
vn -0.7492 0.3268 0.5761
vn 0.0329 0.3955 0.9179
vn 0.8469 0.5112 -0.1466
vn 0.8238 0.2021 0.5296
vn 0.6000 0.3573 0.7158
vn 0.2447 0.8761 0.4154
vn 0.5014 0.2230 -0.8360
vn -0.6919 0.0750 0.7181
vn 0.8479 0.4512 0.2784
vn -0.7510 0.6537 -0.0928
vn -0.5828 -0.0688 -0.8097
vn -0.1415 0.5216 -0.8414
vn -0.6899 0.7022 0.1758
vn -0.9666 0.2228 0.1264
vn 0.8430 0.2766 0.4614
vn 0.9640 0.1135 0.2406
vn -0.8943 -0.4173 0.1615
vn 0.9223 0.2008 0.3301
vn 0.9981 0.0088 0.0616
vn -0.6064 0.7877 -0.1086
vn 0.9943 0.0511 0.0935
vn -0.9872 0.1549 0.0390
vn -0.8924 0.4044 -0.2001
vn -0.2112 0.5874 0.7812
vn -0.1156 0.1797 0.9769
vn 0.8979 0.1605 0.4098
vn 0.3947 0.4211 0.8166
vn -0.9913 0.1213 -0.0508
vn -0.7585 0.6517 -0.0082
vn -0.7301 0.4403 -0.5226
vn -0.7505 0.4334 0.4989
vn -0.9598 0.2345 0.1542
vn -0.8230 0.1251 0.5542
vn 0.8585 0.1177 0.4991
vn 0.9697 0.1477 0.1945
vn 0.5902 -0.0313 0.8066
vn 0.8627 0.1078 0.4940
vn -0.9769 0.0761 0.1998
vn -0.2433 0.9693 0.0355
vn 0.8132 0.4584 -0.3586
vn -0.3469 0.8931 -0.2865
vn -0.8805 0.4700 -0.0624
vn 0.9431 0.1952 -0.2693
vn -0.1994 0.8743 -0.4424
vn 0.9263 0.3739 0.0469
vn 0.9959 0.0755 -0.0496
vn -0.7780 0.4236 0.4640
vn 0.1288 0.7116 -0.6907
vn -0.9522 0.2809 0.1197
vn 0.9303 0.1832 0.3179
vn 0.7700 0.6072 -0.1961
vn -0.8830 0.2984 0.3623
vn -0.1221 0.9888 -0.0859
vn -0.1444 0.6397 0.7550
vn -0.6006 -0.1019 0.7930
vn -0.0505 0.9910 0.1238
vn 0.6025 0.2762 -0.7488
vn -0.7358 0.4580 -0.4989
vn 0.0342 0.2291 -0.9728
vn 0.3333 0.7387 -0.5858
vn 0.7109 0.1815 0.6795
vn -0.9264 0.3602 0.1096
vn -0.3591 0.7044 -0.6122
vn -0.4775 0.2850 -0.8311
vn 0.5746 0.8184 0.0019
vn -0.6307 0.4772 -0.6120
vn -0.9366 -0.0126 0.3501
vn -0.1777 0.9715 -0.1572
vn -0.0572 0.9624 0.2655
vn 0.0517 0.2726 -0.9607
vn -0.0166 0.9172 -0.3981
vn -0.1555 0.9837 0.0906
vn 0.2032 0.9481 -0.2448
vn -0.9081 0.3824 -0.1707
vn -0.8897 0.2991 -0.3449
vn -0.5479 0.5659 -0.6161
vn 0.3511 0.8867 -0.3009
vn -0.5664 -0.1850 -0.8031
vn -0.8814 -0.4647 -0.0846
vn -0.3698 0.9235 0.1019
vn 0.0476 0.9903 0.1302
vn -0.0695 0.8816 -0.4669
vn -0.9388 0.2022 -0.2789
vn -0.8392 0.5339 -0.1033
vn 0.3113 0.7711 -0.5555
vn 0.4089 0.8432 -0.3489
vn -0.5357 0.0181 -0.8442
vn 0.0069 0.4379 0.8990
vn -0.6626 -0.0167 -0.7488
vn -0.3793 0.7227 -0.5778
vn 0.1522 0.1140 -0.9818
vn 0.4218 0.8110 -0.4054
vn -0.6099 0.7839 -0.1163
vn -0.8347 0.1628 -0.5262
vn -0.3554 0.2434 -0.9024
vn -0.7045 0.5200 -0.4830
vn -0.3580 0.8401 -0.4076
vn 0.0830 0.3104 -0.9470
vn 0.7202 0.0792 -0.6892
vn 0.2216 0.3196 -0.9213
vn -0.4915 0.7586 -0.4276
vn -0.0179 0.9190 -0.3938
vn -0.1600 0.1312 -0.9784
vn -0.8877 0.4564 0.0610
vn -0.1904 0.9719 -0.1386
vn 0.1500 0.7763 -0.6122
vn -0.8896 0.3730 0.2636
vn 0.5744 0.8063 -0.1409
vn 0.7063 0.3873 -0.5926
vn 0.8028 0.1093 0.5862
vn -0.3471 0.9363 -0.0544
vn -0.3249 0.9157 -0.2364
vn -0.6348 0.7726 -0.0132
vn 0.5556 0.0835 0.8273
vn -0.9706 -0.0474 -0.2359
vn 0.2593 0.9540 -0.1507
vn -0.5282 -0.6003 -0.6006
vn 0.6547 0.7522 0.0749
vn 0.0798 0.9824 0.1689
vn 0.0131 0.3510 -0.9363
vn 0.3535 0.8935 -0.2769
vn -0.1343 0.9730 0.1877
vn -0.5103 0.8481 -0.1424
vn -0.8761 0.2438 0.4159
vn 0.1290 0.9825 -0.1344
vn -0.9041 0.4016 0.1463
vn 0.6917 0.3237 0.6455
vn 0.0087 0.3547 -0.9349
vn 0.3185 0.5670 0.7597
vn -0.9752 0.1989 -0.0976
vn -0.0287 0.9996 -0.0004
vn -0.1808 0.8768 0.4456
vn -0.2779 0.9204 -0.2750
vn -0.7580 0.4353 -0.4857
vn -0.0018 0.3512 -0.9363
vn -0.1092 0.7674 -0.6318
vn 0.0834 0.7002 0.7090
vn -0.5330 0.7971 -0.2839
vn 0.7237 -0.4730 -0.5025
vn -0.8380 -0.0347 -0.5446
vn 0.3664 0.8518 0.3744
vn 0.8381 -0.4996 0.2189
vn -0.2075 0.7818 -0.5879
vn 0.8552 0.5176 -0.0268
vn -0.9061 0.3795 0.1872
vn -0.8684 0.4748 0.1427
vn 0.3409 0.0999 -0.9348
vn 0.1795 0.9537 -0.2412
vn -0.3974 0.3162 -0.8614
vn -0.6145 0.4603 -0.6406
vn 0.4742 0.8638 -0.1704
vn 0.3429 0.8320 -0.4362
vn -0.9705 0.1874 -0.1519
vn 0.4602 -0.4297 -0.7769
vn -0.3912 0.3963 -0.8306
vn 0.6967 0.1743 -0.6958
vn 0.2002 0.9062 -0.3725
vn 0.6354 0.4108 -0.6538
vn 0.1900 0.9737 0.1256
vn -0.3619 0.7693 -0.5265
vn 0.8910 0.4529 0.0309
vn -0.9762 -0.0193 0.2160
vn -0.6263 0.7794 0.0180
vn -0.4373 0.8850 -0.1599
vn 0.6003 0.7908 0.1192
vn -0.9899 0.1164 0.0805
vn -0.9277 0.1570 -0.3387
vn -0.8942 0.4085 0.1830
vn -0.8301 0.0253 0.5570
vn 0.9462 0.1543 0.2846
vn -0.9771 0.1973 -0.0799
vn -0.8602 0.4274 0.2783
vn -0.9880 0.1466 -0.0485
vn 0.6852 0.3628 -0.6316
vn -0.9253 0.1009 -0.3657
vn 0.8759 -0.3926 0.2806
vn -0.3529 0.4570 -0.8165
vn -0.0834 0.7003 0.7090
vn 0.9729 0.2314 0.0026
vn -0.2597 0.7533 0.6042
vn -0.9441 0.2435 0.2224
vn 0.5946 0.5745 -0.5625
vn -0.9237 -0.0024 -0.3830
vn 0.2799 0.1379 0.9501
vn -0.9800 0.1019 -0.1710
vn -0.9623 0.2581 0.0864
vn -0.0037 0.7926 0.6098
vn 0.9755 0.2197 0.0083
vn -0.7548 -0.1000 0.6483
vn -0.3610 0.9110 -0.1994
vn 0.6463 0.6181 -0.4475
vn 0.0372 0.9914 -0.1255
vn 0.8962 0.4380 -0.0711
vn 0.8222 0.5297 0.2084
vn 0.8050 0.1746 -0.5669
vn 0.3529 0.8440 -0.4039
vn 0.0075 0.8868 0.4622
vn 0.4666 0.1166 0.8767
vn 0.9602 0.0911 0.2642
vn -0.2471 0.8180 0.5195
vn 0.8341 0.5459 0.0790
vn 0.9483 0.1118 0.2972
vn 0.2978 0.6019 -0.7410
vn -0.8747 0.4083 0.2611
vn -0.9929 0.0913 -0.0764
vn -0.2375 0.8451 0.4790
vn -0.9946 0.0774 0.0699
vn -0.8330 0.0794 -0.5475
vn -0.3197 0.6837 0.6561
vn 0.3100 0.9039 0.2947
vn -0.9213 0.2793 0.2707
vn -0.4264 0.9034 -0.0461
vn -0.1042 0.9796 -0.1716
vn -0.8886 0.1506 0.4332
vn -0.1650 0.9189 0.3584
vn -0.1405 0.3531 0.9250
vn 0.3015 0.1707 0.9380
vn -0.4588 0.6854 0.5654
vn 0.0079 0.9856 -0.1690
vn 0.8013 0.5828 0.1353
vn -0.8734 0.4854 0.0402
vt 0.000000 0.000000
vt 0.781250 0.750000
vt 0.781250 0.812500
vt 0.750000 0.812500
vt 0.781250 0.875000
vt 0.750000 0.875000
vt 0.781250 0.937500
vt 0.750000 0.937500
vt 0.812500 0.875000
vt 0.812500 0.937500
vt 0.843750 0.812500
vt 0.843750 0.875000
vt 0.843750 0.937500
vt 0.875000 0.812500
vt 0.875000 0.875000
vt 0.875000 0.937500
vt 0.875000 0.687500
vt 0.875000 0.750000
vt 0.843750 0.750000
vt 0.906250 0.687500
vt 0.875000 0.625000
vt 0.906250 0.750000
vt 0.906250 0.812500
vt 0.906250 0.875000
vt 0.906250 0.937500
vt 0.937500 0.937500
vt 0.937500 0.687500
vt 0.906250 0.625000
vt 0.937500 0.750000
vt 0.937500 0.812500
vt 0.937500 0.875000
vt 0.968750 0.687500
vt 0.968750 0.750000
vt 0.968750 0.812500
vt 0.968750 0.875000
vt 0.968750 0.937500
vt 1.000000 0.687500
vt 1.000000 0.750000
vt 1.000000 0.812500
vt 1.000000 0.875000
vt 1.000000 0.937500
vt 0.031250 0.687500
vt 0.031250 0.750000
vt 0.000000 0.750000
vt 0.031250 0.812500
vt 0.000000 0.812500
vt 0.031250 0.875000
vt 0.000000 0.875000
vt 0.031250 0.937500
vt 0.000000 0.937500
vt 0.062500 0.687500
vt 0.062500 0.750000
vt 0.062500 0.812500
vt 0.062500 0.875000
vt 0.062500 0.937500
vt 0.093750 0.937500
vt 0.406250 0.875000
vt 0.375000 0.875000
vt 0.375000 0.812500
vt 0.406250 0.937500
vt 0.375000 0.937500
vt 0.437500 0.875000
vt 0.406250 0.812500
vt 0.437500 0.937500
vt 0.468750 0.687500
vt 0.437500 0.687500
vt 0.437500 0.625000
vt 0.468750 0.750000
vt 0.437500 0.750000
vt 0.468750 0.812500
vt 0.437500 0.812500
vt 0.468750 0.875000
vt 0.468750 0.937500
vt 0.500000 0.812500
vt 0.500000 0.875000
vt 0.500000 0.937500
vt 0.500000 0.687500
vt 0.500000 0.750000
vt 0.531250 0.687500
vt 0.531250 0.750000
vt 0.531250 0.812500
vt 0.531250 0.875000
vt 0.531250 0.937500
vt 0.562500 0.875000
vt 0.562500 0.937500
vt 0.562500 0.687500
vt 0.531250 0.625000
vt 0.562500 0.750000
vt 0.562500 0.812500
vt 0.593750 0.687500
vt 0.593750 0.750000
vt 0.593750 0.812500
vt 0.593750 0.875000
vt 0.593750 0.937500
vt 0.625000 0.875000
vt 0.625000 0.937500
vt 0.625000 0.812500
vt 0.656250 0.875000
vt 0.656250 0.937500
vt 0.687500 0.937500
vt 0.687500 0.875000
vt 0.656250 0.812500
vt 0.718750 0.812500
vt 0.718750 0.875000
vt 0.718750 0.937500
vt 0.750000 0.750000
vt 0.765625 1.000000
vt 0.812500 0.812500
vt 0.796875 1.000000
vt 0.828125 1.000000
vt 0.859375 1.000000
vt 0.843750 0.687500
vt 0.890625 1.000000
vt 0.921875 1.000000
vt 0.953125 1.000000
vt 0.984375 1.000000
vt 0.000000 0.687500
vt 0.015625 1.000000
vt 0.046875 1.000000
vt 0.078125 1.000000
vt 0.125000 0.937500
vt 0.109375 1.000000
vt 0.156250 0.937500
vt 0.140625 1.000000
vt 0.187500 0.937500
vt 0.171875 1.000000
vt 0.218750 0.937500
vt 0.203125 1.000000
vt 0.734375 1.000000
vt 0.718750 0.750000
vt 0.703125 1.000000
vt 0.687500 0.812500
vt 0.671875 1.000000
vt 0.640625 1.000000
vt 0.609375 1.000000
vt 0.578125 1.000000
vt 0.546875 1.000000
vt 0.515625 1.000000
vt 0.484375 1.000000
vt 0.453125 1.000000
vt 0.421875 1.000000
vt 0.390625 1.000000
vt 0.359375 1.000000
vt 0.343750 0.937500
vt 0.343750 0.875000
vt 0.328125 1.000000
vt 0.312500 0.937500
vt 0.296875 1.000000
vt 0.281250 0.937500
vt 0.265625 1.000000
vt 0.250000 0.937500
vt 0.234375 1.000000
s 0
f 420/1/1 5/1/1 383/1/1
f 2432/1/2 2861/1/2 1615/1/2
f 3068/1/3 880/1/3 2419/1/3
f 633/1/4 623/1/4 1101/1/4
f 3168/1/5 806/1/5 587/1/5
f 1805/1/6 2850/1/6 1490/1/6
f 2305/1/7 1854/1/7 2289/1/7
f 462/1/8 1113/1/8 3266/1/8
f 483/1/9 536/1/9 765/1/9
f 2458/1/10 1076/1/10 2273/1/10
f 729/1/11 1080/1/11 733/1/11
f 2302/1/12 1028/1/12 1029/1/12
f 2046/1/13 630/1/13 1198/1/13
f 547/1/14 795/1/14 852/1/14
f 369/1/15 736/1/15 735/1/15
f 1579/1/16 945/1/16 2557/1/16
f 358/1/17 612/1/17 653/1/17
f 3274/1/18 1674/1/18 1264/1/18
f 3281/1/19 1024/1/19 2446/1/19
f 619/1/20 1768/1/20 93/1/20
f 2158/1/21 604/1/21 2884/1/21
f 1831/1/22 180/1/22 52/1/22
f 2793/1/23 907/1/23 114/1/23
f 978/1/24 2792/1/24 3315/1/24
f 21/1/25 2288/1/25 830/1/25
f 789/1/26 852/1/26 677/1/26
f 31/1/27 3187/1/27 1112/1/27
f 172/1/28 2671/1/28 218/1/28
f 1831/1/29 52/1/29 218/1/29
f 2856/1/30 2008/1/30 2632/1/30
f 2410/1/31 503/1/31 1619/1/31
f 221/1/32 251/1/32 237/1/32
f 85/1/33 1824/1/33 3159/1/33
f 1817/1/34 3205/1/34 1490/1/34
f 210/1/35 30/1/35 155/1/35
f 2428/1/36 24/1/36 2289/1/36
f 24/1/37 2428/1/37 284/1/37
f 1866/1/38 2010/1/38 2219/1/38
f 1773/1/39 2469/1/39 2361/1/39
f 1823/1/40 2407/1/40 1782/1/40
f 450/1/41 1879/1/41 408/1/41
f 1753/1/42 3159/1/42 1824/1/42
f 2779/1/43 3159/1/43 1877/1/43
f 2427/1/44 288/1/44 1782/1/44
f 289/1/45 2342/1/45 3227/1/45
f 1824/1/46 2383/1/46 2343/1/46
f 290/1/47 2441/1/47 434/1/47
f 50/1/48 2378/1/48 1595/1/48
f 2397/1/49 1877/1/49 1781/1/49
f 2632/1/50 1355/1/50 1428/1/50
f 1222/1/51 746/1/51 2124/1/51
f 1407/1/52 2645/1/52 2137/1/52
f 1547/1/53 1845/1/53 296/1/53
f 158/1/54 221/1/54 226/1/54
f 3205/1/55 2472/1/55 1490/1/55
f 2010/1/56 295/1/56 296/1/56
f 1710/1/57 295/1/57 1711/1/57
f 1753/1/58 514/1/58 291/1/58
f 2342/1/59 2137/1/59 1698/1/59
f 1848/1/60 1850/1/60 1646/1/60
f 520/1/61 1753/1/61 291/1/61
f 907/1/62 186/1/62 29/1/62
f 3191/1/63 522/1/63 1619/1/63
f 1407/1/64 2491/1/64 2743/1/64
f 43/1/65 160/1/65 218/1/65
f 3220/1/66 66/1/66 2137/1/66
f 92/1/67 1094/1/67 390/1/67
f 545/1/68 571/1/68 587/1/68
f 223/1/69 262/1/69 257/1/69
f 2399/1/70 211/1/70 242/1/70
f 514/1/71 2277/1/71 3235/1/71
f 2342/1/72 1698/1/72 37/1/72
f 1877/1/73 2392/1/73 1781/1/73
f 2677/1/74 2623/1/74 1881/1/74
f 134/1/75 3259/1/75 547/1/75
f 621/1/76 631/1/76 3134/1/76
f 523/1/77 1151/1/77 1260/1/77
f 87/1/78 1609/1/78 1992/1/78
f 66/1/79 1698/1/79 2137/1/79
f 120/1/80 1882/1/80 48/1/80
f 53/1/81 9/1/81 2677/1/81
f 51/1/82 3197/1/82 2173/1/82
f 2378/1/83 48/1/83 2173/1/83
f 3082/1/84 1014/1/84 1085/1/84
f 43/1/85 52/1/85 238/1/85
f 806/1/86 3168/1/86 1255/1/86
f 3122/1/87 3218/1/87 1829/1/87
f 13/1/88 153/1/88 130/1/88
f 2359/1/89 2468/1/89 347/1/89
f 1014/1/90 3082/1/90 1010/1/90
f 51/1/91 2670/1/91 1597/1/91
f 2268/1/92 67/1/92 2266/1/92
f 2729/1/93 66/1/93 3220/1/93
f 3159/1/94 1753/1/94 1877/1/94
f 1755/1/95 120/1/95 2258/1/95
f 1660/1/96 2415/1/96 1594/1/96
f 1845/1/97 2010/1/97 296/1/97
f 307/1/98 3175/1/98 507/1/98
f 2670/1/99 48/1/99 1882/1/99
f 1730/1/100 1848/1/100 1646/1/100
f 2665/1/101 3130/1/101 673/1/101
f 1595/1/102 14/1/102 2166/1/102
f 14/1/103 1595/1/103 2173/1/103
f 1844/1/104 2717/1/104 3204/1/104
f 56/1/105 403/1/105 406/1/105
f 289/1/106 3227/1/106 2779/1/106
f 514/1/107 3235/1/107 291/1/107
f 2620/1/108 1192/1/108 1928/1/108
f 1971/1/109 1597/1/109 2441/1/109
f 159/1/110 259/1/110 171/1/110
f 83/1/111 88/1/111 1917/1/111
f 50/1/112 1595/1/112 9/1/112
f 109/1/113 335/1/113 490/1/113
f 2861/1/114 3226/1/114 1830/1/114
f 2359/1/115 304/1/115 3224/1/115
f 1874/1/116 310/1/116 312/1/116
f 159/1/117 245/1/117 259/1/117
f 3069/1/118 2192/1/118 3068/1/118
f 118/1/119 1592/1/119 2064/1/119
f 159/1/120 221/1/120 237/1/120
f 2260/1/121 1917/1/121 2563/1/121
f 175/1/122 57/1/122 181/1/122
f 1874/1/123 411/1/123 47/1/123
f 1870/1/124 2429/1/124 2099/1/124
f 131/1/125 316/1/125 576/1/125
f 44/1/126 519/1/126 19/1/126
f 376/1/127 2346/1/127 393/1/127
f 12/1/128 510/1/128 785/1/128
f 3090/1/129 3083/1/129 3082/1/129
f 1110/1/130 3144/1/130 1488/1/130
f 385/1/131 316/1/131 2646/1/131
f 341/1/132 3218/1/132 492/1/132
f 1809/1/133 159/1/133 237/1/133
f 385/1/134 3202/1/134 74/1/134
f 3090/1/135 3082/1/135 3089/1/135
f 31/1/136 1001/1/136 109/1/136
f 2603/1/137 391/1/137 409/1/137
f 2156/1/138 169/1/138 2238/1/138
f 366/1/139 3312/1/139 455/1/139
f 342/1/140 1858/1/140 2431/1/140
f 450/1/141 438/1/141 3203/1/141
f 633/1/142 584/1/142 643/1/142
f 1436/1/143 1402/1/143 1477/1/143
f 11/1/144 406/1/144 401/1/144
f 3068/1/145 1931/1/145 3074/1/145
f 95/1/146 2259/1/146 522/1/146
f 1982/1/147 2226/1/147 940/1/147
f 433/1/148 1157/1/148 477/1/148
f 2733/1/149 1401/1/149 1545/1/149
f 405/1/150 3176/1/150 500/1/150
f 1971/1/151 3197/1/151 51/1/151
f 332/1/152 3224/1/152 342/1/152
f 366/1/153 745/1/153 2127/1/153
f 2359/1/154 332/1/154 2468/1/154
f 2859/1/155 1592/1/155 329/1/155
f 1749/1/156 1791/1/156 1870/1/156
f 63/1/157 1600/1/157 162/1/157
f 200/1/158 172/1/158 3247/1/158
f 1130/1/159 693/1/159 665/1/159
f 1844/1/160 290/1/160 2835/1/160
f 240/1/161 1809/1/161 237/1/161
f 331/1/162 437/1/162 11/1/162
f 350/1/163 3203/1/163 355/1/163
f 312/1/164 2526/1/164 420/1/164
f 225/1/165 512/1/165 2237/1/165
f 438/1/166 450/1/166 403/1/166
f 164/1/167 2237/1/167 512/1/167
f 1817/1/168 1272/1/168 1364/1/168
f 143/1/169 3176/1/169 164/1/169
f 2432/1/170 2098/1/170 2369/1/170
f 2825/1/171 1545/1/171 1401/1/171
f 336/1/172 3258/1/172 478/1/172
f 379/1/173 3210/1/173 308/1/173
f 1852/1/174 1863/1/174 1782/1/174
f 1860/1/175 63/1/175 2471/1/175
f 2333/1/176 1854/1/176 2197/1/176
f 162/1/177 243/1/177 3247/1/177
f 1805/1/178 2224/1/178 1943/1/178
f 179/1/179 1857/1/179 3233/1/179
f 2081/1/180 2432/1/180 2369/1/180
f 3312/1/181 174/1/181 3318/1/181
f 81/1/182 36/1/182 852/1/182
f 169/1/183 1880/1/183 3182/1/183
f 204/1/184 2327/1/184 197/1/184
f 314/1/185 3212/1/185 301/1/185
f 338/1/186 1749/1/186 3225/1/186
f 1791/1/187 1749/1/187 3233/1/187
f 497/1/188 492/1/188 3218/1/188
f 937/1/189 684/1/189 3112/1/189
f 338/1/190 2431/1/190 1858/1/190
f 409/1/191 2104/1/191 2603/1/191
f 3098/1/192 3091/1/192 3090/1/192
f 188/1/193 785/1/193 510/1/193
f 1830/1/194 2429/1/194 49/1/194
f 1620/1/195 2511/1/195 18/1/195
f 38/1/196 395/1/196 3219/1/196
f 3168/1/197 587/1/197 578/1/197
f 448/1/198 2259/1/198 83/1/198
f 163/1/199 3196/1/199 1879/1/199
f 359/1/200 356/1/200 373/1/200
f 3177/1/201 2251/1/201 259/1/201
f 796/1/202 414/1/202 467/1/202
f 89/1/203 1777/1/203 456/1/203
f 3091/1/204 3084/1/204 3083/1/204
f 3076/1/205 3069/1/205 3068/1/205
f 2359/1/206 3224/1/206 332/1/206
f 2246/1/207 3288/1/207 895/1/207
f 3235/1/208 288/1/208 2847/1/208
f 58/1/209 2319/1/209 2850/1/209
f 328/1/210 3205/1/210 1364/1/210
f 3091/1/211 3083/1/211 3090/1/211
f 2469/1/212 1759/1/212 2361/1/212
f 876/1/213 2249/1/213 1881/1/213
f 9/1/214 1905/1/214 50/1/214
f 1795/1/215 2682/1/215 980/1/215
f 120/1/216 48/1/216 2083/1/216
f 3106/1/217 1173/1/217 474/1/217
f 262/1/218 227/1/218 229/1/218
f 2729/1/219 298/1/219 1698/1/219
f 121/1/220 168/1/220 2041/1/220
f 236/1/221 1842/1/221 2440/1/221
f 204/1/222 3248/1/222 60/1/222
f 173/1/223 3233/1/223 1857/1/223
f 204/1/224 242/1/224 2327/1/224
f 394/1/225 409/1/225 320/1/225
f 1710/1/226 387/1/226 2142/1/226
f 1805/1/227 2717/1/227 2850/1/227
f 224/1/228 2251/1/228 3177/1/228
f 2350/1/229 1852/1/229 2277/1/229
f 597/1/230 429/1/230 3109/1/230
f 1355/1/231 2697/1/231 1428/1/231
f 2342/1/232 1407/1/232 2137/1/232
f 2463/1/233 1748/1/233 1494/1/233
f 741/1/234 720/1/234 1044/1/234
f 644/1/235 1954/1/235 1125/1/235
f 358/1/236 688/1/236 632/1/236
f 398/1/237 338/1/237 1858/1/237
f 196/1/238 242/1/238 211/1/238
f 376/1/239 299/1/239 1839/1/239
f 224/1/240 45/1/240 262/1/240
f 62/1/241 155/1/241 3247/1/241
f 365/1/242 3211/1/242 355/1/242
f 1836/1/243 337/1/243 2386/1/243
f 64/1/244 346/1/244 1597/1/244
f 175/1/245 181/1/245 3246/1/245
f 1615/1/246 49/1/246 2434/1/246
f 24/1/247 1823/1/247 2289/1/247
f 3083/1/248 3076/1/248 3075/1/248
f 831/1/249 778/1/249 1194/1/249
f 227/1/250 234/1/250 229/1/250
f 2432/1/251 1615/1/251 2434/1/251
f 609/1/252 612/1/252 3105/1/252
f 155/1/253 148/1/253 146/1/253
f 270/1/254 1809/1/254 276/1/254
f 3191/1/255 1619/1/255 1862/1/255
f 3196/1/256 34/1/256 1879/1/256
f 1848/1/257 2397/1/257 1781/1/257
f 394/1/258 389/1/258 343/1/258
f 2022/1/90 1010/1/90 3082/1/90
f 3076/1/259 3070/1/259 3069/1/259
f 434/1/260 1597/1/260 346/1/260
f 243/1/261 1600/1/261 175/1/261
f 298/1/262 299/1/262 456/1/262
f 3235/1/263 2662/1/263 1782/1/263
f 65/1/264 526/1/264 529/1/264
f 2010/1/265 1845/1/265 2219/1/265
f 500/1/266 3176/1/266 511/1/266
f 172/1/267 200/1/267 2671/1/267
f 159/1/268 274/1/268 245/1/268
f 72/1/269 88/1/269 95/1/269
f 880/1/118 3068/1/118 2192/1/118
f 87/1/270 3198/1/270 1711/1/270
f 2697/1/271 2613/1/271 2122/1/271
f 297/1/272 1710/1/272 1711/1/272
f 2120/1/273 462/1/273 1691/1/273
f 139/1/274 165/1/274 137/1/274
f 3168/1/275 3154/1/275 1255/1/275
f 84/1/276 2761/1/276 278/1/276
f 85/1/277 2779/1/277 2383/1/277
f 339/1/278 362/1/278 2099/1/278
f 86/1/279 2299/1/279 2392/1/279
f 86/1/280 1877/1/280 520/1/280
f 514/1/281 90/1/281 2277/1/281
f 3/1/282 2238/1/282 2258/1/282
f 234/1/283 158/1/283 226/1/283
f 1824/1/284 85/1/284 2383/1/284
f 90/1/285 1824/1/285 1856/1/285
f 82/1/286 2156/1/286 176/1/286
f 91/1/287 1832/1/287 1856/1/287
f 2099/1/288 341/1/288 492/1/288
f 2479/1/289 77/1/289 1054/1/289
f 213/1/290 3281/1/290 2286/1/290
f 2460/1/291 1485/1/291 3316/1/291
f 679/1/292 531/1/292 336/1/292
f 2224/1/293 2385/1/293 1943/1/293
f 624/1/294 605/1/294 1751/1/294
f 1263/1/295 1256/1/295 3317/1/295
f 817/1/296 1196/1/296 2778/1/296
f 92/1/297 2298/1/297 1094/1/297
f 2769/1/298 1198/1/298 111/1/298
f 1482/1/299 1104/1/299 1204/1/299
f 97/1/300 1221/1/300 1119/1/300
f 2795/1/301 2312/1/301 2286/1/301
f 469/1/302 1915/1/302 1108/1/302
f 2153/1/303 2208/1/303 35/1/303
f 2586/1/304 3288/1/304 945/1/304
f 3129/1/305 931/1/305 1172/1/305
f 469/1/306 124/1/306 1000/1/306
f 1886/1/307 1103/1/307 1131/1/307
f 552/1/308 3116/1/308 663/1/308
f 1194/1/309 126/1/309 1151/1/309
f 2288/1/310 1968/1/310 191/1/310
f 714/1/311 1149/1/311 1911/1/311
f 102/1/312 1052/1/312 1887/1/312
f 102/1/313 1987/1/313 106/1/313
f 3129/1/314 2665/1/314 673/1/314
f 103/1/315 1867/1/315 2226/1/315
f 1215/1/316 749/1/316 3279/1/316
f 1611/1/317 2418/1/317 1208/1/317
f 552/1/318 931/1/318 1153/1/318
f 486/1/319 1654/1/319 732/1/319
f 1052/1/320 878/1/320 695/1/320
f 1121/1/321 1676/1/321 1464/1/321
f 2787/1/322 461/1/322 471/1/322
f 946/1/323 881/1/323 330/1/323
f 1213/1/324 3304/1/324 465/1/324
f 1578/1/325 370/1/325 39/1/325
f 780/1/326 3147/1/326 463/1/326
f 3286/1/327 557/1/327 546/1/327
f 2598/1/328 3286/1/328 537/1/328
f 683/1/329 3125/1/329 2539/1/329
f 187/1/330 773/1/330 3279/1/330
f 609/1/331 660/1/331 661/1/331
f 2769/1/332 2046/1/332 1198/1/332
f 1000/1/333 79/1/333 3267/1/333
f 2586/1/334 441/1/334 3288/1/334
f 116/1/335 3253/1/335 165/1/335
f 161/1/336 521/1/336 528/1/336
f 1044/1/337 3141/1/337 1134/1/337
f 431/1/338 3211/1/338 365/1/338
f 533/1/339 282/1/339 3240/1/339
f 1791/1/340 3271/1/340 54/1/340
f 119/1/341 527/1/341 1778/1/341
f 1403/1/342 2853/1/342 928/1/342
f 119/1/343 1778/1/343 396/1/343
f 117/1/344 142/1/344 513/1/344
f 302/1/345 12/1/345 5/1/345
f 1104/1/346 3310/1/346 634/1/346
f 194/1/347 215/1/347 3290/1/347
f 2054/1/348 2020/1/348 3136/1/348
f 2594/1/349 2723/1/349 3149/1/349
f 2753/1/350 1586/1/350 1178/1/350
f 2509/1/351 758/1/351 3136/1/351
f 2138/1/352 564/1/352 537/1/352
f 760/1/353 758/1/353 759/1/353
f 1599/1/354 913/1/354 2513/1/354
f 1020/1/355 2899/1/355 1096/1/355
f 674/1/356 661/1/356 3201/1/356
f 499/1/357 807/1/357 13/1/357
f 750/1/358 764/1/358 756/1/358
f 1101/1/359 623/1/359 641/1/359
f 628/1/360 1203/1/360 1692/1/360
f 126/1/361 939/1/361 803/1/361
f 2376/1/362 2360/1/362 1452/1/362
f 809/1/363 803/1/363 939/1/363
f 2330/1/364 1692/1/364 1240/1/364
f 827/1/365 1221/1/365 738/1/365
f 754/1/366 1452/1/366 868/1/366
f 132/1/367 134/1/367 561/1/367
f 544/1/368 553/1/368 1033/1/368
f 374/1/369 525/1/369 3320/1/369
f 78/1/370 735/1/370 733/1/370
f 80/1/371 36/1/371 3287/1/371
f 231/1/372 2340/1/372 130/1/372
f 131/1/373 407/1/373 740/1/373
f 3122/1/374 1620/1/374 399/1/374
f 1844/1/375 3204/1/375 290/1/375
f 132/1/376 561/1/376 150/1/376
f 132/1/377 137/1/377 3253/1/377
f 643/1/378 767/1/378 585/1/378
f 134/1/379 550/1/379 3259/1/379
f 140/1/380 582/1/380 3169/1/380
f 658/1/381 150/1/381 561/1/381
f 665/1/382 668/1/382 468/1/382
f 1238/1/383 1468/1/383 1896/1/383
f 137/1/384 132/1/384 150/1/384
f 547/1/385 3259/1/385 544/1/385
f 1485/1/386 1114/1/386 2233/1/386
f 2912/1/387 985/1/387 2905/1/387
f 137/1/388 150/1/388 167/1/388
f 362/1/389 3181/1/389 1703/1/389
f 151/1/390 152/1/390 153/1/390
f 162/1/391 3247/1/391 160/1/391
f 768/1/392 1101/1/392 641/1/392
f 323/1/393 355/1/393 3211/1/393
f 3134/1/394 1239/1/394 464/1/394
f 184/1/395 3267/1/395 29/1/395
f 302/1/396 420/1/396 2526/1/396
f 140/1/397 3169/1/397 142/1/397
f 169/1/398 2156/1/398 82/1/398
f 141/1/399 969/1/399 154/1/399
f 137/1/400 165/1/400 3253/1/400
f 562/1/401 3264/1/401 542/1/401
f 549/1/402 471/1/402 98/1/402
f 589/1/403 1215/1/403 776/1/403
f 2549/1/404 1971/1/404 2441/1/404
f 57/1/405 1600/1/405 1860/1/405
f 46/1/406 2237/1/406 176/1/406
f 149/1/407 215/1/407 210/1/407
f 612/1/408 745/1/408 455/1/408
f 2912/1/409 2626/1/409 985/1/409
f 3247/1/410 172/1/410 218/1/410
f 2083/1/411 1762/1/411 2258/1/411
f 151/1/412 807/1/412 154/1/412
f 151/1/413 230/1/413 152/1/413
f 236/1/414 2119/1/414 2541/1/414
f 1809/1/415 265/1/415 276/1/415
f 315/1/416 311/1/416 694/1/416
f 152/1/417 261/1/417 153/1/417
f 895/1/418 1725/1/418 870/1/418
f 264/1/419 245/1/419 274/1/419
f 673/1/420 3130/1/420 744/1/420
f 261/1/421 152/1/421 230/1/421
f 2722/1/422 3187/1/422 47/1/422
f 178/1/423 177/1/423 1860/1/423
f 624/1/424 655/1/424 3298/1/424
f 807/1/425 151/1/425 153/1/425
f 22/1/426 1703/1/426 2406/1/426
f 1930/1/427 3216/1/427 2357/1/427
f 382/1/428 1246/1/428 3153/1/428
f 262/1/429 166/1/429 224/1/429
f 3190/1/430 763/1/430 3143/1/430
f 562/1/431 542/1/431 556/1/431
f 156/1/432 2671/1/432 1889/1/432
f 156/1/433 1831/1/433 218/1/433
f 3184/1/434 272/1/434 277/1/434
f 493/1/435 379/1/435 131/1/435
f 180/1/436 238/1/436 52/1/436
f 2697/1/437 832/1/437 2853/1/437
f 446/1/438 688/1/438 653/1/438
f 160/1/439 3247/1/439 218/1/439
f 1830/1/440 3226/1/440 2406/1/440
f 161/1/441 181/1/441 521/1/441
f 2671/1/442 60/1/442 1889/1/442
f 173/1/443 2279/1/443 3233/1/443
f 1403/1/444 2621/1/444 2825/1/444
f 59/1/445 216/1/445 2471/1/445
f 91/1/446 2343/1/446 4/1/446
f 1850/1/447 1848/1/447 1781/1/447
f 164/1/448 1880/1/448 157/1/448
f 62/1/449 243/1/449 139/1/449
f 144/1/450 2671/1/450 200/1/450
f 1126/1/451 1049/1/451 413/1/451
f 143/1/452 511/1/452 3176/1/452
f 2244/1/453 368/1/453 2197/1/453
f 932/1/454 2821/1/454 893/1/454
f 175/1/455 3246/1/455 139/1/455
f 166/1/456 229/1/456 226/1/456
f 2491/1/457 1407/1/457 1646/1/457
f 530/1/458 540/1/458 559/1/458
f 3075/1/459 1087/1/459 3083/1/459
f 344/1/460 412/1/460 182/1/460
f 1595/1/461 2378/1/461 2173/1/461
f 1730/1/462 1407/1/462 2342/1/462
f 1482/1/463 1204/1/463 1928/1/463
f 123/1/464 532/1/464 419/1/464
f 498/1/465 2041/1/465 2053/1/465
f 180/1/466 286/1/466 2428/1/466
f 323/1/467 69/1/467 2835/1/467
f 1421/1/468 1368/1/468 2137/1/468
f 3140/1/469 2468/1/469 2431/1/469
f 6/1/470 333/1/470 303/1/470
f 2224/1/471 1805/1/471 2142/1/471
f 121/1/472 2041/1/472 2095/1/472
f 1042/1/473 1196/1/473 1092/1/473
f 377/1/474 310/1/474 442/1/474
f 63/1/475 43/1/475 40/1/475
f 2418/1/476 987/1/476 105/1/476
f 142/1/477 511/1/477 143/1/477
f 304/1/478 2359/1/478 3217/1/478
f 179/1/479 398/1/479 1827/1/479
f 3217/1/480 300/1/480 340/1/480
f 398/1/481 1749/1/481 338/1/481
f 155/1/482 62/1/482 148/1/482
f 227/1/483 404/1/483 233/1/483
f 2431/1/484 332/1/484 342/1/484
f 521/1/485 181/1/485 3239/1/485
f 63/1/486 40/1/486 59/1/486
f 3206/1/487 1700/1/487 1789/1/487
f 2428/1/488 281/1/488 284/1/488
f 2556/1/489 1983/1/489 1755/1/489
f 2834/1/490 1113/1/490 2120/1/490
f 12/1/491 412/1/491 326/1/491
f 1261/1/492 76/1/492 3149/1/492
f 327/1/493 3226/1/493 393/1/493
f 1062/1/494 764/1/494 1222/1/494
f 638/1/495 1699/1/495 2884/1/495
f 731/1/496 2787/1/496 145/1/496
f 185/1/497 989/1/497 2364/1/497
f 28/1/498 644/1/498 3308/1/498
f 2866/1/499 2698/1/499 3280/1/499
f 2500/1/500 2489/1/500 1949/1/500
f 946/1/501 330/1/501 855/1/501
f 450/1/502 3203/1/502 346/1/502
f 188/1/503 397/1/503 498/1/503
f 2795/1/504 1676/1/504 1039/1/504
f 3150/1/505 1599/1/505 2513/1/505
f 189/1/506 1641/1/506 894/1/506
f 696/1/507 1205/1/507 2124/1/507
f 190/1/508 1577/1/508 804/1/508
f 190/1/509 884/1/509 2660/1/509
f 917/1/510 972/1/510 915/1/510
f 630/1/511 2072/1/511 108/1/511
f 778/1/512 3163/1/512 581/1/512
f 1795/1/513 2019/1/513 1202/1/513
f 256/1/514 250/1/514 2199/1/514
f 884/1/515 862/1/515 2660/1/515
f 175/1/516 1600/1/516 57/1/516
f 1550/1/517 3185/1/517 2230/1/517
f 195/1/518 215/1/518 211/1/518
f 195/1/519 2399/1/519 210/1/519
f 196/1/520 3255/1/520 214/1/520
f 2729/1/521 1698/1/521 66/1/521
f 197/1/522 2327/1/522 2631/1/522
f 928/1/523 2853/1/523 832/1/523
f 1130/1/524 3313/1/524 693/1/524
f 892/1/525 499/1/525 1680/1/525
f 681/1/526 1/1/526 2320/1/526
f 2671/1/527 144/1/527 204/1/527
f 62/1/528 3247/1/528 243/1/528
f 201/1/529 824/1/529 839/1/529
f 201/1/530 1681/1/530 214/1/530
f 202/1/531 824/1/531 212/1/531
f 202/1/532 853/1/532 1574/1/532
f 36/1/533 136/1/533 3287/1/533
f 440/1/534 3292/1/534 1084/1/534
f 177/1/535 178/1/535 173/1/535
f 2099/1/536 492/1/536 3225/1/536
f 2506/1/537 3295/1/537 2011/1/537
f 484/1/538 565/1/538 5/1/538
f 1468/1/539 2602/1/539 1896/1/539
f 2158/1/540 381/1/540 725/1/540
f 206/1/541 824/1/541 214/1/541
f 206/1/542 3255/1/542 212/1/542
f 2327/1/543 196/1/543 214/1/543
f 207/1/544 2199/1/544 254/1/544
f 860/1/545 202/1/545 212/1/545
f 788/1/546 1249/1/546 793/1/546
f 984/1/547 1641/1/547 451/1/547
f 1261/1/548 946/1/548 913/1/548
f 2133/1/549 756/1/549 922/1/549
f 225/1/550 251/1/550 158/1/550
f 2151/1/551 207/1/551 254/1/551
f 57/1/552 3239/1/552 181/1/552
f 824/1/553 201/1/553 214/1/553
f 433/1/554 857/1/554 1157/1/554
f 256/1/555 2199/1/555 873/1/555
f 2327/1/556 219/1/556 2631/1/556
f 602/1/557 1654/1/557 675/1/557
f 533/1/558 279/1/558 263/1/558
f 265/1/559 876/1/559 276/1/559
f 219/1/560 2327/1/560 214/1/560
f 264/1/561 3184/1/561 277/1/561
f 1403/1/562 1922/1/562 2621/1/562
f 313/1/563 353/1/563 333/1/563
f 3255/1/564 199/1/564 212/1/564
f 1620/1/565 18/1/565 323/1/565
f 824/1/566 206/1/566 212/1/566
f 3170/1/567 228/1/567 254/1/567
f 220/1/568 3177/1/568 258/1/568
f 1407/1/569 1730/1/569 1646/1/569
f 295/1/570 1710/1/570 296/1/570
f 260/1/571 232/1/571 254/1/571
f 1494/1/572 1748/1/572 1572/1/572
f 331/1/573 3210/1/573 340/1/573
f 204/1/574 2399/1/574 242/1/574
f 223/1/575 261/1/575 230/1/575
f 166/1/576 226/1/576 171/1/576
f 1930/1/577 2357/1/577 1854/1/577
f 2058/1/578 3185/1/578 1550/1/578
f 2241/1/579 502/1/579 2130/1/579
f 227/1/580 262/1/580 230/1/580
f 227/1/581 233/1/581 234/1/581
f 231/1/582 261/1/582 257/1/582
f 228/1/583 260/1/583 254/1/583
f 512/1/584 225/1/584 233/1/584
f 3194/1/585 312/1/585 310/1/585
f 350/1/586 439/1/586 2835/1/586
f 227/1/587 230/1/587 404/1/587
f 261/1/588 223/1/588 257/1/588
f 142/1/589 143/1/589 513/1/589
f 260/1/590 220/1/590 258/1/590
f 2083/1/591 50/1/591 1905/1/591
f 232/1/592 260/1/592 258/1/592
f 162/1/593 160/1/593 43/1/593
f 674/1/594 3201/1/594 667/1/594
f 64/1/595 1882/1/595 3196/1/595
f 2399/1/596 144/1/596 200/1/596
f 2342/1/597 37/1/597 3227/1/597
f 166/1/598 259/1/598 2251/1/598
f 235/1/599 2063/1/599 1889/1/599
f 235/1/600 3248/1/600 239/1/600
f 1986/1/601 1885/1/601 683/1/601
f 251/1/602 3219/1/602 237/1/602
f 60/1/603 3248/1/603 1889/1/603
f 3227/1/604 2383/1/604 2779/1/604
f 3085/1/605 3078/1/605 3077/1/605
f 2861/1/606 2488/1/606 3226/1/606
f 2307/1/607 2110/1/607 2297/1/607
f 2682/1/608 1795/1/608 948/1/608
f 121/1/609 2095/1/609 2276/1/609
f 524/1/610 3320/1/610 529/1/610
f 2667/1/611 2307/1/611 2297/1/611
f 2619/1/612 2631/1/612 2110/1/612
f 243/1/613 162/1/613 1600/1/613
f 398/1/614 1858/1/614 1827/1/614
f 1592/1/615 118/1/615 329/1/615
f 158/1/616 251/1/616 221/1/616
f 533/1/617 3240/1/617 279/1/617
f 244/1/618 2063/1/618 286/1/618
f 56/1/619 438/1/619 403/1/619
f 246/1/620 3177/1/620 259/1/620
f 58/1/621 255/1/621 3212/1/621
f 247/1/622 1683/1/622 2160/1/622
f 3212/1/623 2785/1/623 432/1/623
f 249/1/624 2151/1/624 258/1/624
f 1428/1/625 2853/1/625 2590/1/625
f 202/1/626 860/1/626 853/1/626
f 250/1/627 3170/1/627 254/1/627
f 252/1/628 2412/1/628 258/1/628
f 252/1/629 3177/1/629 246/1/629
f 253/1/630 2110/1/630 2631/1/630
f 2110/1/631 253/1/631 1628/1/631
f 662/1/632 878/1/632 1052/1/632
f 2199/1/633 207/1/633 1723/1/633
f 260/1/634 228/1/634 257/1/634
f 2412/1/635 247/1/635 2160/1/635
f 1124/1/636 459/1/636 3304/1/636
f 2506/1/637 791/1/637 2293/1/637
f 1223/1/638 472/1/638 96/1/638
f 215/1/518 194/1/518 211/1/518
f 394/1/639 2104/1/639 409/1/639
f 204/1/640 60/1/640 2671/1/640
f 365/1/641 355/1/641 56/1/641
f 262/1/642 223/1/642 230/1/642
f 148/1/643 167/1/643 150/1/643
f 1620/1/644 3211/1/644 399/1/644
f 2645/1/645 1421/1/645 2137/1/645
f 2222/1/646 16/1/646 2266/1/646
f 159/1/647 1809/1/647 274/1/647
f 3173/1/648 621/1/648 464/1/648
f 283/1/649 282/1/649 266/1/649
f 2496/1/650 283/1/650 266/1/650
f 238/1/651 2428/1/651 2289/1/651
f 120/1/652 1983/1/652 1882/1/652
f 2008/1/653 2856/1/653 1327/1/653
f 266/1/654 2014/1/654 2414/1/654
f 760/1/655 2464/1/655 3136/1/655
f 267/1/656 2761/1/656 1743/1/656
f 267/1/657 2168/1/657 275/1/657
f 268/1/658 278/1/658 275/1/658
f 269/1/659 1683/1/659 277/1/659
f 269/1/660 2218/1/660 2257/1/660
f 179/1/661 3233/1/661 398/1/661
f 270/1/662 3184/1/662 274/1/662
f 2581/1/663 268/1/663 276/1/663
f 271/1/664 2761/1/664 2411/1/664
f 272/1/665 2168/1/665 277/1/665
f 272/1/666 3184/1/666 275/1/666
f 273/1/667 2292/1/667 2732/1/667
f 2292/1/668 273/1/668 263/1/668
f 597/1/669 453/1/669 429/1/669
f 246/1/670 277/1/670 1683/1/670
f 2168/1/671 267/1/671 1743/1/671
f 2348/1/672 271/1/672 2411/1/672
f 269/1/673 2257/1/673 1683/1/673
f 281/1/674 2428/1/674 286/1/674
f 271/1/675 2348/1/675 1743/1/675
f 2199/1/676 250/1/676 254/1/676
f 268/1/677 275/1/677 3184/1/677
f 278/1/678 2581/1/678 1862/1/678
f 279/1/679 3240/1/679 286/1/679
f 2014/1/680 273/1/680 2732/1/680
f 280/1/681 2427/1/681 284/1/681
f 280/1/682 3240/1/682 282/1/682
f 59/1/683 238/1/683 2289/1/683
f 281/1/684 3240/1/684 284/1/684
f 287/1/685 2063/1/685 239/1/685
f 283/1/686 2496/1/686 2847/1/686
f 2063/1/687 279/1/687 286/1/687
f 2110/1/688 2307/1/688 241/1/688
f 268/1/689 2581/1/689 278/1/689
f 45/1/690 260/1/690 257/1/690
f 287/1/691 1668/1/691 2063/1/691
f 269/1/692 2168/1/692 2218/1/692
f 285/1/693 876/1/693 1881/1/693
f 2427/1/694 280/1/694 282/1/694
f 2063/1/695 244/1/695 1889/1/695
f 2292/1/696 287/1/696 241/1/696
f 573/1/697 3175/1/697 1255/1/697
f 288/1/698 2427/1/698 2847/1/698
f 289/1/699 1848/1/699 1730/1/699
f 3188/1/700 2146/1/700 1172/1/700
f 3122/1/701 2511/1/701 1620/1/701
f 2779/1/702 85/1/702 3159/1/702
f 520/1/703 1701/1/703 2299/1/703
f 292/1/704 3221/1/704 2743/1/704
f 292/1/705 1161/1/705 1394/1/705
f 827/1/706 738/1/706 1658/1/706
f 294/1/707 1710/1/707 2142/1/707
f 294/1/708 3205/1/708 296/1/708
f 3150/1/709 2325/1/709 948/1/709
f 1172/1/710 2146/1/710 3294/1/710
f 2549/1/711 2385/1/711 1971/1/711
f 876/1/712 285/1/712 276/1/712
f 2224/1/713 2877/1/713 2385/1/713
f 92/1/714 390/1/714 616/1/714
f 2335/1/715 431/1/715 482/1/715
f 2773/1/716 881/1/716 934/1/716
f 368/1/717 2098/1/717 2434/1/717
f 34/1/718 2104/1/718 343/1/718
f 225/1/719 2237/1/719 46/1/719
f 501/1/720 1720/1/720 2266/1/720
f 6/1/721 303/1/721 340/1/721
f 1206/1/722 1093/1/722 1197/1/722
f 1777/1/723 4/1/723 2343/1/723
f 55/1/724 706/1/724 3299/1/724
f 1930/1/725 368/1/725 2434/1/725
f 969/1/726 117/1/726 154/1/726
f 41/1/727 359/1/727 3231/1/727
f 2335/1/728 497/1/728 3218/1/728
f 313/1/729 436/1/729 3209/1/729
f 2756/1/730 33/1/730 447/1/730
f 303/1/731 3217/1/731 340/1/731
f 388/1/732 408/1/732 389/1/732
f 391/1/733 2603/1/733 2095/1/733
f 1805/1/734 1943/1/734 2717/1/734
f 306/1/735 342/1/735 3224/1/735
f 306/1/736 345/1/736 305/1/736
f 142/1/737 3169/1/737 511/1/737
f 2390/1/738 2862/1/738 1816/1/738
f 3129/1/739 1172/1/739 3294/1/739
f 183/1/740 2011/1/740 2639/1/740
f 2475/1/741 1211/1/741 2015/1/741
f 2054/1/742 1873/1/742 2020/1/742
f 338/1/743 3140/1/743 2431/1/743
f 429/1/744 428/1/744 324/1/744
f 485/1/745 454/1/745 430/1/745
f 12/1/746 302/1/746 412/1/746
f 1267/1/747 3146/1/747 601/1/747
f 324/1/748 3109/1/748 429/1/748
f 551/1/749 17/1/749 794/1/749
f 2141/1/750 170/1/750 3315/1/750
f 379/1/751 308/1/751 3202/1/751
f 1930/1/752 2333/1/752 368/1/752
f 2869/1/753 920/1/753 1159/1/753
f 1854/1/754 216/1/754 2289/1/754
f 569/1/755 3277/1/755 336/1/755
f 179/1/756 445/1/756 1857/1/756
f 10/1/757 2222/1/757 329/1/757
f 147/1/758 3232/1/758 305/1/758
f 412/1/759 344/1/759 326/1/759
f 405/1/760 2053/1/760 168/1/760
f 255/1/761 58/1/761 2850/1/761
f 177/1/762 173/1/762 1857/1/762
f 131/1/763 576/1/763 407/1/763
f 322/1/764 1858/1/764 342/1/764
f 2475/1/765 2550/1/765 2072/1/765
f 2799/1/766 2721/1/766 790/1/766
f 76/1/767 1706/1/767 3149/1/767
f 71/1/768 2511/1/768 3234/1/768
f 2138/1/769 3264/1/769 539/1/769
f 612/1/770 446/1/770 653/1/770
f 170/1/771 2141/1/771 1155/1/771
f 1163/1/772 1256/1/772 1920/1/772
f 84/1/773 2070/1/773 2411/1/773
f 9/1/774 1595/1/774 72/1/774
f 55/1/775 697/1/775 743/1/775
f 354/1/776 317/1/776 334/1/776
f 305/1/777 354/1/777 334/1/777
f 2460/1/778 2753/1/778 2808/1/778
f 415/1/779 417/1/779 15/1/779
f 684/1/780 704/1/780 3118/1/780
f 2346/1/781 3297/1/781 22/1/781
f 660/1/782 722/1/782 1130/1/782
f 322/1/783 306/1/783 3232/1/783
f 3311/1/784 417/1/784 3230/1/784
f 455/1/785 3312/1/785 3318/1/785
f 178/1/786 3216/1/786 173/1/786
f 363/1/787 364/1/787 402/1/787
f 357/1/788 559/1/788 540/1/788
f 482/1/789 331/1/789 300/1/789
f 397/1/790 326/1/790 3189/1/790
f 775/1/791 1465/1/791 730/1/791
f 381/1/792 2233/1/792 725/1/792
f 1545/1/793 2825/1/793 1350/1/793
f 72/1/794 95/1/794 2677/1/794
f 1170/1/795 1691/1/795 390/1/795
f 11/1/796 401/1/796 308/1/796
f 67/1/797 501/1/797 2266/1/797
f 72/1/798 2677/1/798 9/1/798
f 1778/1/799 179/1/799 1827/1/799
f 8/1/800 3113/1/800 2518/1/800
f 2359/1/801 347/1/801 300/1/801
f 492/1/802 497/1/802 3140/1/802
f 2368/1/803 384/1/803 1616/1/803
f 3296/1/804 2692/1/804 1460/1/804
f 3219/1/805 395/1/805 2791/1/805
f 179/1/806 1778/1/806 445/1/806
f 2803/1/807 997/1/807 970/1/807
f 304/1/808 3217/1/808 303/1/808
f 2098/1/809 2432/1/809 2434/1/809
f 739/1/810 751/1/810 1224/1/810
f 346/1/811 3203/1/811 350/1/811
f 1832/1/812 4/1/812 2488/1/812
f 629/1/813 585/1/813 138/1/813
f 780/1/814 647/1/814 369/1/814
f 439/1/815 323/1/815 2835/1/815
f 1111/1/816 709/1/816 494/1/816
f 859/1/817 127/1/817 81/1/817
f 1620/1/818 323/1/818 3211/1/818
f 2861/1/819 1830/1/819 1615/1/819
f 418/1/820 610/1/820 1751/1/820
f 1870/1/821 49/1/821 2429/1/821
f 2276/1/822 2603/1/822 2556/1/822
f 774/1/823 1796/1/823 1903/1/823
f 1350/1/824 2572/1/824 1545/1/824
f 302/1/825 321/1/825 412/1/825
f 905/1/826 509/1/826 575/1/826
f 477/1/827 1674/1/827 1684/1/827
f 2850/1/828 1661/1/828 1490/1/828
f 105/1/829 1989/1/829 957/1/829
f 1791/1/830 49/1/830 1870/1/830
f 62/1/831 139/1/831 167/1/831
f 313/1/832 333/1/832 436/1/832
f 2066/1/833 3157/1/833 330/1/833
f 2509/1/834 3136/1/834 2020/1/834
f 402/1/835 17/1/835 551/1/835
f 1091/1/836 1590/1/836 3119/1/836
f 478/1/837 535/1/837 569/1/837
f 115/1/838 2035/1/838 747/1/838
f 357/1/839 3252/1/839 3258/1/839
f 728/1/840 511/1/840 3169/1/840
f 2458/1/841 2293/1/841 787/1/841
f 1464/1/842 8/1/842 2518/1/842
f 529/1/843 580/1/843 568/1/843
f 359/1/844 373/1/844 361/1/844
f 65/1/845 3238/1/845 3245/1/845
f 562/1/846 539/1/846 3264/1/846
f 1966/1/847 2835/1/847 290/1/847
f 317/1/848 304/1/848 353/1/848
f 448/1/849 87/1/849 2410/1/849
f 312/1/850 420/1/850 411/1/850
f 331/1/851 340/1/851 300/1/851
f 344/1/852 386/1/852 320/1/852
f 386/1/853 182/1/853 407/1/853
f 1349/1/854 58/1/854 2819/1/854
f 706/1/855 708/1/855 717/1/855
f 3122/1/856 399/1/856 3218/1/856
f 484/1/857 785/1/857 572/1/857
f 357/1/858 770/1/858 556/1/858
f 445/1/859 3239/1/859 1857/1/859
f 460/1/860 3289/1/860 1532/1/860
f 3301/1/861 713/1/861 558/1/861
f 680/1/862 715/1/862 517/1/862
f 3233/1/863 2279/1/863 1791/1/863
f 2382/1/864 907/1/864 29/1/864
f 542/1/865 554/1/865 543/1/865
f 325/1/866 1001/1/866 44/1/866
f 562/1/867 556/1/867 770/1/867
f 255/1/868 2850/1/868 2717/1/868
f 453/1/869 480/1/869 443/1/869
f 2862/1/870 2100/1/870 1816/1/870
f 336/1/871 531/1/871 770/1/871
f 1969/1/872 3272/1/872 870/1/872
f 37/1/873 1698/1/873 456/1/873
f 487/1/874 1751/1/874 599/1/874
f 363/1/875 161/1/875 528/1/875
f 325/1/876 42/1/876 1643/1/876
f 1791/1/877 54/1/877 49/1/877
f 344/1/878 3189/1/878 326/1/878
f 561/1/879 80/1/879 3287/1/879
f 209/1/880 41/1/880 334/1/880
f 2482/1/881 109/1/881 1001/1/881
f 324/1/882 2091/1/882 414/1/882
f 1436/1/883 1420/1/883 2064/1/883
f 2246/1/884 2782/1/884 3288/1/884
f 12/1/885 484/1/885 5/1/885
f 808/1/886 75/1/886 804/1/886
f 388/1/887 389/1/887 74/1/887
f 2253/1/888 1006/1/888 555/1/888
f 134/1/889 36/1/889 80/1/889
f 1123/1/890 616/1/890 390/1/890
f 3231/1/891 3238/1/891 360/1/891
f 2792/1/892 351/1/892 3315/1/892
f 3092/1/893 3084/1/893 3091/1/893
f 1229/1/894 750/1/894 1127/1/894
f 485/1/895 174/1/895 454/1/895
f 416/1/896 685/1/896 425/1/896
f 365/1/897 406/1/897 437/1/897
f 2869/1/898 1072/1/898 3114/1/898
f 2668/1/899 10/1/899 329/1/899
f 1225/1/900 481/1/900 3260/1/900
f 450/1/901 163/1/901 1879/1/901
f 388/1/902 3202/1/902 401/1/902
f 388/1/903 403/1/903 408/1/903
f 2511/1/904 71/1/904 16/1/904
f 396/1/905 1778/1/905 1827/1/905
f 1356/1/906 1847/1/906 781/1/906
f 2793/1/907 477/1/907 534/1/907
f 391/1/908 3189/1/908 409/1/908
f 391/1/909 2095/1/909 506/1/909
f 1212/1/910 3148/1/910 783/1/910
f 322/1/911 342/1/911 306/1/911
f 415/1/912 1643/1/912 416/1/912
f 317/1/913 354/1/913 304/1/913
f 344/1/914 182/1/914 386/1/914
f 2548/1/915 2287/1/915 3120/1/915
f 3180/1/916 466/1/916 3152/1/916
f 2549/1/917 3204/1/917 1943/1/917
f 497/1/918 2468/1/918 3140/1/918
f 3310/1/919 2505/1/919 730/1/919
f 58/1/920 1349/1/920 2319/1/920
f 396/1/921 1827/1/921 322/1/921
f 63/1/922 162/1/922 43/1/922
f 530/1/923 794/1/923 17/1/923
f 397/1/924 3189/1/924 391/1/924
f 68/1/925 2725/1/925 1496/1/925
f 304/1/926 354/1/926 345/1/926
f 2526/1/927 312/1/927 3194/1/927
f 396/1/928 322/1/928 3232/1/928
f 2511/1/929 301/1/929 18/1/929
f 343/1/930 389/1/930 408/1/930
f 1076/1/931 3113/1/931 2286/1/931
f 3219/1/932 2791/1/932 240/1/932
f 304/1/933 345/1/933 3224/1/933
f 446/1/934 452/1/934 688/1/934
f 1420/1/935 2668/1/935 2064/1/935
f 57/1/936 177/1/936 3239/1/936
f 12/1/937 785/1/937 484/1/937
f 3190/1/938 3143/1/938 2532/1/938
f 432/1/939 69/1/939 18/1/939
f 216/1/940 1854/1/940 2471/1/940
f 2268/1/941 3234/1/941 3122/1/941
f 482/1/942 300/1/942 347/1/942
f 369/1/943 78/1/943 392/1/943
f 3231/1/944 361/1/944 3238/1/944
f 1084/1/945 469/1/945 27/1/945
f 64/1/946 2670/1/946 1882/1/946
f 2429/1/947 1830/1/947 2406/1/947
f 3234/1/948 2511/1/948 3122/1/948
f 121/1/949 423/1/949 3182/1/949
f 595/1/950 2109/1/950 1907/1/950
f 385/1/951 3195/1/951 386/1/951
f 2288/1/952 21/1/952 1968/1/952
f 1214/1/953 35/1/953 738/1/953
f 484/1/954 572/1/954 509/1/954
f 26/1/955 1206/1/955 1197/1/955
f 309/1/956 3274/1/956 2234/1/956
f 363/1/957 528/1/957 364/1/957
f 786/1/958 3280/1/958 784/1/958
f 1222/1/959 426/1/959 762/1/959
f 748/1/960 106/1/960 1987/1/960
f 668/1/961 699/1/961 468/1/961
f 946/1/962 1261/1/962 934/1/962
f 104/1/963 2475/1/963 2015/1/963
f 2662/1/964 3235/1/964 2277/1/964
f 495/1/965 618/1/965 2892/1/965
f 516/1/966 410/1/966 3230/1/966
f 42/1/967 615/1/967 453/1/967
f 54/1/968 3271/1/968 2434/1/968
f 115/1/969 747/1/969 1253/1/969
f 420/1/970 383/1/970 424/1/970
f 793/1/971 2584/1/971 788/1/971
f 2912/1/972 2375/1/972 2626/1/972
f 493/1/973 131/1/973 574/1/973
f 3213/1/974 2719/1/974 1295/1/974
f 2557/1/975 2253/1/975 555/1/975
f 619/1/976 1954/1/976 1036/1/976
f 387/1/977 297/1/977 3198/1/977
f 1777/1/978 1673/1/978 456/1/978
f 683/1/979 1119/1/979 1132/1/979
f 2128/1/980 2054/1/980 2464/1/980
f 453/1/981 443/1/981 42/1/981
f 503/1/982 2070/1/982 1619/1/982
f 663/1/983 608/1/983 617/1/983
f 436/1/984 333/1/984 493/1/984
f 1147/1/985 2885/1/985 1015/1/985
f 1863/1/986 1823/1/986 1782/1/986
f 65/1/987 3245/1/987 518/1/987
f 1960/1/988 649/1/988 1177/1/988
f 3190/1/989 2544/1/989 1021/1/989
f 2581/1/990 3191/1/990 1862/1/990
f 3311/1/991 3230/1/991 410/1/991
f 187/1/992 483/1/992 765/1/992
f 1982/1/993 97/1/993 1885/1/993
f 3156/1/994 934/1/994 2723/1/994
f 1206/1/995 26/1/995 967/1/995
f 541/1/996 553/1/996 3259/1/996
f 1272/1/997 1661/1/997 1695/1/997
f 658/1/998 2756/1/998 148/1/998
f 891/1/999 199/1/999 3290/1/999
f 374/1/1000 305/1/1000 400/1/1000
f 1272/1/1001 2746/1/1001 1268/1/1001
f 356/1/1002 359/1/1002 23/1/1002
f 112/1/1003 1833/1/1003 593/1/1003
f 1166/1/1004 473/1/1004 203/1/1004
f 704/1/1005 1169/1/1005 841/1/1005
f 2548/1/1006 3120/1/1006 129/1/1006
f 905/1/1007 3167/1/1007 509/1/1007
f 1011/1/1008 1406/1/1008 1907/1/1008
f 3110/1/1009 358/1/1009 632/1/1009
f 61/1/1010 1592/1/1010 1839/1/1010
f 1093/1/1011 3278/1/1011 602/1/1011
f 1197/1/1012 675/1/1012 607/1/1012
f 2133/1/1013 766/1/1013 772/1/1013
f 1150/1/1014 1245/1/1014 1260/1/1014
f 2893/1/1015 2894/1/1015 2887/1/1015
f 784/1/1016 3280/1/1016 2698/1/1016
f 134/1/1017 80/1/1017 561/1/1017
f 147/1/1018 374/1/1018 1002/1/1018
f 55/1/1019 699/1/1019 668/1/1019
f 357/1/1020 540/1/1020 518/1/1020
f 775/1/1021 1976/1/1021 1090/1/1021
f 199/1/1022 3255/1/1022 3290/1/1022
f 171/1/1023 226/1/1023 221/1/1023
f 3231/1/1024 359/1/1024 361/1/1024
f 119/1/1025 396/1/1025 1002/1/1025
f 748/1/1026 1987/1/1026 3174/1/1026
f 1256/1/1027 1163/1/1027 2725/1/1027
f 2093/1/1028 569/1/1028 535/1/1028
f 1847/1/1029 3292/1/1029 781/1/1029
f 1131/1/1030 1103/1/1030 1095/1/1030
f 1255/1/1031 577/1/1031 728/1/1031
f 452/1/1032 652/1/1032 688/1/1032
f 756/1/1033 2133/1/1033 772/1/1033
f 454/1/1034 174/1/1034 593/1/1034
f 455/1/1035 3318/1/1035 446/1/1035
f 3147/1/1036 780/1/1036 369/1/1036
f 106/1/1037 691/1/1037 2633/1/1037
f 307/1/1038 592/1/1038 577/1/1038
f 3311/1/1039 335/1/1039 15/1/1039
f 859/1/1040 789/1/1040 677/1/1040
f 1920/1/1041 1256/1/1041 781/1/1041
f 2330/1/1042 1240/1/1042 3148/1/1042
f 323/1/1043 18/1/1043 69/1/1043
f 781/1/1044 1256/1/1044 1356/1/1044
f 528/1/1045 515/1/1045 364/1/1045
f 415/1/1046 2482/1/1046 1643/1/1046
f 199/1/1047 891/1/1047 212/1/1047
f 1136/1/1048 2792/1/1048 2450/1/1048
f 25/1/1049 3291/1/1049 458/1/1049
f 112/1/1050 3305/1/1050 1833/1/1050
f 479/1/1051 3109/1/1051 430/1/1051
f 452/1/1052 608/1/1052 652/1/1052
f 115/1/1053 1253/1/1053 1158/1/1053
f 3275/1/1054 646/1/1054 2811/1/1054
f 2246/1/1055 626/1/1055 2782/1/1055
f 138/1/1056 585/1/1056 2891/1/1056
f 1960/1/1057 692/1/1057 3319/1/1057
f 441/1/1058 958/1/1058 2077/1/1058
f 479/1/1059 597/1/1059 3109/1/1059
f 1894/1/1060 373/1/1060 516/1/1060
f 361/1/1061 367/1/1061 3245/1/1061
f 473/1/1062 1318/1/1062 1154/1/1062
f 493/1/1063 574/1/1063 3209/1/1063
f 984/1/1064 1968/1/1064 915/1/1064
f 658/1/1065 1217/1/1065 33/1/1065
f 1823/1/1066 1863/1/1066 2197/1/1066
f 3137/1/1067 2892/1/1067 767/1/1067
f 402/1/1068 551/1/1068 116/1/1068
f 631/1/1069 422/1/1069 737/1/1069
f 1212/1/1070 1080/1/1070 3148/1/1070
f 1124/1/1071 20/1/1071 459/1/1071
f 530/1/1072 583/1/1072 543/1/1072
f 683/1/1073 1885/1/1073 1119/1/1073
f 537/1/1074 777/1/1074 2598/1/1074
f 826/1/1075 596/1/1075 29/1/1075
f 1886/1/1076 833/1/1076 1103/1/1076
f 315/1/1077 23/1/1077 41/1/1077
f 2458/1/1078 787/1/1078 2518/1/1078
f 485/1/1079 452/1/1079 446/1/1079
f 681/1/1080 3309/1/1080 1/1/1080
f 2907/1/1081 2899/1/1081 2906/1/1081
f 2692/1/1082 1006/1/1082 1460/1/1082
f 598/1/1083 772/1/1083 96/1/1083
f 3244/1/1084 3230/1/1084 417/1/1084
f 486/1/1085 3277/1/1085 3285/1/1085
f 3174/1/1086 626/1/1086 1236/1/1086
f 487/1/1087 3285/1/1087 3291/1/1087
f 2795/1/1088 1464/1/1088 1676/1/1088
f 141/1/1089 809/1/1089 969/1/1089
f 3281/1/1090 213/1/1090 558/1/1090
f 563/1/1091 1016/1/1091 732/1/1091
f 3267/1/1092 184/1/1092 1000/1/1092
f 489/1/1093 1163/1/1093 3273/1/1093
f 2719/1/1094 3213/1/1094 1695/1/1094
f 415/1/1095 15/1/1095 2482/1/1095
f 635/1/1096 1112/1/1096 2651/1/1096
f 2417/1/1097 748/1/1097 1236/1/1097
f 891/1/1098 191/1/1098 451/1/1098
f 1608/1/1099 548/1/1099 1896/1/1099
f 42/1/1100 443/1/1100 1643/1/1100
f 568/1/1101 591/1/1101 364/1/1101
f 1223/1/1102 727/1/1102 472/1/1102
f 727/1/1103 723/1/1103 3293/1/1103
f 1832/1/1104 91/1/1104 4/1/1104
f 367/1/1105 3252/1/1105 3245/1/1105
f 1996/1/1106 107/1/1106 103/1/1106
f 1360/1/1107 727/1/1107 622/1/1107
f 2586/1/1108 2641/1/1108 958/1/1108
f 457/1/1109 565/1/1109 3167/1/1109
f 491/1/1110 711/1/1110 457/1/1110
f 470/1/1111 3285/1/1111 959/1/1111
f 357/1/1112 3258/1/1112 770/1/1112
f 1886/1/1113 1131/1/1113 2278/1/1113
f 173/1/1114 3216/1/1114 3271/1/1114
f 683/1/1115 1132/1/1115 3125/1/1115
f 970/1/1116 997/1/1116 994/1/1116
f 682/1/1117 1177/1/1117 1946/1/1117
f 2795/1/1118 3113/1/1118 8/1/1118
f 938/1/1119 3213/1/1119 1295/1/1119
f 361/1/1120 3245/1/1120 3238/1/1120
f 545/1/1121 587/1/1121 728/1/1121
f 363/1/1122 505/1/1122 161/1/1122
f 626/1/1123 3272/1/1123 1682/1/1123
f 394/1/1124 343/1/1124 2104/1/1124
f 619/1/1125 1036/1/1125 1676/1/1125
f 487/1/1126 599/1/1126 639/1/1126
f 2482/1/1127 15/1/1127 109/1/1127
f 356/1/1128 516/1/1128 373/1/1128
f 492/1/1129 3140/1/1129 3225/1/1129
f 387/1/1130 2877/1/1130 2142/1/1130
f 2665/1/1131 739/1/1131 3130/1/1131
f 731/1/1132 495/1/1132 2892/1/1132
f 498/1/1133 2053/1/1133 507/1/1133
f 166/1/1134 2251/1/1134 224/1/1134
f 2005/1/1135 2621/1/1135 1922/1/1135
f 2646/1/1136 379/1/1136 3202/1/1136
f 1762/1/1137 3/1/1137 2258/1/1137
f 1485/1/1138 381/1/1138 1776/1/1138
f 1684/1/1139 3302/1/1139 2811/1/1139
f 331/1/1140 482/1/1140 437/1/1140
f 3192/1/1141 2415/1/1141 2100/1/1141
f 2346/1/1142 376/1/1142 1839/1/1142
f 1949/1/1143 2592/1/1143 2500/1/1143
f 448/1/1144 3198/1/1144 87/1/1144
f 2041/1/1145 498/1/1145 506/1/1145
f 2260/1/1146 3198/1/1146 1917/1/1146
f 504/1/1147 528/1/1147 527/1/1147
f 2511/1/1148 16/1/1148 301/1/1148
f 580/1/1149 526/1/1149 540/1/1149
f 670/1/1150 2842/1/1150 3102/1/1150
f 506/1/1151 2095/1/1151 2041/1/1151
f 728/1/1152 806/1/1152 1255/1/1152
f 507/1/1153 2053/1/1153 592/1/1153
f 505/1/1154 116/1/1154 165/1/1154
f 505/1/1155 3246/1/1155 161/1/1155
f 251/1/1156 176/1/1156 3219/1/1156
f 572/1/1157 188/1/1157 573/1/1157
f 1842/1/1158 828/1/1158 2440/1/1158
f 2/1/1159 3/1/1159 1905/1/1159
f 3268/1/1160 902/1/1160 371/1/1160
f 568/1/1161 580/1/1161 591/1/1161
f 123/1/1162 419/1/1162 584/1/1162
f 2167/1/1163 185/1/1163 3156/1/1163
f 311/1/1164 313/1/1164 3209/1/1164
f 252/1/1165 247/1/1165 2412/1/1165
f 231/1/1166 808/1/1166 2340/1/1166
f 386/1/1167 3195/1/1167 320/1/1167
f 514/1/1168 1824/1/1168 90/1/1168
f 357/1/1169 556/1/1169 559/1/1169
f 476/1/1170 471/1/1170 461/1/1170
f 1496/1/1171 747/1/1171 2035/1/1171
f 907/1/1172 2382/1/1172 114/1/1172
f 264/1/1173 259/1/1173 245/1/1173
f 3163/1/1174 579/1/1174 3162/1/1174
f 518/1/1175 3245/1/1175 3252/1/1175
f 161/1/1176 3246/1/1176 181/1/1176
f 530/1/1177 543/1/1177 794/1/1177
f 531/1/1178 562/1/1178 770/1/1178
f 907/1/1179 902/1/1179 2839/1/1179
f 3194/1/1180 574/1/1180 740/1/1180
f 520/1/1181 1877/1/1181 1753/1/1181
f 408/1/1182 1879/1/1182 343/1/1182
f 3217/1/1183 2359/1/1183 300/1/1183
f 753/1/1184 768/1/1184 444/1/1184
f 521/1/1185 527/1/1185 528/1/1185
f 116/1/1186 551/1/1186 627/1/1186
f 20/1/1187 593/1/1187 459/1/1187
f 515/1/1188 524/1/1188 529/1/1188
f 505/1/1189 363/1/1189 402/1/1189
f 317/1/1190 353/1/1190 313/1/1190
f 530/1/1191 559/1/1191 583/1/1191
f 580/1/1192 530/1/1192 591/1/1192
f 291/1/1193 3235/1/1193 2847/1/1193
f 320/1/1194 409/1/1194 3189/1/1194
f 1159/1/1195 920/1/1195 2479/1/1195
f 1971/1/1196 51/1/1196 1597/1/1196
f 580/1/1197 540/1/1197 530/1/1197
f 2099/1/1198 362/1/1198 341/1/1198
f 2372/1/1199 3258/1/1199 3252/1/1199
f 234/1/1200 225/1/1200 158/1/1200
f 884/1/1201 190/1/1201 804/1/1201
f 1360/1/1202 723/1/1202 727/1/1202
f 379/1/1203 2646/1/1203 131/1/1203
f 3141/1/1204 1044/1/1204 1219/1/1204
f 573/1/1205 3154/1/1205 575/1/1205
f 627/1/1206 541/1/1206 550/1/1206
f 367/1/1207 3260/1/1207 2372/1/1207
f 2158/1/1208 840/1/1208 2141/1/1208
f 2753/1/1209 1190/1/1209 2620/1/1209
f 540/1/1210 526/1/1210 518/1/1210
f 515/1/1211 504/1/1211 524/1/1211
f 1576/1/1212 127/1/1212 1108/1/1212
f 731/1/1213 645/1/1213 461/1/1213
f 367/1/1214 3270/1/1214 3260/1/1214
f 1586/1/1215 2836/1/1215 7/1/1215
f 2178/1/1216 970/1/1216 1616/1/1216
f 564/1/1217 99/1/1217 589/1/1217
f 1663/1/1218 1054/1/1218 734/1/1218
f 141/1/1219 807/1/1219 499/1/1219
f 639/1/1220 3285/1/1220 487/1/1220
f 557/1/1221 554/1/1221 546/1/1221
f 76/1/1222 977/1/1222 1202/1/1222
f 626/1/1223 2246/1/1223 3272/1/1223
f 542/1/1224 546/1/1224 554/1/1224
f 13/1/1225 1680/1/1225 499/1/1225
f 420/1/1226 424/1/1226 411/1/1226
f 2128/1/1227 3144/1/1227 1110/1/1227
f 567/1/1228 3162/1/1228 582/1/1228
f 681/1/1229 1745/1/1229 3309/1/1229
f 801/1/1230 631/1/1230 3135/1/1230
f 2232/1/1231 980/1/1231 2440/1/1231
f 3112/1/1232 682/1/1232 1946/1/1232
f 548/1/1233 110/1/1233 1873/1/1233
f 571/1/1234 3162/1/1234 579/1/1234
f 2035/1/1235 115/1/1235 413/1/1235
f 50/1/1236 2083/1/1236 48/1/1236
f 664/1/1237 485/1/1237 650/1/1237
f 132/1/1238 550/1/1238 134/1/1238
f 38/1/1239 3/1/1239 2/1/1239
f 1815/1/1240 1118/1/1240 3309/1/1240
f 601/1/1241 617/1/1241 608/1/1241
f 545/1/1242 3169/1/1242 582/1/1242
f 117/1/1243 404/1/1243 154/1/1243
f 546/1/1244 542/1/1244 3264/1/1244
f 541/1/1245 3259/1/1245 550/1/1245
f 583/1/1246 559/1/1246 556/1/1246
f 65/1/1247 529/1/1247 525/1/1247
f 548/1/1248 2054/1/1248 1896/1/1248
f 567/1/1249 140/1/1249 969/1/1249
f 547/1/1250 852/1/1250 36/1/1250
f 155/1/1251 146/1/1251 210/1/1251
f 25/1/1252 458/1/1252 1833/1/1252
f 573/1/1253 575/1/1253 572/1/1253
f 1016/1/1254 679/1/1254 3277/1/1254
f 658/1/1255 561/1/1255 133/1/1255
f 115/1/1256 2117/1/1256 413/1/1256
f 315/1/1257 348/1/1257 311/1/1257
f 2376/1/1258 754/1/1258 1072/1/1258
f 562/1/1259 637/1/1259 539/1/1259
f 6/1/1260 493/1/1260 333/1/1260
f 334/1/1261 3231/1/1261 400/1/1261
f 1076/1/1262 2518/1/1262 3113/1/1262
f 116/1/1263 627/1/1263 3253/1/1263
f 592/1/1264 307/1/1264 507/1/1264
f 397/1/1265 510/1/1265 326/1/1265
f 335/1/1266 109/1/1266 15/1/1266
f 402/1/1267 364/1/1267 591/1/1267
f 783/1/1268 3148/1/1268 1488/1/1268
f 2500/1/1269 2592/1/1269 2227/1/1269
f 500/1/1270 577/1/1270 592/1/1270
f 457/1/1271 2651/1/1271 383/1/1271
f 566/1/1272 3161/1/1272 578/1/1272
f 382/1/1273 3153/1/1273 444/1/1273
f 567/1/1274 809/1/1274 581/1/1274
f 567/1/1275 582/1/1275 140/1/1275
f 621/1/1276 594/1/1276 2309/1/1276
f 34/1/1277 1983/1/1277 2556/1/1277
f 305/1/1278 345/1/1278 354/1/1278
f 1238/1/1279 1110/1/1279 1203/1/1279
f 3270/1/1280 3244/1/1280 3251/1/1280
f 78/1/1281 369/1/1281 735/1/1281
f 843/1/1282 222/1/1282 3290/1/1282
f 3296/1/1283 1460/1/1283 2716/1/1283
f 2665/1/1284 3135/1/1284 751/1/1284
f 586/1/1285 566/1/1285 578/1/1285
f 44/1/1286 1001/1/1286 31/1/1286
f 1084/1/1287 1847/1/1287 1356/1/1287
f 1255/1/1288 307/1/1288 577/1/1288
f 432/1/1289 1844/1/1289 2835/1/1289
f 501/1/1290 3297/1/1290 1839/1/1290
f 1982/1/1291 1996/1/1291 103/1/1291
f 159/1/1292 171/1/1292 221/1/1292
f 541/1/1293 560/1/1293 557/1/1293
f 478/1/1294 481/1/1294 535/1/1294
f 636/1/1295 461/1/1295 645/1/1295
f 325/1/1296 1643/1/1296 2482/1/1296
f 3163/1/1297 3162/1/1297 581/1/1297
f 320/1/1298 3189/1/1298 344/1/1298
f 2665/1/1299 751/1/1299 739/1/1299
f 578/1/1300 587/1/1300 586/1/1300
f 124/1/1301 1356/1/1301 1000/1/1301
f 508/1/1302 1150/1/1302 1151/1/1302
f 504/1/1303 527/1/1303 119/1/1303
f 1468/1/1304 2019/1/1304 2602/1/1304
f 1261/1/1305 913/1/1305 76/1/1305
f 560/1/1306 627/1/1306 551/1/1306
f 773/1/1307 187/1/1307 765/1/1307
f 807/1/1308 141/1/1308 154/1/1308
f 554/1/1309 557/1/1309 560/1/1309
f 1240/1/1310 1203/1/1310 2056/1/1310
f 430/1/1311 454/1/1311 479/1/1311
f 1506/1/1312 2559/1/1312 2239/1/1312
f 2241/1/1313 2265/1/1313 502/1/1313
f 545/1/1314 582/1/1314 571/1/1314
f 431/1/1315 437/1/1315 482/1/1315
f 368/1/1316 2333/1/1316 2197/1/1316
f 902/1/1317 907/1/1317 371/1/1317
f 939/1/1318 778/1/1318 581/1/1318
f 625/1/1319 3147/1/1319 623/1/1319
f 946/1/1320 934/1/1320 881/1/1320
f 564/1/1321 776/1/1321 777/1/1321
f 571/1/1322 582/1/1322 3162/1/1322
f 1816/1/1323 2100/1/1323 2499/1/1323
f 565/1/1324 509/1/1324 3167/1/1324
f 3162/1/1325 567/1/1325 581/1/1325
f 3149/1/1326 1706/1/1326 628/1/1326
f 736/1/1327 3155/1/1327 735/1/1327
f 217/1/1328 1576/1/1328 3142/1/1328
f 536/1/1329 777/1/1329 765/1/1329
f 794/1/1330 554/1/1330 560/1/1330
f 783/1/1331 1021/1/1331 1212/1/1331
f 670/1/1332 1055/1/1332 1054/1/1332
f 2905/1/1333 2906/1/1333 2899/1/1333
f 2795/1/1334 2286/1/1334 3113/1/1334
f 2158/1/1335 203/1/1335 840/1/1335
f 2765/1/1336 555/1/1336 1006/1/1336
f 3147/1/1337 369/1/1337 392/1/1337
f 589/1/1338 1990/1/1338 600/1/1338
f 926/1/1339 1/1/1339 3309/1/1339
f 675/1/1340 639/1/1340 599/1/1340
f 516/1/1341 3230/1/1341 1894/1/1341
f 2550/1/1342 108/1/1342 2072/1/1342
f 2505/1/1343 2834/1/1343 730/1/1343
f 2782/1/1344 626/1/1344 642/1/1344
f 599/1/1345 1751/1/1345 605/1/1345
f 917/1/1346 826/1/1346 29/1/1346
f 777/1/1347 536/1/1347 2598/1/1347
f 1093/1/1348 1206/1/1348 967/1/1348
f 3154/1/1349 2891/1/1349 575/1/1349
f 1591/1/1350 1006/1/1350 1106/1/1350
f 614/1/1351 738/1/1351 35/1/1351
f 905/1/1352 2891/1/1352 585/1/1352
f 731/1/1353 461/1/1353 2787/1/1353
f 2460/1/1354 877/1/1354 375/1/1354
f 597/1/1355 656/1/1355 480/1/1355
f 691/1/1356 108/1/1356 2633/1/1356
f 603/1/1357 657/1/1357 610/1/1357
f 2418/1/1358 107/1/1358 1208/1/1358
f 2509/1/1359 1912/1/1359 3131/1/1359
f 702/1/1360 701/1/1360 1153/1/1360
f 475/1/1361 3164/1/1361 799/1/1361
f 926/1/1362 1118/1/1362 1691/1/1362
f 674/1/1363 657/1/1363 2127/1/1363
f 2624/1/1364 3292/1/1364 677/1/1364
f 647/1/1365 101/1/1365 736/1/1365
f 750/1/1366 1229/1/1366 764/1/1366
f 530/1/1367 17/1/1367 591/1/1367
f 611/1/1368 678/1/1368 669/1/1368
f 611/1/1369 654/1/1369 678/1/1369
f 2158/1/1370 2141/1/1370 604/1/1370
f 1166/1/1371 757/1/1371 634/1/1371
f 897/1/1372 1241/1/1372 1452/1/1372
f 606/1/1373 607/1/1373 605/1/1373
f 383/1/1374 2651/1/1374 424/1/1374
f 675/1/1375 605/1/1375 607/1/1375
f 624/1/1376 610/1/1376 655/1/1376
f 685/1/1377 443/1/1377 1213/1/1377
f 563/1/1378 732/1/1378 3278/1/1378
f 720/1/1379 1219/1/1379 1044/1/1379
f 81/1/1380 1576/1/1380 136/1/1380
f 1360/1/1381 606/1/1381 742/1/1381
f 663/1/1382 652/1/1382 608/1/1382
f 3190/1/1383 2270/1/1383 763/1/1383
f 564/1/1384 589/1/1384 776/1/1384
f 3146/1/1385 1246/1/1385 3160/1/1385
f 2624/1/1386 2082/1/1386 1249/1/1386
f 1485/1/1387 2808/1/1387 1114/1/1387
f 749/1/1388 772/1/1388 3279/1/1388
f 742/1/1389 3298/1/1389 743/1/1389
f 958/1/1390 2641/1/1390 460/1/1390
f 748/1/1391 3174/1/1391 1236/1/1391
f 33/1/1392 1217/1/1392 447/1/1392
f 2052/1/1393 3280/1/1393 786/1/1393
f 737/1/1394 3143/1/1394 763/1/1394
f 2330/1/1395 3148/1/1395 1080/1/1395
f 1101/1/1396 768/1/1396 532/1/1396
f 113/1/1397 96/1/1397 472/1/1397
f 767/1/1398 584/1/1398 3137/1/1398
f 28/1/1399 1178/1/1399 1586/1/1399
f 830/1/1400 1915/1/1400 983/1/1400
f 679/1/1401 637/1/1401 531/1/1401
f 537/1/1402 564/1/1402 777/1/1402
f 2309/1/1403 1784/1/1403 422/1/1403
f 1215/1/1404 967/1/1404 749/1/1404
f 473/1/1405 730/1/1405 1465/1/1405
f 2769/1/1406 421/1/1406 2052/1/1406
f 655/1/1407 666/1/1407 3298/1/1407
f 631/1/1408 737/1/1408 3135/1/1408
f 170/1/1409 3108/1/1409 3315/1/1409
f 1196/1/1410 2767/1/1410 2778/1/1410
f 1261/1/1411 3149/1/1411 2723/1/1411
f 548/1/1412 2577/1/1412 110/1/1412
f 1232/1/1413 1099/1/1413 1176/1/1413
f 694/1/1414 311/1/1414 590/1/1414
f 31/1/1415 1112/1/1415 3152/1/1415
f 782/1/1416 2270/1/1416 1021/1/1416
f 414/1/1417 430/1/1417 324/1/1417
f 2892/1/1418 3137/1/1418 645/1/1418
f 1214/1/1419 738/1/1419 1221/1/1419
f 1028/1/1420 1989/1/1420 105/1/1420
f 426/1/1421 1222/1/1421 2124/1/1421
f 2584/1/1422 784/1/1422 2698/1/1422
f 621/1/1423 3134/1/1423 464/1/1423
f 3251/1/1424 415/1/1424 416/1/1424
f 2093/1/1425 771/1/1425 465/1/1425
f 3297/1/1426 501/1/1426 22/1/1426
f 2787/1/1427 549/1/1427 145/1/1427
f 2093/1/1428 3277/1/1428 569/1/1428
f 983/1/1429 2744/1/1429 596/1/1429
f 905/1/1430 767/1/1430 618/1/1430
f 3123/1/1431 601/1/1431 608/1/1431
f 1124/1/1432 656/1/1432 20/1/1432
f 101/1/1433 586/1/1433 579/1/1433
f 648/1/1434 3319/1/1434 676/1/1434
f 648/1/1435 611/1/1435 669/1/1435
f 728/1/1436 500/1/1436 511/1/1436
f 1911/1/1437 3314/1/1437 1034/1/1437
f 675/1/1438 599/1/1438 605/1/1438
f 691/1/1439 748/1/1439 2417/1/1439
f 2550/1/1440 2475/1/1440 2633/1/1440
f 1924/1/1441 3274/1/1441 1496/1/1441
f 651/1/1442 676/1/1442 698/1/1442
f 1248/1/1443 1744/1/1443 707/1/1443
f 317/1/1444 209/1/1444 334/1/1444
f 2557/1/1445 555/1/1445 975/1/1445
f 3105/1/1446 651/1/1446 698/1/1446
f 937/1/1447 1946/1/1447 1169/1/1447
f 624/1/1448 606/1/1448 605/1/1448
f 2109/1/1449 595/1/1449 990/1/1449
f 421/1/1450 1254/1/1450 1158/1/1450
f 404/1/1451 513/1/1451 233/1/1451
f 609/1/1452 3105/1/1452 698/1/1452
f 659/1/1453 676/1/1453 3319/1/1453
f 659/1/1454 692/1/1454 689/1/1454
f 2834/1/1455 1065/1/1455 730/1/1455
f 2722/1/1456 411/1/1456 424/1/1456
f 1886/1/1457 1811/1/1457 833/1/1457
f 449/1/1458 774/1/1458 3266/1/1458
f 3272/1/1459 2246/1/1459 870/1/1459
f 362/1/1460 1703/1/1460 2300/1/1460
f 1096/1/1461 2900/1/1461 2893/1/1461
f 3300/1/1462 93/1/1462 1768/1/1462
f 2417/1/1463 1198/1/1463 108/1/1463
f 1166/1/1464 634/1/1464 3310/1/1464
f 624/1/1465 3298/1/1465 606/1/1465
f 690/1/1466 1911/1/1466 1149/1/1466
f 666/1/1467 743/1/1467 3298/1/1467
f 3309/1/1468 1745/1/1468 1175/1/1468
f 1976/1/1469 883/1/1469 2278/1/1469
f 2753/1/1470 2460/1/1470 375/1/1470
f 669/1/1471 678/1/1471 672/1/1471
f 2493/1/1472 2011/1/1472 3295/1/1472
f 656/1/1473 1124/1/1473 480/1/1473
f 624/1/1474 1751/1/1474 610/1/1474
f 2443/1/1475 2595/1/1475 39/1/1475
f 769/1/1476 2082/1/1476 795/1/1476
f 524/1/1477 1002/1/1477 3320/1/1477
f 611/1/1478 648/1/1478 676/1/1478
f 3111/1/1479 669/1/1479 672/1/1479
f 671/1/1480 718/1/1480 703/1/1480
f 2314/1/1481 1170/1/1481 390/1/1481
f 672/1/1482 715/1/1482 680/1/1482
f 649/1/1483 3319/1/1483 648/1/1483
f 2594/1/1484 1245/1/1484 2331/1/1484
f 70/1/1485 772/1/1485 749/1/1485
f 3281/1/1486 2446/1/1486 1589/1/1486
f 668/1/1487 3306/1/1487 706/1/1487
f 1360/1/1488 742/1/1488 723/1/1488
f 486/1/1489 732/1/1489 1016/1/1489
f 128/1/1490 630/1/1490 2052/1/1490
f 722/1/1491 659/1/1491 689/1/1491
f 3129/1/1492 710/1/1492 931/1/1492
f 477/1/1493 3107/1/1493 1674/1/1493
f 55/1/1494 3299/1/1494 697/1/1494
f 826/1/1495 917/1/1495 915/1/1495
f 959/1/1496 3285/1/1496 2093/1/1496
f 374/1/1497 3320/1/1497 1002/1/1497
f 664/1/1498 608/1/1498 452/1/1498
f 769/1/1499 372/1/1499 1249/1/1499
f 589/1/1500 99/1/1500 1990/1/1500
f 2493/1/1501 1106/1/1501 2253/1/1501
f 682/1/1502 3112/1/1502 2034/1/1502
f 473/1/1503 1154/1/1503 2165/1/1503
f 671/1/1504 703/1/1504 1169/1/1504
f 1177/1/1505 682/1/1505 2034/1/1505
f 775/1/1506 1065/1/1506 883/1/1506
f 684/1/1507 1169/1/1507 704/1/1507
f 687/1/1508 686/1/1508 1180/1/1508
f 743/1/1509 697/1/1509 742/1/1509
f 686/1/1510 692/1/1510 2607/1/1510
f 630/1/1511 2046/1/1511 2052/1/1511
f 2046/1/1512 2769/1/1512 2052/1/1512
f 687/1/1513 693/1/1513 3313/1/1513
f 1684/1/1514 309/1/1514 2234/1/1514
f 654/1/1515 378/1/1515 678/1/1515
f 98/1/1516 467/1/1516 2091/1/1516
f 659/1/1517 3319/1/1517 692/1/1517
f 762/1/1518 1062/1/1518 1222/1/1518
f 690/1/1519 1149/1/1519 708/1/1519
f 690/1/1520 3306/1/1520 693/1/1520
f 771/1/1521 416/1/1521 425/1/1521
f 410/1/1522 352/1/1522 694/1/1522
f 932/1/1523 3106/1/1523 1004/1/1523
f 981/1/1524 2799/1/1524 790/1/1524
f 722/1/1525 660/1/1525 698/1/1525
f 690/1/1526 708/1/1526 3306/1/1526
f 722/1/1527 698/1/1527 676/1/1527
f 2460/1/1528 2808/1/1528 1485/1/1528
f 696/1/1529 1248/1/1529 2015/1/1529
f 751/1/1530 755/1/1530 759/1/1530
f 697/1/1531 723/1/1531 742/1/1531
f 976/1/1532 1128/1/1532 135/1/1532
f 3313/1/1533 689/1/1533 692/1/1533
f 1718/1/1534 1797/1/1534 1024/1/1534
f 440/1/1535 859/1/1535 677/1/1535
f 1579/1/1536 2586/1/1536 945/1/1536
f 665/1/1537 693/1/1537 3306/1/1537
f 706/1/1538 3306/1/1538 708/1/1538
f 791/1/1539 102/1/1539 1887/1/1539
f 1121/1/1540 380/1/1540 1887/1/1540
f 454/1/1541 593/1/1541 479/1/1541
f 529/1/1542 3320/1/1542 525/1/1542
f 831/1/1543 729/1/1543 3155/1/1543
f 702/1/1544 716/1/1544 701/1/1544
f 703/1/1545 3117/1/1545 705/1/1545
f 1130/1/1546 3201/1/1546 660/1/1546
f 1091/1/1547 1554/1/1547 1718/1/1547
f 1137/1/1548 2141/1/1548 2165/1/1548
f 1043/1/1549 1718/1/1549 1024/1/1549
f 705/1/1550 716/1/1550 712/1/1550
f 700/1/1551 836/1/1551 1227/1/1551
f 717/1/1552 708/1/1552 1187/1/1552
f 707/1/1553 1187/1/1553 1708/1/1553
f 877/1/1554 713/1/1554 375/1/1554
f 680/1/1555 3117/1/1555 718/1/1555
f 709/1/1556 1111/1/1556 3118/1/1556
f 704/1/1557 709/1/1557 3118/1/1557
f 811/1/1558 707/1/1558 1708/1/1558
f 1263/1/1559 3317/1/1559 1264/1/1559
f 1968/1/1560 208/1/1560 915/1/1560
f 673/1/1561 744/1/1561 710/1/1561
f 485/1/1562 430/1/1562 650/1/1562
f 714/1/1563 3307/1/1563 1708/1/1563
f 705/1/1564 3117/1/1564 716/1/1564
f 1623/1/1565 1482/1/1565 1928/1/1565
f 720/1/1566 739/1/1566 1219/1/1566
f 708/1/1567 1149/1/1567 1187/1/1567
f 700/1/1568 1227/1/1568 1134/1/1568
f 697/1/1569 3299/1/1569 723/1/1569
f 468/1/1570 667/1/1570 3201/1/1570
f 720/1/1571 741/1/1571 744/1/1571
f 81/1/1572 852/1/1572 789/1/1572
f 684/1/1573 3118/1/1573 1745/1/1573
f 671/1/1574 3111/1/1574 718/1/1574
f 705/1/1575 712/1/1575 836/1/1575
f 217/1/1576 1217/1/1576 3287/1/1576
f 508/1/1577 125/1/1577 871/1/1577
f 720/1/1578 3130/1/1578 739/1/1578
f 649/1/1579 648/1/1579 669/1/1579
f 696/1/1580 936/1/1580 1248/1/1580
f 672/1/1581 718/1/1581 3111/1/1581
f 719/1/1582 726/1/1582 721/1/1582
f 719/1/1583 936/1/1583 726/1/1583
f 726/1/1584 936/1/1584 2124/1/1584
f 1055/1/1585 670/1/1585 3102/1/1585
f 721/1/1586 3293/1/1586 723/1/1586
f 664/1/1587 650/1/1587 796/1/1587
f 1099/1/1588 1196/1/1588 1176/1/1588
f 3293/1/1589 721/1/1589 726/1/1589
f 55/1/1590 743/1/1590 699/1/1590
f 665/1/1591 3306/1/1591 668/1/1591
f 693/1/1592 687/1/1592 690/1/1592
f 761/1/1593 786/1/1593 922/1/1593
f 1028/1/1594 105/1/1594 987/1/1594
f 3299/1/1595 719/1/1595 721/1/1595
f 726/1/1596 746/1/1596 3293/1/1596
f 1217/1/1597 133/1/1597 3287/1/1597
f 659/1/1598 722/1/1598 676/1/1598
f 630/1/1599 1041/1/1599 2072/1/1599
f 3146/1/1600 3160/1/1600 601/1/1600
f 594/1/1601 768/1/1601 641/1/1601
f 472/1/1602 3293/1/1602 1127/1/1602
f 2146/1/1603 3188/1/1603 1239/1/1603
f 620/1/1604 613/1/1604 617/1/1604
f 489/1/1605 2725/1/1605 1163/1/1605
f 636/1/1606 3128/1/1606 753/1/1606
f 2093/1/1607 3285/1/1607 3277/1/1607
f 141/1/1608 803/1/1608 809/1/1608
f 761/1/1609 922/1/1609 764/1/1609
f 139/1/1610 3246/1/1610 165/1/1610
f 65/1/1611 518/1/1611 526/1/1611
f 733/1/1612 1212/1/1612 2544/1/1612
f 1911/1/1613 1034/1/1613 714/1/1613
f 28/1/1614 1039/1/1614 1676/1/1614
f 976/1/1615 135/1/1615 1318/1/1615
f 325/1/1616 44/1/1616 19/1/1616
f 3153/1/1617 1246/1/1617 3146/1/1617
f 737/1/1618 763/1/1618 755/1/1618
f 358/1/1619 651/1/1619 3105/1/1619
f 495/1/1620 491/1/1620 618/1/1620
f 1121/1/1621 695/1/1621 619/1/1621
f 737/1/1622 755/1/1622 3135/1/1622
f 729/1/1623 733/1/1623 735/1/1623
f 3304/1/1624 470/1/1624 959/1/1624
f 2767/1/1625 1232/1/1625 1055/1/1625
f 3173/1/1626 594/1/1626 621/1/1626
f 1960/1/1627 474/1/1627 2607/1/1627
f 739/1/1628 1224/1/1628 1219/1/1628
f 741/1/1629 1227/1/1629 712/1/1629
f 767/1/1630 643/1/1630 584/1/1630
f 3173/1/1631 768/1/1631 594/1/1631
f 691/1/1632 106/1/1632 748/1/1632
f 710/1/1633 744/1/1633 3124/1/1633
f 983/1/1634 469/1/1634 2744/1/1634
f 2584/1/1635 2698/1/1635 3273/1/1635
f 3117/1/1636 680/1/1636 701/1/1636
f 741/1/1637 712/1/1637 3124/1/1637
f 720/1/1638 744/1/1638 3130/1/1638
f 719/1/1639 717/1/1639 1744/1/1639
f 719/1/1640 1744/1/1640 936/1/1640
f 487/1/1641 418/1/1641 1751/1/1641
f 603/1/1642 435/1/1642 657/1/1642
f 3180/1/1643 1112/1/1643 635/1/1643
f 1223/1/1644 622/1/1644 727/1/1644
f 1213/1/1645 771/1/1645 425/1/1645
f 2326/1/1646 970/1/1646 994/1/1646
f 2866/1/1647 1158/1/1647 1253/1/1647
f 1833/1/1648 458/1/1648 459/1/1648
f 1215/1/1649 600/1/1649 1093/1/1649
f 3292/1/1650 122/1/1650 781/1/1650
f 315/1/1651 209/1/1651 348/1/1651
f 3251/1/1652 416/1/1652 1225/1/1652
f 315/1/1653 352/1/1653 23/1/1653
f 2138/1/1654 99/1/1654 564/1/1654
f 634/1/1655 1834/1/1655 1204/1/1655
f 2461/1/1656 1077/1/1656 1090/1/1656
f 755/1/1657 1252/1/1657 759/1/1657
f 755/1/1658 763/1/1658 1252/1/1658
f 1886/1/1659 2314/1/1659 390/1/1659
f 203/1/1660 2158/1/1660 725/1/1660
f 700/1/1661 3125/1/1661 1111/1/1661
f 1903/1/1662 462/1/1662 774/1/1662
f 187/1/1663 1235/1/1663 372/1/1663
f 892/1/1664 125/1/1664 508/1/1664
f 758/1/1665 1224/1/1665 759/1/1665
f 3274/1/1666 68/1/1666 1496/1/1666
f 831/1/1667 3155/1/1667 778/1/1667
f 704/1/1668 841/1/1668 709/1/1668
f 231/1/1669 248/1/1669 808/1/1669
f 563/1/1670 3278/1/1670 1990/1/1670
f 527/1/1671 2339/1/1671 1778/1/1671
f 1267/1/1672 3123/1/1672 796/1/1672
f 765/1/1673 776/1/1673 773/1/1673
f 489/1/1674 2698/1/1674 2866/1/1674
f 766/1/1675 792/1/1675 779/1/1675
f 1706/1/1676 1468/1/1676 628/1/1676
f 1986/1/1677 1165/1/1677 1885/1/1677
f 1946/1/1678 3111/1/1678 671/1/1678
f 1960/1/1679 2607/1/1679 692/1/1679
f 2117/1/1680 927/1/1680 413/1/1680
f 794/1/1681 560/1/1681 551/1/1681
f 1229/1/1682 746/1/1682 1222/1/1682
f 2594/1/1683 2331/1/1683 2723/1/1683
f 1092/1/1684 2898/1/1684 2905/1/1684
f 529/1/1685 526/1/1685 580/1/1685
f 366/1/1686 455/1/1686 745/1/1686
f 2448/1/1687 2079/1/1687 39/1/1687
f 402/1/1688 116/1/1688 505/1/1688
f 2298/1/1689 614/1/1689 35/1/1689
f 766/1/1690 2133/1/1690 922/1/1690
f 562/1/1691 531/1/1691 637/1/1691
f 483/1/1692 3265/1/1692 536/1/1692
f 503/1/1693 1594/1/1693 2070/1/1693
f 765/1/1694 777/1/1694 776/1/1694
f 647/1/1695 463/1/1695 629/1/1695
f 466/1/1696 519/1/1696 3152/1/1696
f 760/1/1697 1252/1/1697 1105/1/1697
f 382/1/1698 3173/1/1698 464/1/1698
f 640/1/1699 1223/1/1699 96/1/1699
f 663/1/1700 617/1/1700 613/1/1700
f 782/1/1701 1021/1/1701 783/1/1701
f 1986/1/1702 2539/1/1702 3131/1/1702
f 1576/1/1703 217/1/1703 3287/1/1703
f 108/1/1704 1198/1/1704 630/1/1704
f 762/1/1705 1041/1/1705 128/1/1705
f 1105/1/1706 3144/1/1706 2464/1/1706
f 1485/1/1707 2233/1/1707 381/1/1707
f 1814/1/1708 428/1/1708 615/1/1708
f 98/1/1709 2091/1/1709 427/1/1709
f 2417/1/1710 111/1/1710 1198/1/1710
f 2768/1/1711 2620/1/1711 1928/1/1711
f 426/1/1712 1205/1/1712 762/1/1712
f 1406/1/1713 1011/1/1713 2223/1/1713
f 3137/1/1714 584/1/1714 419/1/1714
f 135/1/1715 1128/1/1715 1155/1/1715
f 2399/1/1716 195/1/1716 211/1/1716
f 44/1/1717 3152/1/1717 519/1/1717
f 1076/1/1718 1923/1/1718 2273/1/1718
f 794/1/1719 543/1/1719 554/1/1719
f 542/1/1720 543/1/1720 583/1/1720
f 205/1/1721 843/1/1721 447/1/1721
f 2848/1/1722 3119/1/1722 2601/1/1722
f 2082/1/1723 852/1/1723 795/1/1723
f 797/1/1724 2282/1/1724 805/1/1724
f 1923/1/1725 2446/1/1725 2483/1/1725
f 1074/1/1726 1026/1/1726 1031/1/1726
f 2541/1/1727 1842/1/1727 236/1/1727
f 2395/1/1728 3289/1/1728 2765/1/1728
f 380/1/1729 791/1/1729 1887/1/1729
f 595/1/1730 1406/1/1730 2223/1/1730
f 1883/1/1731 3316/1/1731 1776/1/1731
f 2052/1/1732 786/1/1732 761/1/1732
f 1029/1/1733 1028/1/1733 987/1/1733
f 1121/1/1734 1052/1/1734 695/1/1734
f 1166/1/1735 3310/1/1735 730/1/1735
f 1205/1/1736 426/1/1736 2124/1/1736
f 905/1/1737 585/1/1737 767/1/1737
f 671/1/1738 1169/1/1738 1946/1/1738
f 741/1/1739 1044/1/1739 1227/1/1739
f 1106/1/1740 3295/1/1740 1998/1/1740
f 3261/1/1741 623/1/1741 3147/1/1741
f 1991/1/1742 2669/1/1742 2602/1/1742
f 634/1/1743 757/1/1743 725/1/1743
f 2093/1/1744 3304/1/1744 959/1/1744
f 2714/1/1745 2700/1/1745 916/1/1745
f 2188/1/1746 2227/1/1746 2592/1/1746
f 1994/1/1747 2492/1/1747 1853/1/1747
f 3134/1/1748 801/1/1748 1239/1/1748
f 1826/1/1749 1584/1/1749 916/1/1749
f 931/1/1750 552/1/1750 1172/1/1750
f 2855/1/1751 2153/1/1751 940/1/1751
f 1652/1/1752 1861/1/1752 2490/1/1752
f 989/1/1753 802/1/1753 2364/1/1753
f 988/1/1754 1071/1/1754 3095/1/1754
f 2093/1/1755 465/1/1755 3304/1/1755
f 707/1/1756 1744/1/1756 1187/1/1756
f 814/1/1757 3053/1/1757 2840/1/1757
f 2722/1/1758 424/1/1758 2651/1/1758
f 1952/1/1759 2103/1/1759 3276/1/1759
f 2580/1/1760 2391/1/1760 2614/1/1760
f 825/1/1761 2257/1/1761 2522/1/1761
f 494/1/1762 841/1/1762 836/1/1762
f 797/1/1763 1577/1/1763 845/1/1763
f 261/1/1764 130/1/1764 153/1/1764
f 1027/1/1765 3126/1/1765 1067/1/1765
f 13/1/1766 807/1/1766 153/1/1766
f 1826/1/1767 1748/1/1767 1022/1/1767
f 1068/1/1768 1023/1/1768 1031/1/1768
f 339/1/1769 2429/1/1769 2406/1/1769
f 2777/1/1770 3256/1/1770 2069/1/1770
f 418/1/1771 3291/1/1771 25/1/1771
f 2330/1/1772 1260/1/1772 1245/1/1772
f 2356/1/1773 918/1/1773 3158/1/1773
f 1213/1/1774 465/1/1774 771/1/1774
f 841/1/1775 703/1/1775 705/1/1775
f 991/1/1776 993/1/1776 1798/1/1776
f 2403/1/1777 2686/1/1777 2068/1/1777
f 2437/1/1778 2658/1/1778 1064/1/1778
f 2762/1/1779 2555/1/1779 916/1/1779
f 53/1/1780 2249/1/1780 876/1/1780
f 2577/1/1781 2086/1/1781 1828/1/1781
f 2735/1/1782 2700/1/1782 2600/1/1782
f 797/1/1783 1993/1/1783 2282/1/1783
f 2356/1/1784 829/1/1784 2854/1/1784
f 971/1/1785 2216/1/1785 3096/1/1785
f 3251/1/1786 417/1/1786 415/1/1786
f 1040/1/1787 810/1/1787 2589/1/1787
f 2123/1/1788 3138/1/1788 1580/1/1788
f 1453/1/1789 2084/1/1789 2536/1/1789
f 2062/1/1790 3132/1/1790 2388/1/1790
f 2589/1/1791 2075/1/1791 2274/1/1791
f 2337/1/1792 2028/1/1792 2804/1/1792
f 2309/1/1793 422/1/1793 621/1/1793
f 26/1/1794 1197/1/1794 607/1/1794
f 1453/1/1795 2203/1/1795 1538/1/1795
f 964/1/1796 1652/1/1796 1853/1/1796
f 2405/1/1797 2732/1/1797 2171/1/1797
f 1668/1/1798 279/1/1798 2063/1/1798
f 2028/1/1799 2337/1/1799 1584/1/1799
f 2512/1/1800 3174/1/1800 1987/1/1800
f 846/1/1801 1688/1/1801 1628/1/1801
f 2337/1/1802 2229/1/1802 1584/1/1802
f 2013/1/1803 3132/1/1803 2062/1/1803
f 2762/1/1804 2229/1/1804 2388/1/1804
f 2273/1/1805 2827/1/1805 1998/1/1805
f 1591/1/1806 1998/1/1806 2827/1/1806
f 2458/1/1807 1998/1/1807 3295/1/1807
f 891/1/1808 193/1/1808 212/1/1808
f 700/1/1809 494/1/1809 836/1/1809
f 972/1/1810 2654/1/1810 858/1/1810
f 1023/1/1811 2208/1/1811 2684/1/1811
f 2767/1/1812 1821/1/1812 2778/1/1812
f 3171/1/1813 2188/1/1813 2433/1/1813
f 1010/1/1814 2022/1/1814 3074/1/1814
f 2421/1/1815 1717/1/1815 1799/1/1815
f 1238/1/1816 2128/1/1816 1110/1/1816
f 1823/1/1817 2305/1/1817 2289/1/1817
f 2589/1/1818 1027/1/1818 1067/1/1818
f 2601/1/1819 3119/1/1819 1590/1/1819
f 2360/1/1820 1072/1/1820 1135/1/1820
f 2437/1/1821 2290/1/1821 2274/1/1821
f 857/1/1822 2829/1/1822 371/1/1822
f 1026/1/1823 2814/1/1823 1038/1/1823
f 2458/1/1824 2273/1/1824 1998/1/1824
f 997/1/1825 2077/1/1825 958/1/1825
f 2906/1/1826 924/1/1826 2914/1/1826
f 538/1/1827 1576/1/1827 1108/1/1827
f 2004/1/1828 2032/1/1828 1551/1/1828
f 1788/1/1829 2473/1/1829 2255/1/1829
f 2920/1/1830 1763/1/1830 929/1/1830
f 2512/1/1831 1987/1/1831 791/1/1831
f 3061/1/1832 822/1/1832 2192/1/1832
f 1960/1/1833 3319/1/1833 649/1/1833
f 2808/1/1834 2620/1/1834 2768/1/1834
f 2090/1/1835 1984/1/1835 833/1/1835
f 1076/1/1836 1589/1/1836 1923/1/1836
f 1494/1/1837 2152/1/1837 2593/1/1837
f 1100/1/1838 2426/1/1838 3121/1/1838
f 2855/1/1839 1073/1/1839 2153/1/1839
f 1225/1/1840 3260/1/1840 3270/1/1840
f 193/1/1841 891/1/1841 451/1/1841
f 707/1/1842 811/1/1842 3300/1/1842
f 2237/1/1843 82/1/1843 176/1/1843
f 881/1/1844 844/1/1844 2023/1/1844
f 866/1/1845 2201/1/1845 851/1/1845
f 1963/1/1846 2135/1/1846 2596/1/1846
f 1031/1/1847 1780/1/1847 1074/1/1847
f 3133/1/1792 2804/1/1792 2028/1/1792
f 1007/1/1848 1588/1/1848 2196/1/1848
f 620/1/1849 617/1/1849 3160/1/1849
f 3164/1/1850 192/1/1850 804/1/1850
f 3097/1/1851 1162/1/1851 949/1/1851
f 2439/1/1852 1067/1/1852 1587/1/1852
f 100/1/1853 1587/1/1853 2531/1/1853
f 367/1/1854 2372/1/1854 3252/1/1854
f 1049/1/1855 2559/1/1855 413/1/1855
f 1136/1/1856 351/1/1856 2792/1/1856
f 2531/1/1857 1587/1/1857 1067/1/1857
f 2658/1/1778 3133/1/1778 1064/1/1778
f 2658/1/1778 2437/1/1778 2804/1/1778
f 2274/1/1858 2642/1/1858 2437/1/1858
f 2684/1/1859 3126/1/1859 1780/1/1859
f 2290/1/1821 3127/1/1821 2274/1/1821
f 488/1/1860 713/1/1860 2836/1/1860
f 2290/1/1778 2437/1/1778 1064/1/1778
f 2075/1/1861 2642/1/1861 2274/1/1861
f 2900/1/1862 1096/1/1862 2899/1/1862
f 2577/1/1863 2666/1/1863 110/1/1863
f 810/1/1864 2814/1/1864 2589/1/1864
f 1068/1/1865 2090/1/1865 833/1/1865
f 2426/1/1866 1075/1/1866 1704/1/1866
f 2460/1/1867 3316/1/1867 2848/1/1867
f 732/1/1868 1654/1/1868 602/1/1868
f 141/1/1869 499/1/1869 803/1/1869
f 378/1/1870 632/1/1870 3116/1/1870
f 2855/1/1871 940/1/1871 1893/1/1871
f 1142/1/1872 1175/1/1872 3118/1/1872
f 2312/1/1873 2795/1/1873 2836/1/1873
f 174/1/1874 112/1/1874 593/1/1874
f 184/1/1875 596/1/1875 1000/1/1875
f 1104/1/1876 634/1/1876 1204/1/1876
f 1578/1/1877 1742/1/1877 1091/1/1877
f 2586/1/1878 1579/1/1878 2641/1/1878
f 1037/1/1879 2437/1/1879 2642/1/1879
f 1611/1/1880 110/1/1880 2666/1/1880
f 709/1/1881 841/1/1881 494/1/1881
f 2827/1/1882 1003/1/1882 1591/1/1882
f 2684/1/1883 2153/1/1883 1073/1/1883
f 3146/1/1884 496/1/1884 3153/1/1884
f 47/1/1885 3187/1/1885 349/1/1885
f 1006/1/1886 1591/1/1886 1460/1/1886
f 2694/1/1887 2004/1/1887 1551/1/1887
f 905/1/1888 575/1/1888 2891/1/1888
f 1496/1/1889 1253/1/1889 747/1/1889
f 769/1/1890 795/1/1890 3265/1/1890
f 1037/1/1891 2073/1/1891 2388/1/1891
f 31/1/1892 349/1/1892 3187/1/1892
f 1041/1/1893 630/1/1893 128/1/1893
f 146/1/1894 2756/1/1894 210/1/1894
f 2634/1/1895 2625/1/1895 2220/1/1895
f 2401/1/1896 2776/1/1896 2484/1/1896
f 2619/1/1897 3248/1/1897 2631/1/1897
f 2684/1/1898 1780/1/1898 1031/1/1898
f 702/1/1899 1153/1/1899 931/1/1899
f 1040/1/1900 2274/1/1900 3127/1/1900
f 844/1/1901 2282/1/1901 2023/1/1901
f 1040/1/1902 1038/1/1902 810/1/1902
f 1588/1/1903 1007/1/1903 999/1/1903
f 2056/1/1904 1488/1/1904 3148/1/1904
f 1673/1/1905 3227/1/1905 456/1/1905
f 1629/1/1906 2705/1/1906 1785/1/1906
f 3068/1/3 2419/1/3 1931/1/3
f 425/1/1907 685/1/1907 1213/1/1907
f 878/1/1908 662/1/1908 104/1/1908
f 1085/1/1909 1007/1/1909 2196/1/1909
f 2721/1/1910 3275/1/1910 2811/1/1910
f 2043/1/1911 1876/1/1911 1888/1/1911
f 2090/1/1912 1075/1/1912 1984/1/1912
f 1923/1/1913 2827/1/1913 2273/1/1913
f 1026/1/1914 2090/1/1914 1031/1/1914
f 1038/1/1915 2728/1/1915 1704/1/1915
f 2090/1/1916 1038/1/1916 1704/1/1916
f 28/1/1917 1676/1/1917 1036/1/1917
f 2426/1/1918 1704/1/1918 2728/1/1918
f 68/1/1919 1264/1/1919 3317/1/1919
f 899/1/1920 2654/1/1920 2839/1/1920
f 2531/1/1921 3126/1/1921 1073/1/1921
f 516/1/1922 352/1/1922 410/1/1922
f 1795/1/1923 980/1/1923 2232/1/1923
f 797/1/1924 845/1/1924 1993/1/1924
f 1229/1/1925 1127/1/1925 746/1/1925
f 3081/1/1926 1933/1/1926 999/1/1926
f 1214/1/1927 97/1/1927 940/1/1927
f 1062/1/1928 761/1/1928 764/1/1928
f 2481/1/1929 2139/1/1929 2770/1/1929
f 646/1/1930 1684/1/1930 2811/1/1930
f 1900/1/1931 1721/1/1931 1957/1/1931
f 1006/1/1932 2692/1/1932 2765/1/1932
f 2216/1/1933 1058/1/1933 3096/1/1933
f 1053/1/1934 1069/1/1934 992/1/1934
f 1938/1/1935 2044/1/1935 2366/1/1935
f 2640/1/1936 2546/1/1936 1593/1/1936
f 2548/1/1937 384/1/1937 2287/1/1937
f 2090/1/1938 1026/1/1938 1038/1/1938
f 1066/1/1939 3089/1/1939 2196/1/1939
f 2315/1/1940 1097/1/1940 1095/1/1940
f 3089/1/1941 2060/1/1941 3090/1/1941
f 1085/1/1942 2196/1/1942 3089/1/1942
f 3127/1/1943 2112/1/1943 1040/1/1943
f 1588/1/1944 1564/1/1944 2196/1/1944
f 2855/1/1945 2531/1/1945 1073/1/1945
f 496/1/1946 636/1/1946 3153/1/1946
f 458/1/1947 3304/1/1947 459/1/1947
f 2473/1/1948 1788/1/1948 2032/1/1948
f 3174/1/1949 642/1/1949 626/1/1949
f 485/1/1950 446/1/1950 3318/1/1950
f 2634/1/1951 1938/1/1951 2625/1/1951
f 2756/1/1952 149/1/1952 210/1/1952
f 3164/1/1953 798/1/1953 805/1/1953
f 3223/1/1954 830/1/1954 2288/1/1954
f 191/1/1955 1968/1/1955 451/1/1955
f 2692/1/1956 3296/1/1956 2765/1/1956
f 2426/1/1957 1568/1/1957 3121/1/1957
f 2013/1/1958 1587/1/1958 957/1/1958
f 382/1/1959 444/1/1959 3173/1/1959
f 647/1/1960 780/1/1960 463/1/1960
f 2293/1/1961 2458/1/1961 3295/1/1961
f 1080/1/1962 921/1/1962 2330/1/1962
f 131/1/1963 740/1/1963 574/1/1963
f 998/1/1964 1798/1/1964 993/1/1964
f 2814/1/1965 1026/1/1965 1074/1/1965
f 104/1/1966 2345/1/1966 878/1/1966
f 680/1/1967 517/1/1967 701/1/1967
f 1129/1/1968 3103/1/1968 1117/1/1968
f 2436/1/1969 595/1/1969 2223/1/1969
f 188/1/1970 572/1/1970 785/1/1970
f 1586/1/1971 375/1/1971 488/1/1971
f 2347/1/1972 1471/1/1972 1066/1/1972
f 1776/1/1973 1699/1/1973 638/1/1973
f 2419/1/3 819/1/3 991/1/3
f 27/1/1974 469/1/1974 1108/1/1974
f 674/1/1975 666/1/1975 655/1/1975
f 606/1/1976 622/1/1976 607/1/1976
f 1023/1/1977 2684/1/1977 1031/1/1977
f 484/1/1978 509/1/1978 565/1/1978
f 1117/1/1979 2881/1/1979 3098/1/1979
f 93/1/1980 3300/1/1980 811/1/1980
f 2093/1/1981 535/1/1981 771/1/1981
f 810/1/1982 1038/1/1982 2814/1/1982
f 1568/1/1983 2426/1/1983 2728/1/1983
f 2728/1/1984 1038/1/1984 1040/1/1984
f 2722/1/1985 47/1/1985 411/1/1985
f 1811/1/1986 1094/1/1986 1023/1/1986
f 1718/1/1987 1043/1/1987 1019/1/1987
f 433/1/1988 3275/1/1988 2569/1/1988
f 2765/1/1989 2181/1/1989 555/1/1989
f 2262/1/1990 2161/1/1990 2758/1/1990
f 782/1/1991 1488/1/1991 3144/1/1991
f 28/1/1992 7/1/1992 1039/1/1992
f 992/1/1993 2315/1/1993 1100/1/1993
f 1190/1/1994 1179/1/1994 1493/1/1994
f 563/1/1995 637/1/1995 679/1/1995
f 798/1/1996 1577/1/1996 805/1/1996
f 866/1/1997 1868/1/1997 2812/1/1997
f 2297/1/1998 2110/1/1998 1628/1/1998
f 798/1/1999 3164/1/1999 804/1/1999
f 893/1/2000 1171/1/2000 1098/1/2000
f 821/1/2001 2798/1/2001 3039/1/2001
f 2073/1/2002 2642/1/2002 2062/1/2002
f 2543/1/2003 1769/1/2003 1384/1/2003
f 1024/1/2004 1859/1/2004 2446/1/2004
f 2436/1/2005 1763/1/2005 2920/1/2005
f 378/1/2006 3110/1/2006 632/1/2006
f 3314/1/2007 1180/1/2007 2607/1/2007
f 2768/1/2008 1114/1/2008 2808/1/2008
f 1946/1/2009 1177/1/2009 649/1/2009
f 2776/1/2010 2659/1/2010 2101/1/2010
f 1217/1/2011 217/1/2011 3142/1/2011
f 2767/1/2012 1055/1/2012 1821/1/2012
f 2769/1/2013 1254/1/2013 421/1/2013
f 703/1/2014 718/1/2014 3117/1/2014
f 1471/1/2015 3089/1/2015 1066/1/2015
f 818/1/2016 1054/1/2016 1055/1/2016
f 573/1/2017 1255/1/2017 3154/1/2017
f 830/1/2018 3223/1/2018 3142/1/2018
f 3078/1/2019 3070/1/2019 3077/1/2019
f 2113/1/2020 2229/1/2020 2804/1/2020
f 19/1/2021 1814/1/2021 615/1/2021
f 3188/1/2022 3160/1/2022 1246/1/2022
f 2543/1/2023 1765/1/2023 2403/1/2023
f 2109/1/2024 2328/1/2024 1907/1/2024
f 1942/1/2025 910/1/2025 2535/1/2025
f 2642/1/2026 2075/1/2026 1067/1/2026
f 1776/1/2027 381/1/2027 1699/1/2027
f 848/1/2028 1994/1/2028 1853/1/2028
f 895/1/2029 3288/1/2029 441/1/2029
f 1070/1/2030 1083/1/2030 1100/1/2030
f 1784/1/2031 3143/1/2031 422/1/2031
f 988/1/2032 971/1/2032 1071/1/2032
f 1786/1/2033 3254/1/2033 2569/1/2033
f 429/1/2034 453/1/2034 615/1/2034
f 3115/1/2035 965/1/2035 976/1/2035
f 2682/1/2036 948/1/2036 2119/1/2036
f 2184/1/2037 1925/1/2037 963/1/2037
f 1097/1/2038 1090/1/2038 1131/1/2038
f 1780/1/2039 3126/1/2039 1074/1/2039
f 2416/1/2040 2627/1/2040 1900/1/2040
f 3188/1/2041 1172/1/2041 620/1/2041
f 2807/1/2042 1518/1/2042 2068/1/2042
f 1677/1/2043 2849/1/2043 838/1/2043
f 1579/1/2044 1046/1/2044 460/1/2044
f 2639/1/2045 3288/1/2045 642/1/2045
f 2899/1/2046 1020/1/2046 1042/1/2046
f 473/1/2047 1166/1/2047 730/1/2047
f 1069/1/2048 2461/1/2048 1144/1/2048
f 3164/1/2049 800/1/2049 799/1/2049
f 1946/1/2050 649/1/2050 3111/1/2050
f 979/1/2051 2941/1/2051 2048/1/2051
f 96/1/2052 70/1/2052 640/1/2052
f 186/1/2053 907/1/2053 2839/1/2053
f 2467/1/2054 961/1/2054 1527/1/2054
f 2900/1/2055 2901/1/2055 2894/1/2055
f 1976/1/2056 775/1/2056 883/1/2056
f 742/1/2057 606/1/2057 3298/1/2057
f 2536/1/2058 1662/1/2058 2203/1/2058
f 2703/1/2059 834/1/2059 1840/1/2059
f 3141/1/2060 1219/1/2060 752/1/2060
f 28/1/2061 3308/1/2061 1178/1/2061
f 208/1/2062 596/1/2062 915/1/2062
f 1740/1/2063 1560/1/2063 1384/1/2063
f 2294/1/2064 813/1/2064 2329/1/2064
f 431/1/2065 365/1/2065 437/1/2065
f 2439/1/2066 1587/1/2066 2062/1/2066
f 23/1/2067 359/1/2067 41/1/2067
f 192/1/2068 808/1/2068 804/1/2068
f 658/1/2069 133/1/2069 1217/1/2069
f 2381/1/2070 991/1/2070 1798/1/2070
f 2893/1/2071 1015/1/2071 734/1/2071
f 1886/1/2072 1094/1/2072 1811/1/2072
f 3284/1/2073 574/1/2073 310/1/2073
f 2315/1/2074 992/1/2074 1144/1/2074
f 854/1/2075 2880/1/2075 1135/1/2075
f 2192/1/1832 3069/1/1832 3061/1/1832
f 2855/1/2076 1893/1/2076 100/1/2076
f 2607/1/2077 1173/1/2077 1098/1/2077
f 2460/1/2078 2848/1/2078 877/1/2078
f 686/1/2079 2607/1/2079 1180/1/2079
f 1090/1/2080 2315/1/2080 1144/1/2080
f 2509/1/2081 752/1/2081 758/1/2081
f 1074/1/2082 1027/1/2082 2589/1/2082
f 2060/1/2083 3089/1/2083 1481/1/2083
f 2848/1/2084 2079/1/2084 2448/1/2084
f 145/1/2085 635/1/2085 491/1/2085
f 2347/1/2086 1082/1/2086 1471/1/2086
f 3107/1/2087 1264/1/2087 1674/1/2087
f 2347/1/2088 1469/1/2088 1480/1/2088
f 589/1/2089 600/1/2089 1215/1/2089
f 1883/1/2090 1776/1/2090 638/1/2090
f 2332/1/2091 1082/1/2091 1480/1/2091
f 1036/1/2092 1954/1/2092 644/1/2092
f 1742/1/2093 1554/1/2093 1091/1/2093
f 2610/1/2094 3108/1/2094 1155/1/2094
f 2684/1/2095 1073/1/2095 3126/1/2095
f 3108/1/2096 170/1/2096 1155/1/2096
f 3106/1/2097 932/1/2097 893/1/2097
f 1090/1/2098 1144/1/2098 2461/1/2098
f 1090/1/2099 1097/1/2099 2315/1/2099
f 2360/1/2100 2376/1/2100 1072/1/2100
f 897/1/2101 2216/1/2101 815/1/2101
f 392/1/2102 1784/1/2102 588/1/2102
f 2090/1/2103 1704/1/2103 1075/1/2103
f 1122/1/2083 3097/1/2083 1089/1/2083
f 3098/1/1979 1162/1/1979 1117/1/1979
f 1089/1/2083 3097/1/2083 2060/1/2083
f 2541/1/2104 2525/1/2104 2152/1/2104
f 2229/1/2105 1037/1/2105 2388/1/2105
f 2288/1/2106 191/1/2106 891/1/2106
f 2512/1/2107 2506/1/2107 183/1/2107
f 1122/1/1933 3096/1/1933 1058/1/1933
f 949/1/1941 3090/1/1941 2060/1/1941
f 1129/1/2108 3097/1/2108 1115/1/2108
f 1082/1/2109 1088/1/2109 1481/1/2109
f 1796/1/2110 1910/1/2110 1903/1/2110
f 1886/1/2111 2278/1/2111 2314/1/2111
f 1071/1/2112 1082/1/2112 2332/1/2112
f 3305/1/2113 112/1/2113 3312/1/2113
f 2347/1/2114 1066/1/2114 3088/1/2114
f 3223/1/2115 843/1/2115 3142/1/2115
f 1089/1/2083 1481/1/2083 3096/1/2083
f 1874/1/2116 47/1/2116 1140/1/2116
f 410/1/2117 3208/1/2117 3311/1/2117
f 1135/1/2075 2885/1/2075 2801/1/2075
f 2848/1/2118 2448/1/2118 3119/1/2118
f 1069/1/2119 1053/1/2119 3115/1/2119
f 2869/1/2120 1159/1/2120 1120/1/2120
f 1091/1/2121 1718/1/2121 1019/1/2121
f 3268/1/2122 2829/1/2122 1974/1/2122
f 2347/1/2123 1480/1/2123 1082/1/2123
f 2902/1/2124 2894/1/2124 2901/1/2124
f 976/1/2125 1069/1/2125 3115/1/2125
f 1718/1/2126 1554/1/2126 1797/1/2126
f 988/1/2127 815/1/2127 971/1/2127
f 2801/1/2075 854/1/2075 1135/1/2075
f 1982/1/2128 103/1/2128 2226/1/2128
f 1120/1/2129 2885/1/2129 1135/1/2129
f 1542/1/3 3067/1/3 1931/1/3
f 396/1/2130 3232/1/2130 1002/1/2130
f 349/1/2131 319/1/2131 1140/1/2131
f 1065/1/2132 2834/1/2132 883/1/2132
f 976/1/2133 1160/1/2133 1128/1/2133
f 2866/1/2134 421/1/2134 1158/1/2134
f 1019/1/2135 558/1/2135 713/1/2135
f 481/1/2136 478/1/2136 2372/1/2136
f 1128/1/2137 1160/1/2137 1155/1/2137
f 2375/1/2138 2912/1/2138 1011/1/2138
f 3275/1/2139 129/1/2139 2569/1/2139
f 2724/1/2108 3103/1/2108 1115/1/2108
f 1100/1/2140 1075/1/2140 2426/1/2140
f 971/1/2141 815/1/2141 2216/1/2141
f 2034/1/2142 3106/1/2142 1177/1/2142
f 2360/1/2143 2880/1/2143 1452/1/2143
f 2141/1/2144 1137/1/2144 1155/1/2144
f 265/1/2145 1809/1/2145 2791/1/2145
f 2320/1/2146 1004/1/2146 2034/1/2146
f 1113/1/2147 2834/1/2147 3266/1/2147
f 2872/1/1933 1115/1/1933 2216/1/1933
f 843/1/2148 198/1/2148 447/1/2148
f 3108/1/2149 978/1/2149 3315/1/2149
f 965/1/2150 1160/1/2150 976/1/2150
f 713/1/2151 3301/1/2151 2836/1/2151
f 988/1/2152 1181/1/2152 815/1/2152
f 3194/1/2153 310/1/2153 574/1/2153
f 1288/1/2154 1009/1/2154 1186/1/2154
f 2895/1/2155 2887/1/2155 2894/1/2155
f 208/1/2156 1968/1/2156 983/1/2156
f 1150/1/2157 1260/1/2157 1151/1/2157
f 1321/1/2158 1381/1/2158 2092/1/2158
f 1298/1/2159 1484/1/2159 911/1/2159
f 358/1/2160 653/1/2160 688/1/2160
f 761/1/2161 128/1/2161 2052/1/2161
f 2993/1/2162 2986/1/2162 2985/1/2162
f 1120/1/2163 1159/1/2163 2885/1/2163
f 1468/1/2164 1238/1/2164 1203/1/2164
f 111/1/2165 2474/1/2165 2769/1/2165
f 1705/1/2166 2236/1/2166 2837/1/2166
f 374/1/2167 400/1/2167 360/1/2167
f 2768/1/2168 1928/1/2168 1204/1/2168
f 1248/1/2169 936/1/2169 1744/1/2169
f 94/1/2170 616/1/2170 1658/1/2170
f 2981/1/2171 2974/1/2171 2973/1/2171
f 2871/1/2172 1332/1/2172 2688/1/2172
f 1171/1/2173 1192/1/2173 2157/1/2173
f 3156/1/2174 2773/1/2174 934/1/2174
f 2586/1/2175 958/1/2175 441/1/2175
f 1147/1/2176 2886/1/2176 2801/1/2176
f 616/1/2177 1123/1/2177 1815/1/2177
f 633/1/2178 625/1/2178 623/1/2178
f 1221/1/2179 1636/1/2179 1119/1/2179
f 2272/1/2180 2201/1/2180 2529/1/2180
f 1171/1/2181 1655/1/2181 1098/1/2181
f 1910/1/2182 2320/1/2182 1/1/2182
f 2128/1/2183 2464/1/2183 3144/1/2183
f 1684/1/2184 646/1/2184 433/1/2184
f 596/1/2185 184/1/2185 29/1/2185
f 1923/1/2186 2483/1/2186 2827/1/2186
f 729/1/2187 523/1/2187 1080/1/2187
f 1104/1/2188 774/1/2188 449/1/2188
f 372/1/2189 769/1/2189 483/1/2189
f 1708/1/2190 1187/1/2190 1149/1/2190
f 457/1/2191 383/1/2191 565/1/2191
f 2767/1/2192 1099/1/2192 1232/1/2192
f 714/1/2193 1034/1/2193 3307/1/2193
f 464/1/2194 3188/1/2194 382/1/2194
f 485/1/2195 3318/1/2195 174/1/2195
f 1115/1/2108 2872/1/2108 2724/1/2108
f 2034/1/2196 3112/1/2196 2320/1/2196
f 596/1/2197 208/1/2197 983/1/2197
f 1586/1/2198 488/1/2198 2836/1/2198
f 1162/1/1851 3098/1/1851 949/1/1851
f 843/1/2199 3223/1/2199 2288/1/2199
f 1093/1/2200 600/1/2200 3278/1/2200
f 691/1/2201 2417/1/2201 108/1/2201
f 61/1/2202 2729/1/2202 1592/1/2202
f 2988/1/2203 2981/1/2203 2980/1/2203
f 1457/1/2204 2828/1/2204 2727/1/2204
f 639/1/2205 675/1/2205 1654/1/2205
f 2885/1/2206 1663/1/2206 734/1/2206
f 1920/1/2207 788/1/2207 3273/1/2207
f 2302/1/2208 2310/1/2208 1028/1/2208
f 2584/1/2209 3273/1/2209 788/1/2209
f 563/1/2210 679/1/2210 1016/1/2210
f 1960/1/2211 1177/1/2211 474/1/2211
f 148/1/2212 62/1/2212 167/1/2212
f 1469/1/2213 2347/1/2213 3088/1/2213
f 2339/1/2214 445/1/2214 1778/1/2214
f 1225/1/2215 3270/1/2215 3251/1/2215
f 1685/1/2216 1800/1/2216 2373/1/2216
f 128/1/2217 1062/1/2217 762/1/2217
f 887/1/2218 2456/1/2218 2180/1/2218
f 253/1/2219 1681/1/2219 1628/1/2219
f 1814/1/2220 19/1/2220 519/1/2220
f 1471/1/2221 1481/1/2221 3089/1/2221
f 2512/1/2222 791/1/2222 2506/1/2222
f 28/1/2223 1036/1/2223 644/1/2223
f 2829/1/2224 857/1/2224 1974/1/2224
f 1173/1/2225 2607/1/2225 474/1/2225
f 1883/1/2226 2848/1/2226 3316/1/2226
f 2158/1/2227 1699/1/2227 381/1/2227
f 706/1/2228 55/1/2228 668/1/2228
f 183/1/2229 642/1/2229 3174/1/2229
f 674/1/2230 667/1/2230 666/1/2230
f 135/1/2231 1137/1/2231 2165/1/2231
f 3179/1/2232 2329/1/2232 1951/1/2232
f 552/1/2233 724/1/2233 3116/1/2233
f 324/1/2234 430/1/2234 3109/1/2234
f 445/1/2235 2339/1/2235 521/1/2235
f 802/1/2236 989/1/2236 805/1/2236
f 378/1/2237 724/1/2237 517/1/2237
f 3188/1/2238 620/1/2238 3160/1/2238
f 463/1/2239 625/1/2239 633/1/2239
f 463/1/2240 633/1/2240 643/1/2240
f 2539/1/2241 1986/1/2241 683/1/2241
f 687/1/2242 3313/1/2242 686/1/2242
f 843/1/2243 205/1/2243 3142/1/2243
f 435/1/2244 2127/1/2244 657/1/2244
f 100/1/2245 1893/1/2245 957/1/2245
f 1622/1/2246 1241/1/2246 815/1/2246
f 1071/1/2247 2332/1/2247 3095/1/2247
f 108/1/2248 2550/1/2248 2633/1/2248
f 1112/1/2249 3187/1/2249 2722/1/2249
f 1159/1/2250 1663/1/2250 2885/1/2250
f 3125/1/2251 1134/1/2251 2539/1/2251
f 2869/1/2252 1120/1/2252 1072/1/2252
f 2458/1/2253 2518/1/2253 1076/1/2253
f 2493/1/2254 2253/1/2254 2557/1/2254
f 2880/1/2075 854/1/2075 2724/1/2075
f 1040/1/2255 2589/1/2255 2274/1/2255
f 651/1/2256 611/1/2256 676/1/2256
f 3096/1/2083 1122/1/2083 1089/1/2083
f 2018/1/2257 2171/1/2257 2667/1/2257
f 125/1/2258 1680/1/2258 799/1/2258
f 1046/1/2259 3289/1/2259 460/1/2259
f 917/1/2260 186/1/2260 2839/1/2260
f 1098/1/2261 3314/1/2261 2607/1/2261
f 854/1/2075 2801/1/2075 2724/1/2075
f 1493/1/2262 1179/1/2262 2157/1/2262
f 1125/1/2263 1195/1/2263 1199/1/2263
f 711/1/2264 491/1/2264 635/1/2264
f 1636/1/2265 827/1/2265 1658/1/2265
f 96/1/2266 772/1/2266 70/1/2266
f 609/1/2267 661/1/2267 674/1/2267
f 1171/1/2268 1623/1/2268 1192/1/2268
f 2446/1/2269 3303/1/2269 2483/1/2269
f 2665/1/2270 801/1/2270 3135/1/2270
f 932/1/2271 1910/1/2271 2821/1/2271
f 640/1/2272 967/1/2272 26/1/2272
f 35/1/2273 2208/1/2273 2298/1/2273
f 1643/1/2274 685/1/2274 416/1/2274
f 102/1/2275 106/1/2275 2633/1/2275
f 1067/1/2276 2439/1/2276 2642/1/2276
f 2474/1/2277 3272/1/2277 1969/1/2277
f 1004/1/2278 3106/1/2278 2034/1/2278
f 606/1/2279 1360/1/2279 622/1/2279
f 1655/1/2280 3314/1/2280 1098/1/2280
f 1254/1/2281 2769/1/2281 2474/1/2281
f 23/1/2282 352/1/2282 516/1/2282
f 660/1/2283 609/1/2283 698/1/2283
f 3112/1/2284 681/1/2284 2320/1/2284
f 1241/1/2285 897/1/2285 815/1/2285
f 358/1/2286 3110/1/2286 654/1/2286
f 309/1/2287 1684/1/2287 1674/1/2287
f 47/1/2288 349/1/2288 1140/1/2288
f 1920/1/2289 781/1/2289 122/1/2289
f 370/1/2290 3119/1/2290 39/1/2290
f 1149/1/2291 714/1/2291 1708/1/2291
f 2089/1/2292 2703/1/2292 862/1/2292
f 1004/1/2293 2320/1/2293 1910/1/2293
f 1623/1/2294 1928/1/2294 1192/1/2294
f 932/1/2295 1004/1/2295 1910/1/2295
f 3106/1/2296 893/1/2296 1098/1/2296
f 335/1/2297 3311/1/2297 3208/1/2297
f 3300/1/2298 1768/1/2298 2345/1/2298
f 1142/1/2299 1658/1/2299 1175/1/2299
f 2298/1/2300 2208/1/2300 1023/1/2300
f 1199/1/2301 1179/1/2301 1125/1/2301
f 97/1/2302 1119/1/2302 1885/1/2302
f 418/1/2303 603/1/2303 610/1/2303
f 772/1/2304 598/1/2304 756/1/2304
f 351/1/2305 2884/1/2305 3315/1/2305
f 752/1/2306 1219/1/2306 1224/1/2306
f 1137/1/2307 135/1/2307 1155/1/2307
f 1201/1/2308 1179/1/2308 1199/1/2308
f 1201/1/2309 1034/1/2309 3314/1/2309
f 1132/1/2310 1111/1/2310 3125/1/2310
f 1094/1/2311 2298/1/2311 1023/1/2311
f 2884/1/2312 604/1/2312 3315/1/2312
f 1195/1/2313 3307/1/2313 1199/1/2313
f 1920/1/2314 3273/1/2314 1163/1/2314
f 995/1/2315 1498/1/2315 1638/1/2315
f 769/1/2316 1249/1/2316 2082/1/2316
f 2474/1/2317 2117/1/2317 1254/1/2317
f 860/1/2318 193/1/2318 451/1/2318
f 3281/1/2319 1589/1/2319 2286/1/2319
f 3141/1/2320 752/1/2320 3131/1/2320
f 105/1/2321 957/1/2321 2454/1/2321
f 2226/1/2322 1893/1/2322 940/1/2322
f 3301/1/2323 2312/1/2323 2836/1/2323
f 1142/1/2324 3118/1/2324 1111/1/2324
f 1232/1/2325 1020/1/2325 1096/1/2325
f 1834/1/2326 1114/1/2326 1204/1/2326
f 472/1/2327 1127/1/2327 113/1/2327
f 712/1/2328 1227/1/2328 836/1/2328
f 1406/1/2329 595/1/2329 1907/1/2329
f 2886/1/2330 2881/1/2330 3103/1/2330
f 1260/1/2331 921/1/2331 523/1/2331
f 3308/1/2332 1190/1/2332 1178/1/2332
f 1195/1/2333 811/1/2333 3307/1/2333
f 366/1/2334 435/1/2334 3305/1/2334
f 1463/1/2335 1959/1/2335 1081/1/2335
f 1319/1/2336 1535/1/2336 2578/1/2336
f 590/1/2337 442/1/2337 319/1/2337
f 1132/1/2338 1636/1/2338 1142/1/2338
f 318/1/2339 3194/1/2339 740/1/2339
f 1123/1/2340 1691/1/2340 1815/1/2340
f 1166/1/2341 203/1/2341 757/1/2341
f 81/1/2342 789/1/2342 859/1/2342
f 686/1/2343 3313/1/2343 692/1/2343
f 1211/1/2344 696/1/2344 2015/1/2344
f 198/1/2345 843/1/2345 3290/1/2345
f 2767/1/2346 1196/1/2346 1099/1/2346
f 2509/1/2347 3131/1/2347 752/1/2347
f 987/1/2348 1611/1/2348 1029/1/2348
f 1199/1/2349 3307/1/2349 1034/1/2349
f 1708/1/2350 3307/1/2350 811/1/2350
f 2309/1/2351 588/1/2351 1784/1/2351
f 696/1/2352 2124/1/2352 936/1/2352
f 1488/1/2353 2056/1/2353 1110/1/2353
f 859/1/2354 440/1/2354 1084/1/2354
f 3120/1/2355 2759/1/2355 2569/1/2355
f 183/1/2356 2639/1/2356 642/1/2356
f 2141/1/2357 840/1/2357 2165/1/2357
f 494/1/2358 700/1/2358 1111/1/2358
f 3281/1/2359 1043/1/2359 1024/1/2359
f 1197/1/2360 602/1/2360 675/1/2360
f 732/1/2361 602/1/2361 3278/1/2361
f 1113/1/2362 462/1/2362 2120/1/2362
f 830/1/2363 538/1/2363 1108/1/2363
f 1165/1/2364 1912/1/2364 1209/1/2364
f 174/1/2365 3312/1/2365 112/1/2365
f 3302/1/2366 1684/1/2366 2234/1/2366
f 1150/1/2367 871/1/2367 1245/1/2367
f 771/1/2368 535/1/2368 481/1/2368
f 2293/1/2369 380/1/2369 787/1/2369
f 462/1/2370 3266/1/2370 774/1/2370
f 1209/1/2371 1996/1/2371 1165/1/2371
f 817/1/2372 1092/1/2372 1196/1/2372
f 3147/1/2373 625/1/2373 463/1/2373
f 741/1/2374 3124/1/2374 744/1/2374
f 1039/1/2375 7/1/2375 2836/1/2375
f 751/1/2376 759/1/2376 1224/1/2376
f 771/1/2377 1225/1/2377 416/1/2377
f 1986/1/2378 1164/1/2378 1165/1/2378
f 754/1/2379 2376/1/2379 1452/1/2379
f 702/1/2380 931/1/2380 710/1/2380
f 2345/1/2381 2015/1/2381 3300/1/2381
f 1088/1/2382 3096/1/2382 1481/1/2382
f 2418/1/2383 105/1/2383 1867/1/2383
f 231/1/2384 130/1/2384 261/1/2384
f 1195/1/2385 1125/1/2385 1954/1/2385
f 138/1/2386 3168/1/2386 578/1/2386
f 790/1/2387 1506/1/2387 2239/1/2387
f 753/1/2388 3153/1/2388 636/1/2388
f 2620/1/2389 1493/1/2389 1192/1/2389
f 1611/1/2390 1208/1/2390 110/1/2390
f 491/1/2391 3167/1/2391 618/1/2391
f 122/1/2392 3292/1/2392 2624/1/2392
f 2544/1/2393 3190/1/2393 2532/1/2393
f 2209/1/2394 1298/1/2394 911/1/2394
f 107/1/2395 1867/1/2395 103/1/2395
f 92/1/2396 616/1/2396 614/1/2396
f 126/1/2397 892/1/2397 508/1/2397
f 3274/1/2398 309/1/2398 1674/1/2398
f 679/1/2399 336/1/2399 3277/1/2399
f 2270/1/2400 782/1/2400 1105/1/2400
f 472/1/2401 727/1/2401 3293/1/2401
f 792/1/2402 786/1/2402 784/1/2402
f 1973/1/2071 2893/1/2071 734/1/2071
f 701/1/2403 716/1/2403 3117/1/2403
f 927/1/2404 1126/1/2404 413/1/2404
f 2584/1/2405 793/1/2405 1235/1/2405
f 2054/1/2406 2128/1/2406 1896/1/2406
f 666/1/2407 699/1/2407 743/1/2407
f 2454/1/2408 957/1/2408 1893/1/2408
f 2506/1/2409 2293/1/2409 3295/1/2409
f 1608/1/2410 2669/1/2410 2577/1/2410
f 801/1/2411 3294/1/2411 1239/1/2411
f 2584/1/2412 792/1/2412 784/1/2412
f 1208/1/2413 107/1/2413 1209/1/2413
f 1655/1/2414 1171/1/2414 2157/1/2414
f 2475/1/2415 104/1/2415 2633/1/2415
f 1812/1/2416 2738/1/2416 2047/1/2416
f 662/1/2417 102/1/2417 104/1/2417
f 2331/1/2418 3156/1/2418 2723/1/2418
f 1641/1/2419 984/1/2419 915/1/2419
f 2167/1/2420 125/1/2420 32/1/2420
f 3281/1/2421 558/1/2421 1043/1/2421
f 939/1/2422 1194/1/2422 778/1/2422
f 2700/1/2423 2735/1/2423 3138/1/2423
f 249/1/2424 2500/1/2424 2227/1/2424
f 2020/1/2425 1873/1/2425 1739/1/2425
f 790/1/2426 2721/1/2426 2811/1/2426
f 493/1/2427 3209/1/2427 436/1/2427
f 370/1/2428 1578/1/2428 1091/1/2428
f 2302/1/2429 3138/1/2429 2735/1/2429
f 2866/1/2430 3280/1/2430 421/1/2430
f 3154/1/2431 138/1/2431 2891/1/2431
f 3157/1/2432 2766/1/2432 330/1/2432
f 3282/1/2433 981/1/2433 2239/1/2433
f 549/1/2434 466/1/2434 145/1/2434
f 892/1/2435 1680/1/2435 125/1/2435
f 613/1/2436 620/1/2436 1172/1/2436
f 629/1/2437 138/1/2437 3161/1/2437
f 2087/1/2438 1306/1/2438 2172/1/2438
f 3267/1/2439 79/1/2439 1263/1/2439
f 598/1/2440 113/1/2440 756/1/2440
f 1046/1/2441 1579/1/2441 975/1/2441
f 2541/1/2442 2119/1/2442 2295/1/2442
f 3021/1/2443 3014/1/2443 3013/1/2443
f 3128/1/2444 645/1/2444 419/1/2444
f 1114/1/2445 2768/1/2445 1204/1/2445
f 538/1/2446 830/1/2446 3142/1/2446
f 1692/1/2447 2594/1/2447 628/1/2447
f 101/1/2448 3163/1/2448 3155/1/2448
f 647/1/2449 629/1/2449 566/1/2449
f 383/1/2450 5/1/2450 565/1/2450
f 539/1/2451 563/1/2451 99/1/2451
f 1172/1/2452 552/1/2452 613/1/2452
f 1050/1/2453 2035/1/2453 413/1/2453
f 25/1/2454 1833/1/2454 3305/1/2454
f 2167/1/2455 871/1/2455 125/1/2455
f 639/1/2456 1654/1/2456 486/1/2456
f 3289/1/2457 1046/1/2457 975/1/2457
f 68/1/2458 1256/1/2458 2725/1/2458
f 2651/1/2459 711/1/2459 635/1/2459
f 871/1/2460 2167/1/2460 2331/1/2460
f 392/1/2461 588/1/2461 3147/1/2461
f 125/1/2462 799/1/2462 32/1/2462
f 767/1/2463 2892/1/2463 618/1/2463
f 464/1/2464 1239/1/2464 3188/1/2464
f 1112/1/2465 3180/1/2465 3152/1/2465
f 612/1/2466 609/1/2466 745/1/2466
f 262/1/2467 45/1/2467 257/1/2467
f 1047/1/2468 1380/1/2468 1107/1/2468
f 1682/1/2469 2474/1/2469 111/1/2469
f 2474/1/2470 1969/1/2470 1126/1/2470
f 977/1/2471 948/1/2471 1795/1/2471
f 791/1/2472 1987/1/2472 102/1/2472
f 2082/1/2473 2624/1/2473 677/1/2473
f 1136/1/2474 2443/1/2474 39/1/2474
f 541/1/2475 557/1/2475 553/1/2475
f 766/1/2476 3279/1/2476 772/1/2476
f 570/1/2477 2414/1/2477 1561/1/2477
f 2035/1/2478 1050/1/2478 2234/1/2478
f 1706/1/2479 2019/1/2479 1468/1/2479
f 485/1/2480 664/1/2480 452/1/2480
f 32/1/2481 799/1/2481 989/1/2481
f 1015/1/2071 2885/1/2071 734/1/2071
f 977/1/2482 1599/1/2482 3150/1/2482
f 766/1/2483 922/1/2483 792/1/2483
f 1003/1/2484 2716/1/2484 1460/1/2484
f 1249/1/2485 372/1/2485 793/1/2485
f 1194/1/2486 939/1/2486 126/1/2486
f 1213/1/2487 1124/1/2487 3304/1/2487
f 2232/1/2488 2602/1/2488 2019/1/2488
f 717/1/2489 1187/1/2489 1744/1/2489
f 487/1/2490 3291/1/2490 418/1/2490
f 2340/1/2491 475/1/2491 13/1/2491
f 2886/1/985 1147/1/985 1015/1/985
f 2559/1/2492 1050/1/2492 413/1/2492
f 757/1/2493 203/1/2493 725/1/2493
f 519/1/2494 427/1/2494 1814/1/2494
f 1223/1/2495 640/1/2495 26/1/2495
f 378/1/2496 517/1/2496 715/1/2496
f 2213/1/2497 1288/1/2497 1186/1/2497
f 1417/1/2498 1431/1/2498 2616/1/2498
f 361/1/2499 1758/1/2499 367/1/2499
f 2134/1/2500 1060/1/2500 2564/1/2500
f 552/1/2501 663/1/2501 613/1/2501
f 752/1/2502 1224/1/2502 758/1/2502
f 1924/1/2503 2035/1/2503 2234/1/2503
f 1611/1/2504 987/1/2504 2418/1/2504
f 3128/1/2505 419/1/2505 532/1/2505
f 1202/1/2506 977/1/2506 1795/1/2506
f 2799/1/2507 2548/1/2507 2721/1/2507
f 358/1/2508 3105/1/2508 612/1/2508
f 1050/1/2509 2559/1/2509 2234/1/2509
f 636/1/2510 476/1/2510 461/1/2510
f 3129/1/2511 3294/1/2511 801/1/2511
f 3254/1/2512 1786/1/2512 1974/1/2512
f 2513/1/2513 913/1/2513 946/1/2513
f 616/1/2514 94/1/2514 614/1/2514
f 778/1/2515 3155/1/2515 3163/1/2515
f 760/1/2516 3136/1/2516 758/1/2516
f 2330/1/2517 1245/1/2517 1692/1/2517
f 3138/1/2518 1572/1/2518 2700/1/2518
f 902/1/2519 3268/1/2519 2839/1/2519
f 101/1/2520 3155/1/2520 736/1/2520
f 1229/1/2521 1222/1/2521 764/1/2521
f 2167/1/2522 32/1/2522 989/1/2522
f 2744/1/2523 469/1/2523 1000/1/2523
f 1267/1/2524 796/1/2524 476/1/2524
f 1065/1/2525 775/1/2525 730/1/2525
f 2091/1/2526 467/1/2526 414/1/2526
f 2556/1/2527 2603/1/2527 2104/1/2527
f 2974/1/2528 2966/1/2528 2973/1/2528
f 775/1/2529 1077/1/2529 1318/1/2529
f 2973/1/2530 2965/1/2530 2972/1/2530
f 1223/1/2531 26/1/2531 622/1/2531
f 2972/1/2532 2964/1/2532 2971/1/2532
f 2967/1/2533 2959/1/2533 2966/1/2533
f 2965/1/2534 2957/1/2534 2964/1/2534
f 2963/1/2535 2957/1/2535 2956/1/2535
f 2339/1/2536 527/1/2536 521/1/2536
f 2956/1/2537 2950/1/2537 2949/1/2537
f 2960/1/2538 2952/1/2538 2959/1/2538
f 2959/1/2539 2951/1/2539 2958/1/2539
f 503/1/2540 2410/1/2540 1992/1/2540
f 1752/1/2541 2679/1/2541 1651/1/2541
f 128/1/2542 761/1/2542 1062/1/2542
f 1361/1/2543 2148/1/2543 1501/1/2543
f 2766/1/2544 855/1/2544 330/1/2544
f 87/1/2545 2469/1/2545 1609/1/2545
f 1234/1/2546 2636/1/2546 1243/1/2546
f 2956/1/2547 2948/1/2547 2955/1/2547
f 1247/1/2548 2435/1/2548 1109/1/2548
f 2180/1/2549 2456/1/2549 1520/1/2549
f 684/1/2550 937/1/2550 1169/1/2550
f 689/1/2551 1130/1/2551 722/1/2551
f 1871/1/2552 1116/1/2552 1901/1/2552
f 2424/1/2553 1502/1/2553 973/1/2553
f 1457/1/2554 1286/1/2554 1412/1/2554
f 1473/1/2555 1526/1/2555 1234/1/2555
f 2250/1/2556 1314/1/2556 2267/1/2556
f 901/1/2557 1279/1/2557 1138/1/2557
f 2958/1/2558 2950/1/2558 2957/1/2558
f 2669/1/2559 1991/1/2559 2577/1/2559
f 2252/1/2560 2462/1/2560 964/1/2560
f 2530/1/2561 2520/1/2561 2215/1/2561
f 952/1/2562 1767/1/2562 1078/1/2562
f 861/1/2563 1152/1/2563 2562/1/2563
f 2965/1/2564 2959/1/2564 2958/1/2564
f 1425/1/2565 1325/1/2565 1333/1/2565
f 94/1/2566 738/1/2566 614/1/2566
f 1706/1/2567 1202/1/2567 2019/1/2567
f 1214/1/2568 1221/1/2568 97/1/2568
f 1095/1/2569 833/1/2569 1984/1/2569
f 40/1/2570 43/1/2570 238/1/2570
f 2020/1/2571 1739/1/2571 2509/1/2571
f 950/1/2572 2726/1/2572 1366/1/2572
f 1411/1/2573 1265/1/2573 888/1/2573
f 2054/1/2574 3136/1/2574 2464/1/2574
f 1498/1/2575 2867/1/2575 1638/1/2575
f 3000/1/2576 3001/1/2576 2994/1/2576
f 1632/1/2577 1851/1/2577 1454/1/2577
f 2585/1/2578 2878/1/2578 1521/1/2578
f 1621/1/2579 2745/1/2579 1459/1/2579
f 1912/1/2580 1165/1/2580 1164/1/2580
f 1547/1/2581 2118/1/2581 1056/1/2581
f 378/1/2582 715/1/2582 678/1/2582
f 840/1/2583 203/1/2583 2165/1/2583
f 1201/1/2584 2157/1/2584 1179/1/2584
f 422/1/2585 3143/1/2585 737/1/2585
f 1281/1/2586 2248/1/2586 1447/1/2586
f 287/1/2587 239/1/2587 241/1/2587
f 1779/1/2588 2481/1/2588 2770/1/2588
f 1979/1/2589 1405/1/2589 2802/1/2589
f 1505/1/2590 2256/1/2590 1342/1/2590
f 2040/1/2591 2002/1/2591 1143/1/2591
f 180/1/2592 2428/1/2592 238/1/2592
f 1271/1/2593 1377/1/2593 1985/1/2593
f 2979/1/2594 2971/1/2594 2978/1/2594
f 1338/1/2595 1433/1/2595 1472/1/2595
f 3021/1/2596 3022/1/2596 3015/1/2596
f 377/1/2597 3284/1/2597 310/1/2597
f 215/1/2598 149/1/2598 447/1/2598
f 1745/1/2599 3118/1/2599 1175/1/2599
f 3190/1/2600 1021/1/2600 2270/1/2600
f 1130/1/2601 689/1/2601 3313/1/2601
f 796/1/2602 467/1/2602 476/1/2602
f 1577/1/2603 798/1/2603 804/1/2603
f 1493/1/2604 2620/1/2604 1190/1/2604
f 1284/1/2605 1522/1/2605 1351/1/2605
f 2860/1/2606 1320/1/2606 1145/1/2606
f 1078/1/2607 2745/1/2607 1507/1/2607
f 923/1/2608 1305/1/2608 2873/1/2608
f 1645/1/2609 1437/1/2609 1510/1/2609
f 1643/1/2610 443/1/2610 685/1/2610
f 1382/1/2611 2457/1/2611 1362/1/2611
f 11/1/2612 437/1/2612 406/1/2612
f 1978/1/2613 1316/1/2613 923/1/2613
f 3167/1/2614 905/1/2614 618/1/2614
f 1985/1/2615 1259/1/2615 1271/1/2615
f 3205/1/2616 328/1/2616 296/1/2616
f 2432/1/2617 2081/1/2617 2488/1/2617
f 2168/1/2618 272/1/2618 275/1/2618
f 1805/1/2619 2472/1/2619 2142/1/2619
f 2639/1/2620 945/1/2620 3288/1/2620
f 2357/1/2621 3216/1/2621 2471/1/2621
f 3221/1/2622 292/1/2622 1394/1/2622
f 1242/1/2623 1902/1/2623 1311/1/2623
f 448/1/2624 1917/1/2624 3198/1/2624
f 335/1/2625 3208/1/2625 490/1/2625
f 2979/1/2626 2972/1/2626 2971/1/2626
f 1957/1/2627 3193/1/2627 1367/1/2627
f 2220/1/2628 1717/1/2628 2101/1/2628
f 3026/1/2629 3018/1/2629 3025/1/2629
f 2010/1/2630 1759/1/2630 1711/1/2630
f 1734/1/2631 2806/1/2631 2552/1/2631
f 3033/1/2632 3026/1/2632 3025/1/2632
f 3035/1/2633 3028/1/2633 3027/1/2633
f 3028/1/2634 3021/1/2634 3020/1/2634
f 2276/1/2635 2095/1/2635 2603/1/2635
f 881/1/2636 2066/1/2636 330/1/2636
f 3019/1/2637 1997/1/2637 2341/1/2637
f 2283/1/2638 2515/1/2638 1371/1/2638
f 1976/1/2639 1131/1/2639 1090/1/2639
f 3129/1/2640 801/1/2640 2665/1/2640
f 479/1/2641 20/1/2641 656/1/2641
f 887/1/2642 1705/1/2642 2837/1/2642
f 3138/1/2643 2302/1/2643 1029/1/2643
f 3241/1/2644 2150/1/2644 1738/1/2644
f 2594/1/2645 3149/1/2645 628/1/2645
f 1569/1/2646 2240/1/2646 1565/1/2646
f 2213/1/2647 2831/1/2647 1207/1/2647
f 1419/1/2648 1311/1/2648 1380/1/2648
f 3008/1/2649 3001/1/2649 3000/1/2649
f 2968/1/2650 2344/1/2650 2179/1/2650
f 1657/1/2651 1475/1/2651 1363/1/2651
f 3000/1/2652 2993/1/2652 2992/1/2652
f 1592/1/2653 1625/1/2653 2064/1/2653
f 1427/1/2654 1497/1/2654 2308/1/2654
f 2813/1/2655 1146/1/2655 1078/1/2655
f 120/1/2656 2083/1/2656 2258/1/2656
f 1697/1/2657 1045/1/2657 2163/1/2657
f 42/1/2658 19/1/2658 615/1/2658
f 2998/1/2659 2999/1/2659 2992/1/2659
f 423/1/2660 1755/1/2660 2258/1/2660
f 3009/1/2661 3002/1/2661 3001/1/2661
f 3016/1/2662 3009/1/2662 3008/1/2662
f 3002/1/2663 2995/1/2663 2994/1/2663
f 2972/1/2664 2965/1/2664 2964/1/2664
f 2995/1/2665 2988/1/2665 2987/1/2665
f 2993/1/2666 2994/1/2666 2987/1/2666
f 2203/1/2667 1453/1/2667 2536/1/2667
f 2379/1/2668 1675/1/2668 1143/1/2668
f 2991/1/2669 1813/1/2669 2990/1/2669
f 1444/1/2670 955/1/2670 1397/1/2670
f 3006/1/2671 1919/1/2671 2012/1/2671
f 3033/1/2672 3034/1/2672 3027/1/2672
f 1650/1/2673 2349/1/2673 2175/1/2673
f 981/1/2674 790/1/2674 2239/1/2674
f 385/1/2675 74/1/2675 3195/1/2675
f 2153/1/2676 35/1/2676 1214/1/2676
f 3023/1/2677 3016/1/2677 3015/1/2677
f 636/1/2678 496/1/2678 476/1/2678
f 2688/1/2679 2301/1/2679 1985/1/2679
f 2970/1/2680 2971/1/2680 2964/1/2680
f 2970/1/2681 2963/1/2681 2962/1/2681
f 194/1/2682 3255/1/2682 211/1/2682
f 2974/1/2683 2967/1/2683 2966/1/2683
f 2986/1/2684 2987/1/2684 2980/1/2684
f 2967/1/2685 2960/1/2685 2959/1/2685
f 2965/1/2686 2958/1/2686 2957/1/2686
f 2963/1/2687 2964/1/2687 2957/1/2687
f 2956/1/2688 2957/1/2688 2950/1/2688
f 2956/1/2689 2949/1/2689 2948/1/2689
f 2958/1/2690 2951/1/2690 2950/1/2690
f 3207/1/2691 2708/1/2691 3215/1/2691
f 2039/1/2692 1533/1/2692 2874/1/2692
f 576/1/2693 386/1/2693 407/1/2693
f 3215/1/2694 2851/1/2694 3222/1/2694
f 1033/1/2695 2598/1/2695 536/1/2695
f 3024/1/2696 3025/1/2696 3018/1/2696
f 1230/1/2697 1412/1/2697 1286/1/2697
f 1380/1/2698 1750/1/2698 1419/1/2698
f 3026/1/2699 3019/1/2699 3018/1/2699
f 2961/1/2700 2955/1/2700 2954/1/2700
f 2970/1/2701 1567/1/2701 2971/1/2701
f 3242/1/2702 1724/1/2702 1662/1/2702
f 639/1/2703 486/1/2703 3285/1/2703
f 2980/1/2704 2973/1/2704 2972/1/2704
f 2742/1/2705 2354/1/2705 1275/1/2705
f 2986/1/2706 2978/1/2706 2985/1/2706
f 2018/1/2707 2405/1/2707 2171/1/2707
f 2961/1/2708 2962/1/2708 2955/1/2708
f 1512/1/2709 2501/1/2709 2452/1/2709
f 571/1/2710 586/1/2710 587/1/2710
f 2973/1/2711 2966/1/2711 2965/1/2711
f 3015/1/2712 3008/1/2712 3007/1/2712
f 2874/1/2713 2579/1/2713 2875/1/2713
f 1310/1/2714 1913/1/2714 2480/1/2714
f 1697/1/2715 1313/1/2715 1922/1/2715
f 2993/1/2716 2987/1/2716 2986/1/2716
f 2995/1/2717 2987/1/2717 2994/1/2717
f 2731/1/2718 2741/1/2718 1508/1/2718
f 3002/1/2719 2994/1/2719 3001/1/2719
f 2246/1/2720 895/1/2720 870/1/2720
f 1352/1/2721 2783/1/2721 2750/1/2721
f 2998/1/2722 2992/1/2722 2991/1/2722
f 3000/1/2723 2992/1/2723 2999/1/2723
f 3026/1/2724 3020/1/2724 3019/1/2724
f 1361/1/2725 1653/1/2725 890/1/2725
f 1852/1/2726 2662/1/2726 2277/1/2726
f 3008/1/2727 3000/1/2727 3007/1/2727
f 1435/1/2728 1466/1/2728 1362/1/2728
f 3016/1/2729 3008/1/2729 3015/1/2729
f 2508/1/2730 1390/1/2730 1535/1/2730
f 1714/1/2731 2425/1/2731 1897/1/2731
f 3006/1/2732 2501/1/2732 2857/1/2732
f 3015/1/2733 3007/1/2733 3014/1/2733
f 2341/1/2734 2816/1/2734 2797/1/2734
f 3021/1/2735 3013/1/2735 3020/1/2735
f 3021/1/2736 3015/1/2736 3014/1/2736
f 3012/1/2737 2755/1/2737 1388/1/2737
f 1511/1/2738 1804/1/2738 1802/1/2738
f 3028/1/2739 3020/1/2739 3027/1/2739
f 3033/1/2740 3027/1/2740 3026/1/2740
f 3035/1/2741 3027/1/2741 3034/1/2741
f 3024/1/2742 3018/1/2742 3017/1/2742
f 3031/1/2743 3025/1/2743 3024/1/2743
f 3236/1/2744 1713/1/2744 1737/1/2744
f 2005/1/2745 1922/1/2745 1313/1/2745
f 3090/1/1851 949/1/1851 3098/1/1851
f 177/1/2746 1857/1/2746 3239/1/2746
f 844/1/2747 881/1/2747 2364/1/2747
f 1534/1/2748 1728/1/2748 2032/1/2748
f 202/1/2749 1574/1/2749 824/1/2749
f 1356/1/2750 124/1/2750 1084/1/2750
f 2975/1/2751 1012/1/2751 2818/1/2751
f 3000/1/2752 2994/1/2752 2993/1/2752
f 2144/1/2753 1294/1/2753 1477/1/2753
f 923/1/2754 1767/1/2754 1978/1/2754
f 1601/1/2755 2727/1/2755 2006/1/2755
f 2980/1/2756 2972/1/2756 2979/1/2756
f 1059/1/2757 1567/1/2757 2809/1/2757
f 73/1/2758 832/1/2758 1521/1/2758
f 178/1/2759 1860/1/2759 2471/1/2759
f 360/1/2760 3238/1/2760 65/1/2760
f 1547/1/2761 2317/1/2761 2219/1/2761
f 2986/1/2762 2980/1/2762 2979/1/2762
f 2186/1/2763 2107/1/2763 2047/1/2763
f 2981/1/2764 2973/1/2764 2980/1/2764
f 164/1/2765 3176/1/2765 1880/1/2765
f 466/1/2766 427/1/2766 519/1/2766
f 1484/1/2767 955/1/2767 888/1/2767
f 2394/1/2768 2977/1/2768 1191/1/2768
f 1802/1/2769 1865/1/2769 2007/1/2769
f 2193/1/2770 963/1/2770 1925/1/2770
f 2970/1/2771 2964/1/2771 2963/1/2771
f 1621/1/2772 1507/1/2772 2745/1/2772
f 2976/1/2773 1515/1/2773 2818/1/2773
f 1991/1/2774 2232/1/2774 2440/1/2774
f 1314/1/2775 2250/1/2775 2102/1/2775
f 1633/1/2776 1308/1/2776 1216/1/2776
f 2036/1/2777 2873/1/2777 2134/1/2777
f 1333/1/2778 1325/1/2778 2451/1/2778
f 2709/1/2779 1086/1/2779 1292/1/2779
f 1394/1/2780 1161/1/2780 1693/1/2780
f 2515/1/2781 2283/1/2781 2430/1/2781
f 1433/1/2782 2207/1/2782 1152/1/2782
f 3011/1/2783 2210/1/2783 2540/1/2783
f 887/1/2784 2837/1/2784 1988/1/2784
f 2515/1/2785 2561/1/2785 1374/1/2785
f 1322/1/2786 1244/1/2786 1486/1/2786
f 2959/1/2787 2952/1/2787 2951/1/2787
f 3014/1/2788 2012/1/2788 3013/1/2788
f 2172/1/2789 2802/1/2789 1344/1/2789
f 2074/1/2790 1294/1/2790 1285/1/2790
f 1999/1/2791 1370/1/2791 1336/1/2791
f 2902/1/2792 2895/1/2792 2894/1/2792
f 1344/1/2793 1822/1/2793 2172/1/2793
f 2965/1/2794 2966/1/2794 2959/1/2794
f 1689/1/2795 2734/1/2795 2504/1/2795
f 2504/1/2796 2476/1/2796 1913/1/2796
f 2860/1/2797 2810/1/2797 1398/1/2797
f 2954/1/2798 2955/1/2798 2948/1/2798
f 1642/1/2799 2874/1/2799 1533/1/2799
f 1556/1/2800 2107/1/2800 2363/1/2800
f 1174/1/2801 1385/1/2801 1697/1/2801
f 2508/1/2802 1689/1/2802 2504/1/2802
f 1325/1/2803 1437/1/2803 2643/1/2803
f 1651/1/2804 2466/1/2804 2175/1/2804
f 1529/1/2805 2059/1/2805 2071/1/2805
f 1979/1/2806 2108/1/2806 1405/1/2806
f 2036/1/2807 1934/1/2807 2813/1/2807
f 2709/1/2808 1292/1/2808 1350/1/2808
f 1544/1/2809 1410/1/2809 1376/1/2809
f 2870/1/2810 1242/1/2810 1311/1/2810
f 1228/1/2811 2875/1/2811 2579/1/2811
f 3220/1/2812 1402/1/2812 2064/1/2812
f 2163/1/2813 3183/1/2813 2878/1/2813
f 1618/1/2814 2867/1/2814 1279/1/2814
f 1902/1/2815 1618/1/2815 1279/1/2815
f 1357/1/2816 1445/1/2816 2145/1/2816
f 439/1/2817 350/1/2817 355/1/2817
f 1191/1/2818 2652/1/2818 2394/1/2818
f 2988/1/2819 2980/1/2819 2987/1/2819
f 1621/1/2820 2275/1/2820 1770/1/2820
f 2712/1/2821 1956/1/2821 2763/1/2821
f 2291/1/2822 2815/1/2822 1268/1/2822
f 2845/1/2823 1524/1/2823 2575/1/2823
f 1630/1/2824 1057/1/2824 1435/1/2824
f 1008/1/2825 2508/1/2825 1344/1/2825
f 1136/1/2826 638/1/2826 2884/1/2826
f 1325/1/2827 2486/1/2827 1649/1/2827
f 2993/1/2828 2985/1/2828 2992/1/2828
f 1486/1/2829 1630/1/2829 1531/1/2829
f 2351/1/2830 2867/1/2830 2202/1/2830
f 967/1/2831 70/1/2831 749/1/2831
f 2486/1/2832 1293/1/2832 1510/1/2832
f 963/1/2833 2379/1/2833 2002/1/2833
f 1671/1/2834 1274/1/2834 2567/1/2834
f 950/1/2835 1478/1/2835 2726/1/2835
f 1451/1/2836 1339/1/2836 2551/1/2836
f 2977/1/2837 850/1/2837 2678/1/2837
f 1845/1/2838 1547/1/2838 2219/1/2838
f 1439/1/2839 1921/1/2839 1475/1/2839
f 1535/1/2840 1319/1/2840 2687/1/2840
f 2991/1/2841 1317/1/2841 1813/1/2841
f 1336/1/2842 2805/1/2842 1079/1/2842
f 2875/1/2843 1109/1/2843 1347/1/2843
f 1321/1/2844 2092/1/2844 1390/1/2844
f 1535/1/2845 2687/1/2845 2143/1/2845
f 2608/1/2846 2975/1/2846 2818/1/2846
f 1818/1/2847 1634/1/2847 1726/1/2847
f 995/1/2848 2267/1/2848 1314/1/2848
f 2495/1/2849 1277/1/2849 2648/1/2849
f 1792/1/2850 3018/1/2850 3019/1/2850
f 1283/1/2851 1005/1/2851 1141/1/2851
f 1366/1/2852 1544/1/2852 1359/1/2852
f 2745/1/2853 1078/1/2853 1146/1/2853
f 2546/1/2854 2618/1/2854 1593/1/2854
f 1635/1/2855 1543/1/2855 1174/1/2855
f 2248/1/2856 2578/1/2856 1297/1/2856
f 1400/1/2857 861/1/2857 2786/1/2857
f 1634/1/2858 1818/1/2858 1394/1/2858
f 956/1/2859 1139/1/2859 953/1/2859
f 2071/1/2860 2059/1/2860 1492/1/2860
f 2193/1/2861 2377/1/2861 963/1/2861
f 1271/1/2862 2863/1/2862 1959/1/2862
f 2578/1/2863 1535/1/2863 1297/1/2863
f 1303/1/2864 2982/1/2864 1414/1/2864
f 887/1/2865 2180/1/2865 1167/1/2865
f 904/1/2866 1346/1/2866 2029/1/2866
f 2830/1/2867 2572/1/2867 1216/1/2867
f 885/1/2868 1444/1/2868 1269/1/2868
f 1846/1/2869 2211/1/2869 1424/1/2869
f 2845/1/2870 1333/1/2870 2451/1/2870
f 2533/1/2871 1443/1/2871 1474/1/2871
f 2265/1/2872 1836/1/2872 502/1/2872
f 1533/1/2873 2039/1/2873 2396/1/2873
f 2215/1/2874 1200/1/2874 2530/1/2874
f 2969/1/2875 1168/1/2875 2775/1/2875
f 2200/1/2876 3193/1/2876 1721/1/2876
f 1008/1/2877 1328/1/2877 1819/1/2877
f 2867/1/2878 1618/1/2878 2754/1/2878
f 1121/1/2879 619/1/2879 1676/1/2879
f 1523/1/2880 1361/1/2880 1501/1/2880
f 2042/1/2881 889/1/2881 1381/1/2881
f 1138/1/2882 2102/1/2882 2136/1/2882
f 1837/1/2883 2831/1/2883 1342/1/2883
f 1159/1/2884 1054/1/2884 1663/1/2884
f 2508/1/2885 2480/1/2885 1344/1/2885
f 1945/1/2886 2497/1/2886 2494/1/2886
f 3228/1/2887 1757/1/2887 1646/1/2887
f 1328/1/2888 1427/1/2888 1352/1/2888
f 3241/1/2889 2365/1/2889 1803/1/2889
f 2071/1/2890 1671/1/2890 1735/1/2890
f 1278/1/2891 2969/1/2891 1300/1/2891
f 2184/1/2892 1378/1/2892 1807/1/2892
f 1354/1/2893 1265/1/2893 2647/1/2893
f 2746/1/2894 3213/1/2894 1268/1/2894
f 687/1/2895 1180/1/2895 1911/1/2895
f 897/1/2896 2880/1/2896 2216/1/2896
f 971/1/2897 3096/1/2897 1071/1/2897
f 2874/1/2898 1387/1/2898 2579/1/2898
f 1999/1/2899 1398/1/2899 1009/1/2899
f 1294/1/2900 2455/1/2900 1285/1/2900
f 1411/1/2901 1323/1/2901 1265/1/2901
f 1182/1/2902 1495/1/2902 889/1/2902
f 2875/1/2903 1247/1/2903 1109/1/2903
f 1347/1/2904 1290/1/2904 872/1/2904
f 2558/1/2905 1269/1/2905 1343/1/2905
f 2236/1/2906 2134/1/2906 2587/1/2906
f 2059/1/2907 1529/1/2907 1499/1/2907
f 1307/1/2908 2984/1/2908 2985/1/2908
f 2263/1/2909 1808/1/2909 935/1/2909
f 2978/1/2910 850/1/2910 1307/1/2910
f 955/1/2911 1444/1/2911 888/1/2911
f 604/1/2912 2141/1/2912 3315/1/2912
f 1382/1/2913 1351/1/2913 1522/1/2913
f 1484/1/2914 1298/1/2914 1397/1/2914
f 1146/1/2915 2813/1/2915 1934/1/2915
f 1900/1/2916 1957/1/2916 1367/1/2916
f 1735/1/2917 2092/1/2917 2674/1/2917
f 1328/1/2918 1352/1/2918 2750/1/2918
f 1558/1/2919 2650/1/2919 2155/1/2919
f 2566/1/2920 1289/1/2920 2396/1/2920
f 2986/1/2921 2979/1/2921 2978/1/2921
f 1247/1/2922 2875/1/2922 1184/1/2922
f 1502/1/2923 2424/1/2923 996/1/2923
f 1451/1/2924 1226/1/2924 1901/1/2924
f 2648/1/2925 1185/1/2925 1308/1/2925
f 1138/1/2926 1540/1/2926 1314/1/2926
f 1793/1/2927 1530/1/2927 2374/1/2927
f 818/1/2928 1232/1/2928 734/1/2928
f 2134/1/2929 2236/1/2929 2036/1/2929
f 1479/1/2930 1427/1/2930 2308/1/2930
f 1991/1/2931 2602/1/2931 2232/1/2931
f 2193/1/2932 2198/1/2932 2632/1/2932
f 835/1/2933 2934/1/2933 982/1/2933
f 196/1/2934 211/1/2934 3255/1/2934
f 917/1/2935 2839/1/2935 2654/1/2935
f 1937/1/2936 1537/1/2936 1690/1/2936
f 1343/1/2937 1325/1/2937 2688/1/2937
f 1299/1/2938 2352/1/2938 1483/1/2938
f 1767/1/2939 923/1/2939 2873/1/2939
f 1518/1/2940 2807/1/2940 2543/1/2940
f 1109/1/2941 1270/1/2941 1347/1/2941
f 1902/1/2942 1242/1/2942 2754/1/2942
f 2852/1/2943 2322/1/2943 1191/1/2943
f 1328/1/2944 1375/1/2944 1819/1/2944
f 1503/1/2945 1426/1/2945 1508/1/2945
f 316/1/2946 385/1/2946 576/1/2946
f 2043/1/2947 3172/1/2947 1876/1/2947
f 1535/1/2948 2695/1/2948 1621/1/2948
f 586/1/2949 571/1/2949 579/1/2949
f 1243/1/2950 1345/1/2950 1524/1/2950
f 1638/1/2951 1509/1/2951 995/1/2951
f 2962/1/2952 823/1/2952 2970/1/2952
f 2198/1/2953 2193/1/2953 1925/1/2953
f 850/1/2954 2978/1/2954 2678/1/2954
f 2561/1/2955 2515/1/2955 1302/1/2955
f 2690/1/2956 2786/1/2956 1555/1/2956
f 1529/1/2957 1735/1/2957 1499/1/2957
f 856/1/2958 1348/1/2958 2826/1/2958
f 2731/1/2959 2423/1/2959 1363/1/2959
f 1491/1/2960 2826/1/2960 1348/1/2960
f 1429/1/2961 861/1/2961 2562/1/2961
f 2585/1/2962 2566/1/2962 2396/1/2962
f 1188/1/2963 1168/1/2963 1278/1/2963
f 2605/1/2964 2424/1/2964 973/1/2964
f 1440/1/2965 935/1/2965 1193/1/2965
f 1300/1/2891 823/1/2891 2353/1/2891
f 394/1/2966 3195/1/2966 389/1/2966
f 2353/1/2967 1962/1/2967 1278/1/2967
f 1442/1/2968 2989/1/2968 1414/1/2968
f 2308/1/2969 1282/1/2969 1479/1/2969
f 1832/1/2970 2081/1/2970 2369/1/2970
f 863/1/2971 1820/1/2971 1908/1/2971
f 1642/1/2972 2564/1/2972 1060/1/2972
f 1425/1/2973 1416/1/2973 1935/1/2973
f 1293/1/2974 2737/1/2974 1509/1/2974
f 1282/1/2975 2308/1/2975 1299/1/2975
f 2172/1/2976 1783/1/2976 1431/1/2976
f 1829/1/2977 3218/1/2977 341/1/2977
f 1980/1/2978 1555/1/2978 1429/1/2978
f 1051/1/2979 1495/1/2979 1456/1/2979
f 1368/1/2980 3220/1/2980 2137/1/2980
f 1491/1/2981 996/1/2981 2424/1/2981
f 1545/1/2982 1386/1/2982 2733/1/2982
f 385/1/2983 386/1/2983 576/1/2983
f 889/1/2984 1396/1/2984 2674/1/2984
f 889/1/2985 2042/1/2985 1182/1/2985
f 56/1/2986 355/1/2986 3203/1/2986
f 58/1/2987 3212/1/2987 2819/1/2987
f 2613/1/2988 2697/1/2988 2008/1/2988
f 2134/1/2989 1517/1/2989 1139/1/2989
f 1515/1/2990 1424/1/2990 2818/1/2990
f 1259/1/2991 2534/1/2991 1271/1/2991
f 1823/1/2992 24/1/2992 284/1/2992
f 1355/1/2993 2632/1/2993 2008/1/2993
f 1934/1/2994 2275/1/2994 1146/1/2994
f 1376/1/2995 2870/1/2995 1311/1/2995
f 2832/1/2996 2256/1/2996 1486/1/2996
f 2708/1/2997 2551/1/2997 1450/1/2997
f 1275/1/2998 2263/1/2998 2742/1/2998
f 1266/1/2999 2212/1/2999 2828/1/2999
f 2466/1/3000 2316/1/3000 2175/1/3000
f 2870/1/3001 1517/1/3001 2564/1/3001
f 3214/1/3002 2519/1/3002 1450/1/3002
f 3106/1/3003 474/1/3003 1177/1/3003
f 1234/1/3004 1524/1/3004 2209/1/3004
f 1466/1/3005 1415/1/3005 1341/1/3005
f 1259/1/3006 1985/1/3006 1309/1/3006
f 2638/1/3007 1425/1/3007 2845/1/3007
f 1561/1/3008 2414/1/3008 2675/1/3008
f 1665/1/3009 1320/1/3009 863/1/3009
f 1567/1/3010 1059/1/3010 2322/1/3010
f 1425/1/3011 1935/1/3011 2737/1/3011
f 1210/1/3012 2750/1/3012 2783/1/3012
f 1369/1/3013 2784/1/3013 1432/1/3013
f 2843/1/3014 2984/1/3014 1307/1/3014
f 1394/1/3015 2076/1/3015 1634/1/3015
f 1231/1/3016 2783/1/3016 1352/1/3016
f 2508/1/3017 1310/1/3017 2480/1/3017
f 955/1/3018 1484/1/3018 1397/1/3018
f 1365/1/3019 1301/1/3019 1005/1/3019
f 1771/1/3020 1048/1/3020 1346/1/3020
f 1051/1/3021 1337/1/3021 2059/1/3021
f 2236/1/3022 1705/1/3022 2055/1/3022
f 1499/1/3023 2674/1/3023 1396/1/3023
f 1345/1/3024 1520/1/3024 2575/1/3024
f 2736/1/3025 1005/1/3025 1284/1/3025
f 2608/1/3026 1424/1/3026 2211/1/3026
f 1380/1/3027 1047/1/3027 1750/1/3027
f 1601/1/3028 1372/1/3028 2727/1/3028
f 1358/1/3029 2983/1/3029 1280/1/3029
f 1331/1/3030 1338/1/3030 1472/1/3030
f 1835/1/3031 1291/1/3031 1063/1/3031
f 2636/1/3032 1234/1/3032 1526/1/3032
f 1275/1/3033 1183/1/3033 1851/1/3033
f 1330/1/3034 1835/1/3034 1756/1/3034
f 1648/1/3035 1328/1/3035 1344/1/3035
f 1538/1/3036 1774/1/3036 1539/1/3036
f 1632/1/3037 935/1/3037 1808/1/3037
f 1935/1/3038 1509/1/3038 2737/1/3038
f 2824/1/3039 2358/1/3039 502/1/3039
f 3009/1/3040 3001/1/3040 3008/1/3040
f 1434/1/3041 1399/1/3041 1299/1/3041
f 1346/1/3042 904/1/3042 2169/1/3042
f 3188/1/3043 1246/1/3043 382/1/3043
f 1243/1/3044 2636/1/3044 2520/1/3044
f 1210/1/3045 1375/1/3045 2790/1/3045
f 1372/1/3046 1514/1/3046 2108/1/3046
f 1565/1/3047 1566/1/3047 2857/1/3047
f 1401/1/3048 2733/1/3048 1383/1/3048
f 1345/1/3049 2530/1/3049 1520/1/3049
f 3013/1/3050 1553/1/3050 3020/1/3050
f 1835/1/3051 2794/1/3051 1756/1/3051
f 1424/1/3052 1515/1/3052 1291/1/3052
f 3241/1/3053 1803/1/3053 2732/1/3053
f 1292/1/3054 1633/1/3054 1350/1/3054
f 1409/1/3055 2991/1/3055 2992/1/3055
f 2652/1/3056 2976/1/3056 2394/1/3056
f 1116/1/3057 3214/1/3057 1901/1/3057
f 2207/1/3058 1433/1/3058 1338/1/3058
f 1665/1/3059 1965/1/3059 1548/1/3059
f 1544/1/3060 1366/1/3060 2726/1/3060
f 1346/1/3061 1048/1/3061 1978/1/3061
f 1759/1/3062 2010/1/3062 2361/1/3062
f 2867/1/3063 2754/1/3063 2202/1/3063
f 2611/1/3064 973/1/3064 1502/1/3064
f 1399/1/3065 1434/1/3065 1323/1/3065
f 1939/1/3066 2733/1/3066 1386/1/3066
f 1422/1/3067 1210/1/3067 2605/1/3067
f 2291/1/3068 2844/1/3068 1901/1/3068
f 1435/1/3069 1141/1/3069 1630/1/3069
f 1193/1/3070 1771/1/3070 2169/1/3070
f 1233/1/3071 2579/1/3071 1316/1/3071
f 1959/1/3072 1273/1/3072 1271/1/3072
f 2837/1/3073 2587/1/3073 1988/1/3073
f 1421/1/3074 2125/1/3074 2374/1/3074
f 2865/1/3075 1237/1/3075 2351/1/3075
f 2873/1/3076 2813/1/3076 1767/1/3076
f 2447/1/3077 2863/1/3077 1145/1/3077
f 1378/1/3078 2422/1/3078 1531/1/3078
f 1351/1/3079 1382/1/3079 1371/1/3079
f 2530/1/3080 1585/1/3080 1520/1/3080
f 1505/1/3081 1466/1/3081 1435/1/3081
f 2102/1/3082 1138/1/3082 1314/1/3082
f 1391/1/3083 1277/1/3083 2495/1/3083
f 1418/1/3084 1331/1/3084 1391/1/3084
f 2354/1/3085 2742/1/3085 1605/1/3085
f 1380/1/3086 1311/1/3086 1902/1/3086
f 950/1/3087 1359/1/3087 1787/1/3087
f 2256/1/3088 1057/1/3088 1486/1/3088
f 1425/1/3089 2267/1/3089 1416/1/3089
f 2377/1/3090 1445/1/3090 2379/1/3090
f 2688/1/3091 1273/1/3091 1463/1/3091
f 2336/1/3092 2533/1/3092 1787/1/3092
f 1988/1/3093 2587/1/3093 956/1/3093
f 1348/1/3094 856/1/3094 1061/1/3094
f 299/1/3095 89/1/3095 456/1/3095
f 317/1/3096 313/1/3096 348/1/3096
f 1686/1/3097 3222/1/3097 2076/1/3097
f 1504/1/3098 1391/1/3098 2495/1/3098
f 1908/1/3099 1455/1/3099 1312/1/3099
f 1473/1/3100 2209/1/3100 1508/1/3100
f 2566/1/3101 2585/1/3101 1521/1/3101
f 1731/1/3102 1736/1/3102 2007/1/3102
f 293/1/3103 3221/1/3103 1818/1/3103
f 1405/1/3104 1525/1/3104 1497/1/3104
f 2533/1/3105 1425/1/3105 2638/1/3105
f 2832/1/3106 1486/1/3106 1244/1/3106
f 1995/1/3107 1491/1/3107 2424/1/3107
f 2863/1/3108 2351/1/3108 2202/1/3108
f 1820/1/3109 863/1/3109 1999/1/3109
f 2741/1/3110 1526/1/3110 1508/1/3110
f 2587/1/3111 2134/1/3111 1139/1/3111
f 2976/1/3112 2016/1/3112 1296/1/3112
f 1327/1/3113 2856/1/3113 1189/1/3113
f 2647/1/3114 1299/1/3114 1715/1/3114
f 1454/1/3115 1851/1/3115 1048/1/3115
f 2319/1/3116 1349/1/3116 1695/1/3116
f 2384/1/3117 2720/1/3117 1702/1/3117
f 1419/1/3118 2571/1/3118 941/1/3118
f 1183/1/3119 1605/1/3119 1281/1/3119
f 1621/1/3120 1459/1/3120 2275/1/3120
f 1403/1/3121 1045/1/3121 1922/1/3121
f 1417/1/3122 2616/1/3122 2215/1/3122
f 2984/1/3123 1280/1/3123 1813/1/3123
f 2742/1/3124 2687/1/3124 1470/1/3124
f 1835/1/3125 2568/1/3125 1291/1/3125
f 2784/1/3126 1369/1/3126 1433/1/3126
f 1282/1/3127 1244/1/3127 1479/1/3127
f 1265/1/3128 1354/1/3128 1484/1/3128
f 1457/1/3129 1412/1/3129 1266/1/3129
f 1210/1/3130 1422/1/3130 1373/1/3130
f 2786/1/3131 1061/1/3131 1400/1/3131
f 75/1/3132 808/1/3132 256/1/3132
f 953/1/3133 2726/1/3133 1478/1/3133
f 1466/1/3134 1505/1/3134 1342/1/3134
f 1671/1/3135 2071/1/3135 1492/1/3135
f 2856/1/3136 1374/1/3136 1189/1/3136
f 1314/1/3137 2710/1/3137 1498/1/3137
f 1735/1/3138 1529/1/3138 2071/1/3138
f 1601/1/3139 1651/1/3139 1372/1/3139
f 1207/1/3140 1332/1/3140 2637/1/3140
f 1439/1/3141 1752/1/3141 1601/1/3141
f 1291/1/3142 2976/1/3142 1063/1/3142
f 3173/1/3143 444/1/3143 768/1/3143
f 1535/1/3144 1218/1/3144 1440/1/3144
f 1999/1/3145 1336/1/3145 1820/1/3145
f 2125/1/3146 3221/1/3146 2374/1/3146
f 1032/1/3147 1732/1/3147 1458/1/3147
f 823/1/2891 2962/1/2891 2353/1/2891
f 2635/1/3148 953/1/3148 1139/1/3148
f 1183/1/3149 2354/1/3149 1605/1/3149
f 2059/1/3150 1396/1/3150 1258/1/3150
f 1929/1/3151 1533/1/3151 1334/1/3151
f 1585/1/3152 2180/1/3152 1520/1/3152
f 2817/1/3153 1604/1/3153 2788/1/3153
f 3192/1/3154 1562/1/3154 2411/1/3154
f 2734/1/3155 1689/1/3155 1133/1/3155
f 2444/1/3156 2870/1/3156 2564/1/3156
f 1732/1/3157 2874/1/3157 1458/1/3157
f 2256/1/3158 1505/1/3158 1435/1/3158
f 1432/1/3159 1277/1/3159 1472/1/3159
f 2498/1/3160 1650/1/3160 1483/1/3160
f 1443/1/3161 2136/1/3161 1474/1/3161
f 1274/1/3162 1671/1/3162 1667/1/3162
f 1513/1/3163 1299/1/3163 1399/1/3163
f 1535/1/3164 2143/1/3164 1218/1/3164
f 1959/1/3165 1463/1/3165 1273/1/3165
f 1107/1/3166 1902/1/3166 1904/1/3166
f 1456/1/3167 1373/1/3167 973/1/3167
f 2177/1/3168 1337/1/3168 1051/1/3168
f 1045/1/3169 928/1/3169 73/1/3169
f 1435/1/3170 1487/1/3170 1283/1/3170
f 2856/1/3171 2198/1/3171 1925/1/3171
f 1913/1/3172 1324/1/3172 2480/1/3172
f 2209/1/3173 1524/1/3173 2845/1/3173
f 2737/1/3174 1467/1/3174 1425/1/3174
f 314/1/3175 2222/1/3175 2819/1/3175
f 1304/1/3176 1156/1/3176 2843/1/3176
f 1313/1/3177 1337/1/3177 1980/1/3177
f 1309/1/3178 2301/1/3178 1325/1/3178
f 1061/1/3179 2786/1/3179 1348/1/3179
f 1603/1/3180 1426/1/3180 1678/1/3180
f 2007/1/3181 1926/1/3181 1733/1/3181
f 2329/1/3182 2617/1/3182 2749/1/3182
f 2291/1/3183 1226/1/3183 1056/1/3183
f 1479/1/3184 2784/1/3184 1433/1/3184
f 954/1/3185 2049/1/3185 1962/1/3185
f 1895/1/3186 2928/1/3186 1687/1/3186
f 1321/1/3187 2042/1/3187 1381/1/3187
f 1531/1/3188 1807/1/3188 1378/1/3188
f 1895/1/3189 2927/1/3189 2707/1/3189
f 2757/1/3190 2675/1/3190 2225/1/3190
f 2281/1/3191 3132/1/3191 2600/1/3191
f 1633/1/3192 1292/1/3192 2648/1/3192
f 1393/1/3193 1557/1/3193 3010/1/3193
f 115/1/3194 1158/1/3194 1254/1/3194
f 1509/1/3195 1638/1/3195 1293/1/3195
f 2469/1/3196 1773/1/3196 1609/1/3196
f 2477/1/3197 2593/1/3197 2051/1/3197
f 1941/1/3198 3005/1/3198 1512/1/3198
f 2316/1/3199 2129/1/3199 1715/1/3199
f 1449/1/3200 2625/1/3200 812/1/3200
f 3192/1/3201 2338/1/3201 1594/1/3201
f 1900/1/3202 1765/1/3202 1560/1/3202
f 2673/1/3203 3003/1/3203 2764/1/3203
f 349/1/3204 490/1/3204 3208/1/3204
f 2459/1/3205 837/1/3205 2812/1/3205
f 1562/1/3206 3192/1/3206 1552/1/3206
f 2542/1/3207 908/1/3207 2702/1/3207
f 2822/1/3208 2409/1/3208 2271/1/3208
f 358/1/3209 654/1/3209 651/1/3209
f 1269/1/3210 2558/1/3210 885/1/3210
f 2632/1/3211 1428/1/3211 2590/1/3211
f 3088/1/3212 1066/1/3212 2196/1/3212
f 2619/1/3213 239/1/3213 3248/1/3213
f 2554/1/3214 1191/1/3214 2322/1/3214
f 1909/1/3215 1329/1/3215 1309/1/3215
f 2688/1/3216 2558/1/3216 1343/1/3216
f 1003/1/3217 2483/1/3217 2716/1/3217
f 1723/1/3218 2151/1/3218 2227/1/3218
f 3219/1/3219 240/1/3219 237/1/3219
f 1484/1/3220 888/1/3220 1265/1/3220
f 1582/1/3221 1571/1/3221 1919/1/3221
f 751/1/3222 3135/1/3222 755/1/3222
f 2279/1/3223 3271/1/3223 1791/1/3223
f 1900/1/3224 1367/1/3224 2402/1/3224
f 2296/1/3225 1672/1/3225 2367/1/3225
f 1504/1/3226 1418/1/3226 1391/1/3226
f 1370/1/3227 1999/1/3227 1009/1/3227
f 596/1/3228 826/1/3228 915/1/3228
f 1361/1/3229 2453/1/3229 1303/1/3229
f 2681/1/3230 2760/1/3230 2061/1/3230
f 1244/1/3231 1322/1/3231 1479/1/3231
f 1932/1/3232 1709/1/3232 1967/1/3232
f 30/1/3233 210/1/3233 2399/1/3233
f 2407/1/3234 2427/1/3234 1782/1/3234
f 1351/1/3235 1371/1/3235 2515/1/3235
f 1071/1/3236 1088/1/3236 1082/1/3236
f 2817/1/3237 2788/1/3237 1947/1/3237
f 2760/1/3238 2681/1/3238 1869/1/3238
f 1350/1/3239 1633/1/3239 2572/1/3239
f 2758/1/3240 2161/1/3240 1738/1/3240
f 117/1/3241 513/1/3241 404/1/3241
f 1871/1/3242 2796/1/3242 1285/1/3242
f 1603/1/3243 2731/1/3243 1426/1/3243
f 3197/1/3244 1843/1/3244 2563/1/3244
f 2029/1/3245 1978/1/3245 952/1/3245
f 1174/1/3246 1290/1/3246 1635/1/3246
f 3185/1/3247 2025/1/3247 1743/1/3247
f 187/1/3248 372/1/3248 483/1/3248
f 2485/1/3249 1884/1/3249 3185/1/3249
f 1425/1/3250 2102/1/3250 2250/1/3250
f 2647/1/3251 1434/1/3251 1299/1/3251
f 3085/1/3252 3077/1/3252 3084/1/3252
f 244/1/3253 1831/1/3253 1889/1/3253
f 1720/1/3254 2222/1/3254 2266/1/3254
f 1395/1/3255 1666/1/3255 1974/1/3255
f 1871/1/3256 2455/1/3256 1276/1/3256
f 1961/1/3257 2775/1/3257 2179/1/3257
f 95/1/3258 2623/1/3258 2677/1/3258
f 2846/1/3259 1938/1/3259 2366/1/3259
f 2790/1/3260 1328/1/3260 2750/1/3260
f 372/1/3261 1235/1/3261 793/1/3261
f 1389/1/3262 2668/1/3262 1295/1/3262
f 1602/1/3263 1353/1/3263 1612/1/3263
f 337/1/3264 1836/1/3264 1575/1/3264
f 361/1/3265 373/1/3265 1758/1/3265
f 2838/1/3266 2689/1/3266 2693/1/3266
f 1766/1/3267 1629/1/3267 1785/1/3267
f 1372/1/3268 2175/1/3268 1514/1/3268
f 2705/1/3269 2597/1/3269 1785/1/3269
f 2055/1/3270 1770/1/3270 1934/1/3270
f 1977/1/3271 1802/1/3271 2007/1/3271
f 2112/1/1943 2126/1/1943 1040/1/1943
f 503/1/3272 1992/1/3272 1594/1/3272
f 835/1/3273 2771/1/3273 2194/1/3273
f 1660/1/3274 1849/1/3274 2415/1/3274
f 249/1/3275 2412/1/3275 2500/1/3275
f 2526/1/3276 318/1/3276 321/1/3276
f 912/1/3277 2933/1/3277 2194/1/3277
f 3279/1/3278 766/1/3278 779/1/3278
f 549/1/3279 2787/1/3279 471/1/3279
f 2656/1/3280 2935/1/3280 2707/1/3280
f 1661/1/3281 2850/1/3281 1695/1/3281
f 307/1/3282 1255/1/3282 3175/1/3282
f 1624/1/3283 3206/1/3283 1702/1/3283
f 1852/1/3284 2244/1/3284 2197/1/3284
f 414/1/3285 650/1/3285 430/1/3285
f 2566/1/3286 1940/1/3286 2122/1/3286
f 1041/1/3287 762/1/3287 2072/1/3287
f 2362/1/3288 2241/1/3288 2130/1/3288
f 1527/1/3289 925/1/3289 874/1/3289
f 1466/1/3290 2740/1/3290 1362/1/3290
f 1456/1/3291 2177/1/3291 1051/1/3291
f 2783/1/3292 1231/1/3292 1712/1/3292
f 1698/1/3293 298/1/3293 456/1/3293
f 299/1/3294 61/1/3294 1839/1/3294
f 122/1/3295 1249/1/3295 788/1/3295
f 877/1/3296 1590/1/3296 713/1/3296
f 3268/1/3297 1666/1/3297 2702/1/3297
f 429/1/3298 615/1/3298 428/1/3298
f 308/1/3299 401/1/3299 3202/1/3299
f 222/1/3300 891/1/3300 3290/1/3300
f 52/1/3301 43/1/3301 218/1/3301
f 2824/1/3302 502/1/3302 1836/1/3302
f 2287/1/3303 384/1/3303 2368/1/3303
f 2683/1/3304 2913/1/3304 2626/1/3304
f 3084/1/3305 3076/1/3305 3083/1/3305
f 1257/1/3306 1081/1/3306 2871/1/3306
f 2781/1/3307 2693/1/3307 1438/1/3307
f 2851/1/3308 2438/1/3308 1726/1/3308
f 1030/1/3309 1383/1/3309 2733/1/3309
f 3005/1/3310 1897/1/3310 2367/1/3310
f 2478/1/3311 1766/1/3311 2311/1/3311
f 1111/1/3312 1132/1/3312 1142/1/3312
f 1349/1/3313 1389/1/3313 1295/1/3313
f 3244/1/3314 1894/1/3314 3230/1/3314
f 1991/1/3315 2440/1/3315 2086/1/3315
f 204/1/3316 197/1/3316 3248/1/3316
f 3004/1/3317 1970/1/3317 2788/1/3317
f 1517/1/3318 2870/1/3318 1139/1/3318
f 1777/1/3319 89/1/3319 393/1/3319
f 401/1/3320 406/1/3320 403/1/3320
f 1766/1/3321 2487/1/3321 2311/1/3321
f 1030/1/3322 1430/1/3322 2145/1/3322
f 1714/1/3323 1640/1/3323 1947/1/3323
f 2397/1/3324 1848/1/3324 2779/1/3324
f 2527/1/3325 2328/1/3325 990/1/3325
f 1126/1/3326 1969/1/3326 870/1/3326
f 2514/1/3327 1853/1/3327 1652/1/3327
f 2217/1/3328 925/1/3328 2119/1/3328
f 1722/1/3329 2323/1/3329 2362/1/3329
f 2282/1/3330 802/1/3330 805/1/3330
f 887/1/3331 1770/1/3331 2055/1/3331
f 703/1/3332 841/1/3332 1169/1/3332
f 3121/1/3333 1070/1/3333 1100/1/3333
f 64/1/3334 1597/1/3334 2670/1/3334
f 273/1/3335 2014/1/3335 263/1/3335
f 1729/1/3336 2823/1/3336 1892/1/3336
f 2589/1/3337 2814/1/3337 1074/1/3337
f 2365/1/3338 2414/1/3338 1803/1/3338
f 2353/1/2891 1278/1/2891 1300/1/2891
f 2388/1/3339 2073/1/3339 2062/1/3339
f 1573/1/3340 1569/1/3340 2748/1/3340
f 1439/1/3341 1230/1/3341 1286/1/3341
f 1048/1/3342 1233/1/3342 1978/1/3342
f 952/1/3343 2470/1/3343 2029/1/3343
f 1207/1/3344 2243/1/3344 1444/1/3344
f 2080/1/3345 3011/1/3345 1102/1/3345
f 2247/1/3346 1188/1/3346 2780/1/3346
f 1649/1/3347 1510/1/3347 1437/1/3347
f 547/1/3348 544/1/3348 795/1/3348
f 1734/1/3349 1944/1/3349 1779/1/3349
f 1078/1/3350 1767/1/3350 2813/1/3350
f 961/1/3351 2051/1/3351 1598/1/3351
f 53/1/3352 876/1/3352 2791/1/3352
f 2714/1/3353 2555/1/3353 2600/1/3353
f 2265/1/3354 2241/1/3354 1806/1/3354
f 2300/1/3355 2268/1/3355 362/1/3355
f 1553/1/3050 3019/1/3050 3020/1/3050
f 1728/1/3356 2262/1/3356 2758/1/3356
f 3004/1/3357 2573/1/3357 2699/1/3357
f 1396/1/3358 889/1/3358 1258/1/3358
f 1393/1/3359 1438/1/3359 2693/1/3359
f 2147/1/3360 1951/1/3360 2140/1/3360
f 2840/1/3361 974/1/3361 2176/1/3361
f 1394/1/3362 1693/1/3362 2076/1/3362
f 1792/1/3363 2797/1/3363 1559/1/3363
f 1078/1/3364 1507/1/3364 952/1/3364
f 2831/1/3365 2213/1/3365 1342/1/3365
f 2363/1/3366 1741/1/3366 1804/1/3366
f 1543/1/3367 2059/1/3367 1337/1/3367
f 1302/1/3368 1287/1/3368 1519/1/3368
f 1301/1/3369 1807/1/3369 1141/1/3369
f 1802/1/3370 2400/1/3370 1737/1/3370
f 2447/1/3371 1665/1/3371 2067/1/3371
f 1717/1/3372 2421/1/3372 2101/1/3372
f 1610/1/3373 908/1/3373 865/1/3373
f 1884/1/3374 2387/1/3374 1764/1/3374
f 2263/1/3375 1218/1/3375 2143/1/3375
f 3010/1/3376 1557/1/3376 2159/1/3376
f 782/1/3377 3144/1/3377 1105/1/3377
f 1681/1/3378 846/1/3378 1628/1/3378
f 2970/1/3379 2809/1/3379 1567/1/3379
f 2542/1/3380 898/1/3380 865/1/3380
f 2341/1/3381 2591/1/3381 2154/1/3381
f 910/1/3382 2655/1/3382 2535/1/3382
f 1403/1/3383 2825/1/3383 2853/1/3383
f 1662/1/3384 2536/1/3384 2280/1/3384
f 1071/1/3385 3096/1/3385 1088/1/3385
f 2920/1/3386 2527/1/3386 990/1/3386
f 1834/1/3387 634/1/3387 725/1/3387
f 1530/1/3388 1294/1/3388 2374/1/3388
f 2335/1/3389 482/1/3389 347/1/3389
f 2058/1/3390 2522/1/3390 2218/1/3390
f 603/1/3391 3305/1/3391 435/1/3391
f 2747/1/3392 2738/1/3392 1738/1/3392
f 951/1/3393 2528/1/3393 2465/1/3393
f 2494/1/3394 2398/1/3394 2644/1/3394
f 2422/1/3395 1378/1/3395 2040/1/3395
f 2477/1/3396 2214/1/3396 2593/1/3396
f 942/1/3397 906/1/3397 867/1/3397
f 909/1/3398 1828/1/3398 1580/1/3398
f 2751/1/3399 2921/1/3399 1583/1/3399
f 2524/1/3400 2699/1/3400 2573/1/3400
f 1277/1/3401 1391/1/3401 1331/1/3401
f 1057/1/3402 2256/1/3402 1435/1/3402
f 3199/1/3403 1575/1/3403 1609/1/3403
f 1345/1/3404 1243/1/3404 2530/1/3404
f 2699/1/3405 2712/1/3405 1672/1/3405
f 1611/1/3406 2666/1/3406 1828/1/3406
f 1861/1/3407 1652/1/3407 2777/1/3407
f 2927/1/3408 1872/1/3408 982/1/3408
f 1022/1/3409 1748/1/3409 2214/1/3409
f 2563/1/3410 88/1/3410 2166/1/3410
f 2055/1/3411 2036/1/3411 2236/1/3411
f 1486/1/3412 1531/1/3412 2422/1/3412
f 2805/1/3413 1207/1/3413 1079/1/3413
f 1697/1/3414 1922/1/3414 1045/1/3414
f 2648/1/3415 1086/1/3415 2495/1/3415
f 2583/1/3416 2334/1/3416 2484/1/3416
f 2492/1/3417 2255/1/3417 1853/1/3417
f 3046/1/3418 2183/1/3418 2680/1/3418
f 1980/1/3419 2715/1/3419 2615/1/3419
f 2963/1/3420 2955/1/3420 2962/1/3420
f 38/1/3421 2156/1/3421 3/1/3421
f 2136/1/3422 1443/1/3422 1250/1/3422
f 1410/1/3423 2870/1/3423 1376/1/3423
f 2261/1/3424 2712/1/3424 2693/1/3424
f 2693/1/3424 2781/1/3424 2261/1/3424
f 2373/1/3425 1800/1/3425 2155/1/3425
f 2969/1/3426 1340/1/3426 2554/1/3426
f 3206/1/3427 1789/1/3427 2730/1/3427
f 3228/1/3428 1850/1/3428 1781/1/3428
f 2900/1/3429 2894/1/3429 2893/1/3429
f 2572/1/3430 2830/1/3430 1386/1/3430
f 829/1/3431 2132/1/3431 2560/1/3431
f 1962/1/3432 1188/1/3432 1278/1/3432
f 1251/1/3433 1334/1/3433 2566/1/3433
f 2985/1/3434 1409/1/3434 2992/1/3434
f 861/1/3435 1555/1/3435 2786/1/3435
f 1086/1/3436 2709/1/3436 2495/1/3436
f 2605/1/3437 1210/1/3437 1995/1/3437
f 1376/1/3438 1461/1/3438 1544/1/3438
f 1627/1/3439 3262/1/3439 894/1/3439
f 951/1/3440 2927/1/3440 960/1/3440
f 1714/1/3441 1897/1/3441 1941/1/3441
f 2832/1/3442 1244/1/3442 1399/1/3442
f 2515/1/3443 2115/1/3443 1351/1/3443
f 1818/1/3444 3221/1/3444 1394/1/3444
f 1864/1/3445 2050/1/3445 1647/1/3445
f 50/1/3446 48/1/3446 2378/1/3446
f 2514/1/3447 848/1/3447 1853/1/3447
f 2533/1/3448 2024/1/3448 1250/1/3448
f 2870/1/3449 2444/1/3449 1315/1/3449
f 2977/1/3450 2852/1/3450 1191/1/3450
f 3165/1/3451 2772/1/3451 2660/1/3451
f 2543/1/3452 2389/1/3452 1769/1/3452
f 2453/1/3453 1361/1/3453 890/1/3453
f 2823/1/3454 2334/1/3454 2583/1/3454
f 849/1/3455 1746/1/3455 2478/1/3455
f 2913/1/3456 1583/1/3456 2921/1/3456
f 357/1/3457 518/1/3457 3252/1/3457
f 2155/1/3458 2284/1/3458 2373/1/3458
f 2170/1/3459 1635/1/3459 1270/1/3459
f 1757/1/3460 3228/1/3460 1693/1/3460
f 1451/1/3461 1700/1/3461 1056/1/3461
f 2672/1/3462 2001/1/3462 2680/1/3462
f 2643/1/3463 1645/1/3463 1329/1/3463
f 3172/1/3464 2583/1/3464 2484/1/3464
f 2555/1/3465 2762/1/3465 2388/1/3465
f 2815/1/3466 1272/1/3466 1268/1/3466
f 960/1/3467 1687/1/3467 2528/1/3467
f 2919/1/3468 2436/1/3468 2223/1/3468
f 1908/1/3469 1665/1/3469 863/1/3469
f 2382/1/3470 3267/1/3470 114/1/3470
f 1207/1/3471 1312/1/3471 1455/1/3471
f 1069/1/3472 1144/1/3472 992/1/3472
f 2634/1/3473 2522/1/3473 2044/1/3473
f 2842/1/3474 1054/1/3474 77/1/3474
f 1787/1/3475 2571/1/3475 1750/1/3475
f 2599/1/3476 1948/1/3476 947/1/3476
f 2170/1/3477 1270/1/3477 1413/1/3477
f 2567/1/3478 1390/1/3478 2092/1/3478
f 1439/1/3479 1601/1/3479 2006/1/3479
f 2059/1/3480 1258/1/3480 1051/1/3480
f 992/1/3481 1083/1/3481 1053/1/3481
f 1701/1/3482 520/1/3482 291/1/3482
f 1005/1/3483 1283/1/3483 1487/1/3483
f 2789/1/3484 2997/1/3484 1890/1/3484
f 1826/1/3485 2700/1/3485 1748/1/3485
f 886/1/3486 2676/1/3486 2235/1/3486
f 2599/1/3487 947/1/3487 3269/1/3487
f 2502/1/3488 1631/1/3488 2068/1/3488
f 926/1/3489 1691/1/3489 462/1/3489
f 2895/1/3490 2888/1/3490 2887/1/3490
f 374/1/3491 147/1/3491 305/1/3491
f 1815/1/3492 1691/1/3492 1118/1/3492
f 1294/1/3493 1530/1/3493 1276/1/3493
f 3225/1/3494 1870/1/3494 2099/1/3494
f 151/1/3495 154/1/3495 404/1/3495
f 3237/1/3496 1926/1/3496 1865/1/3496
f 2241/1/3497 2499/1/3497 2100/1/3497
f 16/1/3498 2222/1/3498 301/1/3498
f 2323/1/3499 1626/1/3499 2182/1/3499
f 2318/1/3500 1324/1/3500 1783/1/3500
f 2668/1/3501 1420/1/3501 1295/1/3501
f 1217/1/3502 205/1/3502 447/1/3502
f 1210/1/3503 2031/1/3503 1321/1/3503
f 847/1/3504 2676/1/3504 979/1/3504
f 2413/1/3505 1728/1/3505 2758/1/3505
f 1343/1/3506 1269/1/3506 2451/1/3506
f 1362/1/3507 1371/1/3507 1382/1/3507
f 806/1/3508 728/1/3508 587/1/3508
f 1304/1/3509 2977/1/3509 2394/1/3509
f 882/1/3510 994/1/3510 958/1/3510
f 1324/1/3511 2616/1/3511 1783/1/3511
f 1422/1/3512 973/1/3512 1373/1/3512
f 1167/1/3513 2180/1/3513 1621/1/3513
f 1325/1/3514 1909/1/3514 1309/1/3514
f 1328/1/3515 1008/1/3515 1344/1/3515
f 1514/1/3516 2349/1/3516 2498/1/3516
f 1436/1/3517 2074/1/3517 1285/1/3517
f 921/1/3518 1080/1/3518 523/1/3518
f 2870/1/3519 1315/1/3519 2202/1/3519
f 2209/1/3520 1473/1/3520 1234/1/3520
f 2832/1/3521 1404/1/3521 2256/1/3521
f 1339/1/3522 1451/1/3522 1901/1/3522
f 1473/1/3523 1508/1/3523 1526/1/3523
f 1637/1/3524 2776/1/3524 2101/1/3524
f 2139/1/3525 2686/1/3525 2580/1/3525
f 1077/1/3526 775/1/3526 1090/1/3526
f 2640/1/3527 1937/1/3527 1690/1/3527
f 2006/1/3528 2727/1/3528 2828/1/3528
f 1413/1/3529 1270/1/3529 2435/1/3529
f 2010/1/3530 1866/1/3530 2361/1/3530
f 1475/1/3531 1602/1/3531 1612/1/3531
f 1210/1/3532 1373/1/3532 2031/1/3532
f 2314/1/3533 883/1/3533 2834/1/3533
f 1455/1/3534 1908/1/3534 1820/1/3534
f 1603/1/3535 2129/1/3535 2679/1/3535
f 2317/1/3536 1547/1/3536 1056/1/3536
f 1612/1/3537 1363/1/3537 1475/1/3537
f 2874/1/3538 1732/1/3538 2039/1/3538
f 1441/1/3539 1417/1/3539 2215/1/3539
f 2784/1/3540 1185/1/3540 1432/1/3540
f 2732/1/3541 2405/1/3541 2150/1/3541
f 1231/1/3542 1427/1/3542 1712/1/3542
f 1533/1/3543 1335/1/3543 1642/1/3543
f 2316/1/3544 2679/1/3544 2129/1/3544
f 2629/1/3545 3012/1/3545 2833/1/3545
f 1953/1/3546 2800/1/3546 2680/1/3546
f 42/1/3547 325/1/3547 19/1/3547
f 1138/1/3548 2136/1/3548 901/1/3548
f 1567/1/3549 1326/1/3549 2678/1/3549
f 2108/1/3550 1979/1/3550 1541/1/3550
f 2485/1/3551 1743/1/3551 2348/1/3551
f 973/1/3552 2611/1/3552 2177/1/3552
f 1940/1/3553 2566/1/3553 1521/1/3553
f 873/1/3554 2089/1/3554 862/1/3554
f 2998/1/3555 1546/1/3555 1714/1/3555
f 1852/1/3556 2350/1/3556 2369/1/3556
f 2005/1/3557 2709/1/3557 1350/1/3557
f 1458/1/3558 2876/1/3558 1032/1/3558
f 1305/1/3559 2874/1/3559 2873/1/3559
f 933/1/3560 851/1/3560 3166/1/3560
f 2757/1/3561 1719/1/3561 1561/1/3561
f 2783/1/3562 856/1/3562 2826/1/3562
f 2587/1/3563 2837/1/3563 2236/1/3563
f 3017/1/3564 1559/1/3564 1102/1/3564
f 2546/1/3565 2517/1/3565 1800/1/3565
f 2544/1/3566 2532/1/3566 78/1/3566
f 423/1/3567 2258/1/3567 2238/1/3567
f 2427/1/3568 2407/1/3568 284/1/3568
f 2030/1/3569 2283/1/3569 2740/1/3569
f 1548/1/3570 2067/1/3570 1665/1/3570
f 1771/1/3571 1454/1/3571 1048/1/3571
f 2280/1/3572 3242/1/3572 1662/1/3572
f 1397/1/3573 1269/1/3573 1444/1/3573
f 1347/1/3574 2876/1/3574 2875/1/3574
f 328/1/3575 1547/1/3575 296/1/3575
f 1929/1/3576 1315/1/3576 2444/1/3576
f 1324/1/3577 2545/1/3577 2616/1/3577
f 3060/1/3578 998/1/3578 993/1/3578
f 3214/1/3579 2088/1/3579 2519/1/3579
f 1375/1/3580 1210/1/3580 1819/1/3580
f 887/1/3581 950/1/3581 2456/1/3581
f 2316/1/3582 2466/1/3582 2679/1/3582
f 1157/1/3583 534/1/3583 477/1/3583
f 3248/1/3584 197/1/3584 2631/1/3584
f 1435/1/3585 1283/1/3585 1141/1/3585
f 2191/1/3586 1287/1/3586 1415/1/3586
f 2005/1/3587 1504/1/3587 2709/1/3587
f 1426/1/3588 1503/1/3588 1678/1/3588
f 2039/1/3589 1032/1/3589 2396/1/3589
f 1431/1/3590 1783/1/3590 2616/1/3590
f 1425/1/3591 1333/1/3591 2845/1/3591
f 1174/1/3592 2163/1/3592 872/1/3592
f 1665/1/3593 2447/1/3593 1145/1/3593
f 1250/1/3594 901/1/3594 2136/1/3594
f 2733/1/3595 1939/1/3595 1030/1/3595
f 1363/1/3596 1446/1/3596 2731/1/3596
f 1371/1/3597 2740/1/3597 2283/1/3597
f 857/1/3598 3254/1/3598 1974/1/3598
f 901/1/3599 1250/1/3599 2024/1/3599
f 2087/1/3600 1431/1/3600 1417/1/3600
f 1310/1/3601 2508/1/3601 2504/1/3601
f 2390/1/3602 2499/1/3602 2106/1/3602
f 1280/1/3603 2984/1/3603 1156/1/3603
f 1787/1/3604 1750/1/3604 1047/1/3604
f 1023/1/3605 1068/1/3605 1811/1/3605
f 1953/1/3606 2680/1/3606 2183/1/3606
f 1185/1/3607 2648/1/3607 1432/1/3607
f 2442/1/3608 1936/1/3608 1423/1/3608
f 2316/1/3609 1483/1/3609 1650/1/3609
f 2865/1/3610 1293/1/3610 1638/1/3610
f 1867/1/3611 2454/1/3611 2226/1/3611
f 2154/1/3612 2816/1/3612 2341/1/3612
f 1207/1/3613 1455/1/3613 1079/1/3613
f 2029/1/3614 1148/1/3614 904/1/3614
f 1301/1/3615 1141/1/3615 1005/1/3615
f 3207/1/3616 2730/1/3616 2708/1/3616
f 2508/1/3617 1321/1/3617 1390/1/3617
f 2568/1/3618 1835/1/3618 1330/1/3618
f 1401/1/3619 1383/1/3619 2377/1/3619
f 1535/1/3620 1440/1/3620 1193/1/3620
f 2679/1/3621 2423/1/3621 1603/1/3621
f 1908/1/3622 1312/1/3622 1965/1/3622
f 1363/1/3623 1612/1/3623 1446/1/3623
f 1958/1/3624 1701/1/3624 2847/1/3624
f 941/1/3625 1461/1/3625 1419/1/3625
f 2171/1/3626 2292/1/3626 2667/1/3626
f 2449/1/3627 2920/1/3627 929/1/3627
f 1675/1/3628 2379/1/3628 1445/1/3628
f 1585/1/3629 2476/1/3629 2180/1/3629
f 1226/1/3630 1451/1/3630 1056/1/3630
f 593/1/3631 1833/1/3631 459/1/3631
f 2687/1/3632 2742/1/3632 2143/1/3632
f 2331/1/3633 1245/1/3633 871/1/3633
f 881/1/3634 2773/1/3634 2364/1/3634
f 1201/1/3635 3314/1/3635 2157/1/3635
f 2650/1/3636 1741/1/3636 2155/1/3636
f 1476/1/3637 1793/1/3637 2374/1/3637
f 1325/1/3638 1343/1/3638 2451/1/3638
f 1289/1/3639 2566/1/3639 1334/1/3639
f 305/1/3640 334/1/3640 400/1/3640
f 2982/1/3641 2453/1/3641 890/1/3641
f 2408/1/3642 1864/1/3642 1936/1/3642
f 2017/1/3643 2664/1/3643 2764/1/3643
f 2641/1/3644 1579/1/3644 460/1/3644
f 1906/1/3645 2705/1/3645 2069/1/3645
f 1976/1/3646 2278/1/3646 1131/1/3646
f 2481/1/3647 1779/1/3647 1448/1/3647
f 898/1/3648 1613/1/3648 2204/1/3648
f 899/1/3649 3268/1/3649 2702/1/3649
f 908/1/3650 1610/1/3650 2702/1/3650
f 1716/1/3651 1760/1/3651 2628/1/3651
f 2084/1/3652 1537/1/3652 2135/1/3652
f 2152/1/3653 1494/1/3653 1842/1/3653
f 1435/1/3654 1220/1/3654 1487/1/3654
f 3031/1/3655 3032/1/3655 3025/1/3655
f 1404/1/3656 2832/1/3656 1399/1/3656
f 2582/1/3657 2365/1/3657 3241/1/3657
f 574/1/3658 3284/1/3658 3209/1/3658
f 1542/1/3659 991/1/3659 986/1/3659
f 1877/1/3660 86/1/3660 2392/1/3660
f 1526/1/3661 2741/1/3661 1446/1/3661
f 925/1/3662 2217/1/3662 2325/1/3662
f 1972/1/3663 3228/1/3663 1747/1/3663
f 1385/1/3664 1337/1/3664 1313/1/3664
f 2344/1/3665 1756/1/3665 2179/1/3665
f 964/1/3666 1853/1/3666 2255/1/3666
f 1533/1/3667 1289/1/3667 1334/1/3667
f 1752/1/3668 1439/1/3668 1475/1/3668
f 2328/1/3669 2109/1/3669 990/1/3669
f 3206/1/3670 1624/1/3670 2219/1/3670
f 2863/1/3671 2447/1/3671 2067/1/3671
f 2534/1/3672 1259/1/3672 2864/1/3672
f 1335/1/3673 1533/1/3673 2444/1/3673
f 884/1/3674 256/1/3674 873/1/3674
f 1796/1/3675 774/1/3675 1482/1/3675
f 2231/1/3676 2865/1/3676 2351/1/3676
f 2086/1/3677 828/1/3677 1580/1/3677
f 2578/1/3678 2248/1/3678 1470/1/3678
f 2316/1/3679 1650/1/3679 2175/1/3679
f 2976/1/3680 1296/1/3680 2394/1/3680
f 2501/1/3681 1512/1/3681 2857/1/3681
f 248/1/3682 3170/1/3682 256/1/3682
f 1558/1/3683 1800/1/3683 1964/1/3683
f 2247/1/3684 1669/1/3684 2179/1/3684
f 318/1/3685 407/1/3685 182/1/3685
f 2087/1/3686 2371/1/3686 1353/1/3686
f 2851/1/3687 2519/1/3687 1793/1/3687
f 2611/1/3688 1337/1/3688 2177/1/3688
f 2997/1/3689 2789/1/3689 1640/1/3689
f 2796/1/3690 1871/1/3690 1268/1/3690
f 104/1/3691 2015/1/3691 2345/1/3691
f 2669/1/3692 1608/1/3692 2602/1/3692
f 2781/1/3693 3011/1/3693 2261/1/3693
f 3250/1/3694 1899/1/3694 2033/1/3694
f 621/1/3695 422/1/3695 631/1/3695
f 2752/1/3696 1754/1/3696 2771/1/3696
f 2007/1/3697 1639/1/3697 1977/1/3697
f 287/1/3698 2292/1/3698 263/1/3698
f 2708/1/3699 1789/1/3699 1451/1/3699
f 1330/1/3700 1846/1/3700 1424/1/3700
f 1259/1/3701 1309/1/3701 1329/1/3701
f 3012/1/2637 2591/1/2637 2833/1/2637
f 2859/1/3702 501/1/3702 1839/1/3702
f 84/1/3703 2411/1/3703 2761/1/3703
f 49/1/3704 54/1/3704 2434/1/3704
f 1234/1/3705 1243/1/3705 1524/1/3705
f 1454/1/3706 1771/1/3706 935/1/3706
f 2581/1/3707 285/1/3707 1881/1/3707
f 2213/1/3708 2191/1/3708 1415/1/3708
f 1726/1/3709 3222/1/3709 2851/1/3709
f 822/1/1832 3060/1/1832 2192/1/1832
f 2084/1/3710 1899/1/3710 2280/1/3710
f 2795/1/3711 1039/1/3711 2836/1/3711
f 1956/1/3712 2712/1/3712 2261/1/3712
f 1519/1/3713 1186/1/3713 1009/1/3713
f 1522/1/3714 1284/1/3714 1005/1/3714
f 1287/1/3715 2191/1/3715 2105/1/3715
f 3138/1/3716 909/1/3716 1580/1/3716
f 1329/1/3717 1909/1/3717 2643/1/3717
f 3205/1/3718 1817/1/3718 1364/1/3718
f 1494/1/3719 1572/1/3719 3138/1/3719
f 34/1/3720 2556/1/3720 2104/1/3720
f 1279/1/3721 1904/1/3721 1902/1/3721
f 1325/1/3722 1467/1/3722 2486/1/3722
f 3139/1/3723 1022/1/3723 2214/1/3723
f 306/1/3724 305/1/3724 3232/1/3724
f 1024/1/3725 1797/1/3725 1859/1/3725
f 1733/1/3726 1731/1/3726 2007/1/3726
f 2185/1/3727 1979/1/3727 2802/1/3727
f 384/1/3728 2178/1/3728 1616/1/3728
f 1786/1/3729 1948/1/3729 1974/1/3729
f 1641/1/3730 1627/1/3730 894/1/3730
f 2757/1/3731 3236/1/3731 1719/1/3731
f 2027/1/3732 2355/1/3732 2490/1/3732
f 2472/1/3733 1805/1/3733 1490/1/3733
f 1761/1/3734 2241/1/3734 2362/1/3734
f 1395/1/3735 2711/1/3735 2702/1/3735
f 1301/1/3736 1365/1/3736 1925/1/3736
f 1826/1/3737 1022/1/3737 1584/1/3737
f 2975/1/3738 2608/1/3738 2211/1/3738
f 2487/1/3739 2204/1/3739 2311/1/3739
f 822/1/3740 3061/1/3740 814/1/3740
f 1371/1/3741 1362/1/3741 2740/1/3741
f 1566/1/3742 1565/1/3742 2240/1/3742
f 2734/1/3743 2180/1/3743 2476/1/3743
f 2381/1/3744 986/1/3744 991/1/3744
f 2920/1/3745 919/1/3745 2751/1/3745
f 1537/1/3746 1937/1/3746 2135/1/3746
f 2703/1/3747 2089/1/3747 1664/1/3747
f 1516/1/3748 1501/1/3748 2148/1/3748
f 2145/1/3749 1383/1/3749 1030/1/3749
f 2380/1/3750 1188/1/3750 2247/1/3750
f 876/1/3751 265/1/3751 2791/1/3751
f 1787/1/3752 941/1/3752 2571/1/3752
f 2644/1/3753 1864/1/3753 2408/1/3753
f 825/1/3754 3178/1/3754 2160/1/3754
f 1721/1/3755 1379/1/3755 2200/1/3755
f 2118/1/3756 2291/1/3756 1056/1/3756
f 2683/1/3757 2328/1/3757 1583/1/3757
f 609/1/3758 2127/1/3758 745/1/3758
f 189/1/3759 860/1/3759 451/1/3759
f 2741/1/3760 2731/1/3760 1446/1/3760
f 2517/1/3761 2640/1/3761 1690/1/3761
f 2242/1/3762 3257/1/3762 2355/1/3762
f 2748/1/3763 2210/1/3763 1388/1/3763
f 2248/1/3764 1281/1/3764 1470/1/3764
f 2694/1/3765 2205/1/3765 2009/1/3765
f 2555/1/3766 2714/1/3766 916/1/3766
f 1830/1/3767 49/1/3767 1615/1/3767
f 1864/1/3768 1647/1/3768 2552/1/3768
f 2462/1/3769 839/1/3769 3256/1/3769
f 1903/1/3770 1910/1/3770 1/1/3770
f 2355/1/3771 2027/1/3771 2478/1/3771
f 2656/1/3772 2934/1/3772 2048/1/3772
f 2088/1/3773 1793/1/3773 2519/1/3773
f 2785/1/3774 3212/1/3774 255/1/3774
f 2269/1/3775 864/1/3775 1872/1/3775
f 1941/1/3776 2998/1/3776 1714/1/3776
f 912/1/3777 2194/1/3777 2771/1/3777
f 2676/1/3778 847/1/3778 2235/1/3778
f 1007/1/3779 1085/1/3779 999/1/3779
f 2106/1/3780 1761/1/3780 2362/1/3780
f 548/1/3781 1873/1/3781 2054/1/3781
f 76/1/3782 1202/1/3782 1706/1/3782
f 3081/1/3783 999/1/3783 1014/1/3783
f 1581/1/3784 2195/1/3784 1565/1/3784
f 3236/1/3785 1737/1/3785 1967/1/3785
f 2576/1/3786 1981/1/3786 1967/1/3786
f 2672/1/3787 2680/1/3787 2800/1/3787
f 2121/1/3788 2798/1/3788 820/1/3788
f 2570/1/3789 2614/1/3789 2806/1/3789
f 1543/1/3790 1385/1/3790 1174/1/3790
f 1871/1/3791 2844/1/3791 1268/1/3791
f 3132/1/3792 2310/1/3792 2600/1/3792
f 2181/1/3793 2765/1/3793 3289/1/3793
f 1277/1/3794 1432/1/3794 2648/1/3794
f 2575/1/3795 2638/1/3795 2845/1/3795
f 2508/1/3796 1535/1/3796 1133/1/3796
f 1687/1/3797 919/1/3797 2528/1/3797
f 3197/1/3798 2563/1/3798 2166/1/3798
f 2503/1/3799 1980/1/3799 2657/1/3799
f 1689/1/3800 2508/1/3800 1133/1/3800
f 2502/1/3801 2139/1/3801 1679/1/3801
f 2386/1/3802 2824/1/3802 1836/1/3802
f 808/1/3803 248/1/3803 256/1/3803
f 1156/1/3804 2606/1/3804 1296/1/3804
f 3178/1/3805 2003/1/3805 1727/1/3805
f 1662/1/3806 1536/1/3806 2370/1/3806
f 2147/1/3807 2502/1/3807 1679/1/3807
f 885/1/3808 2688/1/3808 1207/1/3808
f 2721/1/3809 2548/1/3809 129/1/3809
f 2726/1/3810 953/1/3810 1544/1/3810
f 3082/1/90 1087/1/90 2022/1/90
f 2035/1/3811 1924/1/3811 1496/1/3811
f 1669/1/3812 2247/1/3812 2206/1/3812
f 2094/1/3813 1714/1/3813 1947/1/3813
f 316/1/3814 131/1/3814 2646/1/3814
f 3165/1/3815 2324/1/3815 845/1/3815
f 884/1/3816 75/1/3816 256/1/3816
f 346/1/3817 64/1/3817 163/1/3817
f 3213/1/3818 2796/1/3818 1268/1/3818
f 2292/1/3819 2171/1/3819 2732/1/3819
f 2577/1/3820 1991/1/3820 2086/1/3820
f 1980/1/3821 1429/1/3821 2715/1/3821
f 2477/1/3822 2521/1/3822 2214/1/3822
f 2170/1/3823 1543/1/3823 1635/1/3823
f 1424/1/3824 2608/1/3824 2818/1/3824
f 1757/1/3825 1161/1/3825 1646/1/3825
f 1789/1/3826 2708/1/3826 2730/1/3826
f 3255/1/3827 194/1/3827 3290/1/3827
f 1383/1/3828 2145/1/3828 1445/1/3828
f 834/1/3829 1892/1/3829 1840/1/3829
f 1423/1/3830 2630/1/3830 2547/1/3830
f 1097/1/3831 1131/1/3831 1095/1/3831
f 1787/1/3832 2111/1/3832 1520/1/3832
f 2042/1/3833 1321/1/3833 1182/1/3833
f 2476/1/3834 1585/1/3834 2530/1/3834
f 1012/1/3835 2975/1/3835 1653/1/3835
f 3293/1/3836 746/1/3836 1127/1/3836
f 2879/1/3837 838/1/3837 3250/1/3837
f 2640/1/3838 1593/1/3838 1937/1/3838
f 1012/1/3839 1523/1/3839 2818/1/3839
f 2336/1/3840 1107/1/3840 1489/1/3840
f 89/1/3841 299/1/3841 393/1/3841
f 2761/1/3842 275/1/3842 278/1/3842
f 2284/1/3843 2155/1/3843 1741/1/3843
f 3141/1/3844 2539/1/3844 1134/1/3844
f 1466/1/3845 2213/1/3845 1415/1/3845
f 2652/1/3846 1191/1/3846 1063/1/3846
f 2120/1/3847 2314/1/3847 2834/1/3847
f 2619/1/3848 2110/1/3848 241/1/3848
f 1691/1/3849 1170/1/3849 2120/1/3849
f 3267/1/3850 2382/1/3850 29/1/3850
f 282/1/3851 533/1/3851 266/1/3851
f 2085/1/3852 2078/1/3852 2390/1/3852
f 2998/1/3853 1941/1/3853 1512/1/3853
f 41/1/3854 3231/1/3854 334/1/3854
f 2704/1/3855 2707/1/3855 982/1/3855
f 2153/1/3856 1214/1/3856 940/1/3856
f 1358/1/3857 1156/1/3857 1501/1/3857
f 967/1/3858 640/1/3858 70/1/3858
f 1951/1/3859 2749/1/3859 2140/1/3859
f 200/1/3860 30/1/3860 2399/1/3860
f 2794/1/3861 1835/1/3861 2685/1/3861
f 1015/1/985 2893/1/985 2886/1/985
f 968/1/3862 2840/1/3862 3053/1/3862
f 93/1/3863 1195/1/3863 1954/1/3863
f 2386/1/3864 3199/1/3864 1891/1/3864
f 2823/1/3865 2583/1/3865 2661/1/3865
f 1880/1/3866 405/1/3866 168/1/3866
f 3076/1/3867 3077/1/3867 3070/1/3867
f 2224/1/3868 2142/1/3868 2877/1/3868
f 3196/1/3869 1882/1/3869 1983/1/3869
f 2087/1/3870 2172/1/3870 1431/1/3870
f 2547/1/3871 2402/1/3871 1423/1/3871
f 1669/1/3872 2968/1/3872 2179/1/3872
f 924/1/1826 2913/1/1826 2914/1/1826
f 79/1/3873 1000/1/3873 1356/1/3873
f 21/1/3874 830/1/3874 983/1/3874
f 427/1/3875 2091/1/3875 428/1/3875
f 619/1/3876 695/1/3876 1768/1/3876
f 2383/1/3877 3227/1/3877 2343/1/3877
f 423/1/3878 121/1/3878 2276/1/3878
f 2823/1/3879 2661/1/3879 1888/1/3879
f 2617/1/3880 2421/1/3880 2749/1/3880
f 1947/1/3881 1970/1/3881 2094/1/3881
f 2627/1/3882 2416/1/3882 2391/1/3882
f 1293/1/3883 2486/1/3883 2737/1/3883
f 486/1/3884 1016/1/3884 3277/1/3884
f 2207/1/3885 2562/1/3885 1152/1/3885
f 943/1/3886 3139/1/3886 1035/1/3886
f 2510/1/3887 1835/1/3887 2554/1/3887
f 3139/1/3888 2214/1/3888 2521/1/3888
f 2170/1/3889 1851/1/3889 1183/1/3889
f 855/1/3890 875/1/3890 867/1/3890
f 2996/1/3891 1656/1/3891 2187/1/3891
f 1501/1/3892 2016/1/3892 1523/1/3892
f 2676/1/3893 2940/1/3893 2941/1/3893
f 1564/1/3894 3088/1/3894 2196/1/3894
f 1409/1/3895 2985/1/3895 2984/1/3895
f 1251/1/3896 1327/1/3896 1189/1/3896
f 596/1/3897 2744/1/3897 1000/1/3897
f 1945/1/3898 3186/1/3898 1772/1/3898
f 1347/1/3899 2420/1/3899 2876/1/3899
f 2495/1/3900 2709/1/3900 1504/1/3900
f 2371/1/3901 2523/1/3901 1612/1/3901
f 1877/1/3902 2397/1/3902 2779/1/3902
f 2559/1/3903 3302/1/3903 2234/1/3903
f 1978/1/3904 2029/1/3904 1346/1/3904
f 2473/1/3905 3249/1/3905 2190/1/3905
f 379/1/3906 493/1/3906 6/1/3906
f 2215/1/3907 2545/1/3907 1200/1/3907
f 1320/1/3908 2860/1/3908 863/1/3908
f 914/1/3909 816/1/3909 2840/1/3909
f 3286/1/3910 2598/1/3910 1033/1/3910
f 1641/1/3911 189/1/3911 451/1/3911
f 2358/1/3912 2130/1/3912 502/1/3912
f 2502/1/3913 2147/1/3913 2140/1/3913
f 346/1/3914 350/1/3914 434/1/3914
f 908/1/3915 2542/1/3915 865/1/3915
f 2413/1/3916 2018/1/3916 2667/1/3916
f 405/1/3917 1880/1/3917 3176/1/3917
f 2402/1/3918 2547/1/3918 2416/1/3918
f 2402/1/3919 1367/1/3919 1423/1/3919
f 1434/1/3920 2647/1/3920 1323/1/3920
f 918/1/3921 2356/1/3921 2854/1/3921
f 1734/1/3922 1647/1/3922 1878/1/3922
f 1608/1/3923 1896/1/3923 2602/1/3923
f 2492/1/3924 1994/1/3924 1551/1/3924
f 2107/1/3925 1556/1/3925 2047/1/3925
f 1511/1/3926 1737/1/3926 1713/1/3926
f 2536/1/3927 2084/1/3927 2280/1/3927
f 1794/1/3928 3186/1/3928 1945/1/3928
f 2218/1/3929 2168/1/3929 2025/1/3929
f 2527/1/3930 2920/1/3930 2706/1/3930
f 887/1/3931 1167/1/3931 1770/1/3931
f 93/1/3932 811/1/3932 1195/1/3932
f 3132/1/3933 2281/1/3933 2388/1/3933
f 232/1/3934 2151/1/3934 254/1/3934
f 337/1/3935 3199/1/3935 2386/1/3935
f 1673/1/3936 1777/1/3936 2343/1/3936
f 1058/1/1933 2216/1/1933 1115/1/1933
f 380/1/3937 2293/1/3937 791/1/3937
f 1037/1/3938 2642/1/3938 2073/1/3938
f 1906/1/3939 3256/1/3939 1574/1/3939
f 1793/1/3940 2088/1/3940 1276/1/3940
f 1709/1/3941 1932/1/3941 2299/1/3941
f 2886/1/3942 2887/1/3942 2881/1/3942
f 2025/1/3943 2168/1/3943 1743/1/3943
f 3236/1/3944 1709/1/3944 2299/1/3944
f 2380/1/3945 2775/1/3945 1168/1/3945
f 378/1/3946 3116/1/3946 724/1/3946
f 1726/1/3947 293/1/3947 1818/1/3947
f 63/1/3948 59/1/3948 2471/1/3948
f 2085/1/3949 1379/1/3949 1721/1/3949
f 1800/1/3950 1536/1/3950 1964/1/3950
f 1552/1/3951 2862/1/3951 2390/1/3951
f 410/1/3952 590/1/3952 319/1/3952
f 1694/1/3953 3003/1/3953 2673/1/3953
f 1511/1/3954 1802/1/3954 1737/1/3954
f 2618/1/3955 2738/1/3955 1593/1/3955
f 825/1/3956 2522/1/3956 2634/1/3956
f 2130/1/3957 1722/1/3957 2362/1/3957
f 2878/1/3958 3183/1/3958 1521/1/3958
f 1596/1/3959 2667/1/3959 2297/1/3959
f 1652/1/3960 2490/1/3960 2355/1/3960
f 2107/1/3961 2186/1/3961 2363/1/3961
f 2696/1/3962 1993/1/3962 2609/1/3962
f 2529/1/3963 866/1/3963 1840/1/3963
f 249/1/3964 2227/1/3964 2151/1/3964
f 2525/1/3965 2593/1/3965 2152/1/3965
f 633/1/3966 123/1/3966 584/1/3966
f 2161/1/3967 2747/1/3967 1738/1/3967
f 1573/1/3968 3012/1/3968 1571/1/3968
f 1720/1/3969 501/1/3969 329/1/3969
f 1631/1/3970 1449/1/3970 812/1/3970
f 2217/1/3971 948/1/3971 2325/1/3971
f 1232/1/3972 818/1/3972 1055/1/3972
f 1968/1/3973 21/1/3973 983/1/3973
f 1694/1/3974 2817/1/3974 2114/1/3974
f 2537/1/3975 1747/1/3975 3228/1/3975
f 1783/1/3976 1822/1/3976 2318/1/3976
f 2483/1/3977 3303/1/3977 2716/1/3977
f 2321/1/3978 3004/1/3978 2673/1/3978
f 773/1/3979 776/1/3979 1215/1/3979
f 2704/1/3980 2934/1/3980 2656/1/3980
f 1438/1/3981 1696/1/3981 2781/1/3981
f 2452/1/3982 2999/1/3982 1512/1/3982
f 2879/1/3983 3250/1/3983 2718/1/3983
f 2076/1/3984 2096/1/3984 1686/1/3984
f 962/1/3985 906/1/3985 942/1/3985
f 1656/1/3986 2997/1/3986 2187/1/3986
f 3099/1/3987 3092/1/3987 3091/1/3987
f 812/1/3988 2846/1/3988 2807/1/3988
f 215/1/3989 195/1/3989 210/1/3989
f 479/1/3990 593/1/3990 20/1/3990
f 2738/1/3991 2618/1/3991 2047/1/3991
f 2398/1/3992 2494/1/3992 1878/1/3992
f 3249/1/3993 2297/1/3993 1628/1/3993
f 410/1/3994 319/1/3994 3208/1/3994
f 2696/1/3995 3157/1/3995 2023/1/3995
f 188/1/3996 507/1/3996 3175/1/3996
f 2515/1/3997 2430/1/3997 1302/1/3997
f 2338/1/3998 3192/1/3998 2411/1/3998
f 2140/1/3999 1631/1/3999 2502/1/3999
f 2050/1/4000 1878/1/4000 1647/1/4000
f 392/1/4001 2532/1/4001 1784/1/4001
f 1306/1/4002 2087/1/4002 1353/1/4002
f 1003/1/4003 2827/1/4003 2483/1/4003
f 1958/1/4004 2496/1/4004 1719/1/4004
f 2576/1/4005 1639/1/4005 1736/1/4005
f 1812/1/4006 2047/1/4006 1556/1/4006
f 926/1/4007 462/1/4007 1903/1/4007
f 3097/1/1933 1058/1/1933 1115/1/1933
f 1756/1/4008 2774/1/4008 1330/1/4008
f 1951/1/4009 1679/1/4009 1448/1/4009
f 2025/1/4010 2058/1/4010 2218/1/4010
f 481/1/4011 2372/1/4011 3260/1/4011
f 2228/1/4012 2412/1/4012 2160/1/4012
f 2497/1/4013 1945/1/4013 1772/1/4013
f 414/1/4014 796/1/4014 650/1/4014
f 1672/1/4015 2296/1/4015 2699/1/4015
f 960/1/4016 2927/1/4016 1895/1/4016
f 2324/1/4017 2609/1/4017 845/1/4017
f 1761/1/4018 2106/1/4018 2499/1/4018
f 3039/1/4019 2612/1/4019 2264/1/4019
f 1539/1/4020 1690/1/4020 1537/1/4020
f 3256/1/4021 1841/1/4021 1574/1/4021
f 964/1/4022 2777/1/4022 1652/1/4022
f 1878/1/4023 2050/1/4023 2398/1/4023
f 1933/1/4024 1588/1/4024 999/1/4024
f 1091/1/4025 1019/1/4025 1590/1/4025
f 1508/1/4026 911/1/4026 1503/1/4026
f 283/1/4027 2427/1/4027 282/1/4027
f 2225/1/4028 2363/1/4028 1511/1/4028
f 438/1/4029 56/1/4029 3203/1/4029
f 1329/1/4030 2864/1/4030 1259/1/4030
f 981/1/4031 2803/1/4031 2178/1/4031
f 1563/1/4032 1423/1/4032 1367/1/4032
f 2111/1/4033 2575/1/4033 1520/1/4033
f 2115/1/4034 2515/1/4034 1374/1/4034
f 2796/1/4035 3213/1/4035 1285/1/4035
f 1623/1/4036 2821/1/4036 1482/1/4036
f 2551/1/4037 2708/1/4037 1451/1/4037
f 3046/1/4038 2612/1/4038 2798/1/4038
f 1566/1/4039 3006/1/4039 2857/1/4039
f 138/1/4040 3154/1/4040 3168/1/4040
f 2237/1/4041 157/1/4041 169/1/4041
f 2398/1/4042 1864/1/4042 2644/1/4042
f 2004/1/4043 2694/1/4043 1534/1/4043
f 2521/1/4044 2477/1/4044 944/1/4044
f 2739/1/4045 3060/1/4045 814/1/4045
f 2774/1/4046 1846/1/4046 1330/1/4046
f 2927/1/4047 2465/1/4047 2057/1/4047
f 1914/1/4048 869/1/4048 933/1/4048
f 2222/1/4049 10/1/4049 2819/1/4049
f 2340/1/4050 13/1/4050 130/1/4050
f 921/1/4051 1260/1/4051 2330/1/4051
f 2617/1/4052 2329/1/4052 813/1/4052
f 2606/1/4053 2394/1/4053 1296/1/4053
f 2609/1/4054 2324/1/4054 2812/1/4054
f 2253/1/4055 1106/1/4055 1006/1/4055
f 2806/1/4056 2391/1/4056 2552/1/4056
f 837/1/4057 2459/1/4057 2560/1/4057
f 1709/1/4058 3236/1/4058 1967/1/4058
f 3237/1/4059 1964/1/4059 1724/1/4059
f 2496/1/4060 1958/1/4060 2847/1/4060
f 924/1/4061 2906/1/4061 985/1/4061
f 2538/1/4062 1693/1/4062 1972/1/4062
f 1334/1/4063 1251/1/4063 1315/1/4063
f 3172/1/4064 1801/1/4064 2294/1/4064
f 2350/1/4065 1832/1/4065 2369/1/4065
f 1332/1/4066 1207/1/4066 2688/1/4066
f 2725/1/4067 489/1/4067 1496/1/4067
f 544/1/4068 1033/1/4068 3265/1/4068
f 2597/1/4069 3262/1/4069 1785/1/4069
f 849/1/4070 2311/1/4070 2404/1/4070
f 2363/1/4071 2284/1/4071 1741/1/4071
f 331/1/4072 11/1/4072 3210/1/4072
f 834/1/4073 2703/1/4073 1664/1/4073
f 933/1/4074 1868/1/4074 851/1/4074
f 1130/1/4075 665/1/4075 468/1/4075
f 802/1/4076 2282/1/4076 2364/1/4076
f 1971/1/4077 1843/1/4077 3197/1/4077
f 1606/1/4078 2204/1/4078 1785/1/4078
f 1687/1/4079 2928/1/4079 2921/1/4079
f 2612/1/4038 3039/1/4038 2798/1/4038
f 1103/1/4080 833/1/4080 1095/1/4080
f 3286/1/4081 553/1/4081 557/1/4081
f 1657/1/4082 1363/1/4082 2423/1/4082
f 2770/1/4083 1734/1/4083 1779/1/4083
f 1831/1/4084 244/1/4084 286/1/4084
f 2243/1/4085 1837/1/4085 1444/1/4085
f 2334/1/4086 2401/1/4086 2484/1/4086
f 1411/1/4087 1342/1/4087 1323/1/4087
f 1592/1/4088 2859/1/4088 1839/1/4088
f 2498/1/4089 2352/1/4089 1525/1/4089
f 3145/1/4090 944/1/4090 2051/1/4090
f 1746/1/4091 2242/1/4091 2355/1/4091
f 1717/1/4092 2220/1/4092 1799/1/4092
f 1702/1/4093 3206/1/4093 2730/1/4093
f 1868/1/4094 866/1/4094 851/1/4094
f 2720/1/4095 2386/1/4095 1891/1/4095
f 1631/1/4096 2140/1/4096 2304/1/4096
f 1501/1/4097 1516/1/4097 1358/1/4097
f 2609/1/4098 837/1/4098 2560/1/4098
f 407/1/4099 318/1/4099 740/1/4099
f 2183/1/4038 3046/1/4038 2798/1/4038
f 1639/1/4100 2007/1/4100 1736/1/4100
f 3182/1/4101 423/1/4101 2238/1/4101
f 149/1/4102 2756/1/4102 447/1/4102
f 1995/1/4103 1210/1/4103 2783/1/4103
f 930/1/4104 2516/1/4104 816/1/4104
f 2489/1/4105 3178/1/4105 1949/1/4105
f 2516/1/4106 930/1/4106 3059/1/4106
f 2749/1/4107 1951/1/4107 2329/1/4107
f 2614/1/4108 2570/1/4108 2770/1/4108
f 860/1/4109 189/1/4109 894/1/4109
f 2728/1/4110 2126/1/4110 1568/1/4110
f 2533/1/4111 2336/1/4111 1489/1/4111
f 1470/1/4112 1605/1/4112 2742/1/4112
f 2747/1/4113 2161/1/4113 1593/1/4113
f 3165/1/4114 2868/1/4114 1840/1/4114
f 2230/1/4115 1884/1/4115 2389/1/4115
f 1061/1/4116 2783/1/4116 1400/1/4116
f 3228/1/4117 1972/1/4117 1693/1/4117
f 1725/1/4118 997/1/4118 2803/1/4118
f 1900/1/4119 2402/1/4119 2416/1/4119
f 1240/1/4120 2056/1/4120 3148/1/4120
f 1145/1/4121 2863/1/4121 1189/1/4121
f 1799/1/4122 2625/1/4122 1449/1/4122
f 1337/1/4123 996/1/4123 2657/1/4123
f 2193/1/4124 2590/1/4124 2825/1/4124
f 896/1/4125 1892/1/4125 1888/1/4125
f 1262/1/4126 1370/1/4126 1288/1/4126
f 384/1/4127 2799/1/4127 2178/1/4127
f 2044/1/4128 2522/1/4128 2366/1/4128
f 3172/1/4129 2484/1/4129 1801/1/4129
f 2772/1/4130 3165/1/4130 845/1/4130
f 3081/1/4131 1014/1/4131 1010/1/4131
f 2241/1/4132 1761/1/4132 2499/1/4132
f 909/1/4133 1029/1/4133 1828/1/4133
f 1577/1/4134 2772/1/4134 845/1/4134
f 1619/1/4135 2070/1/4135 1862/1/4135
f 188/1/4136 3175/1/4136 573/1/4136
f 1398/1/4137 1999/1/4137 863/1/4137
f 884/1/4138 804/1/4138 75/1/4138
f 2749/1/4139 2304/1/4139 2140/1/4139
f 2045/1/4140 3229/1/4140 2096/1/4140
f 3267/1/4141 1263/1/4141 1264/1/4141
f 1560/1/4142 1740/1/4142 1721/1/4142
f 2653/1/4143 3283/1/4143 994/1/4143
f 2045/1/4144 1810/1/4144 2822/1/4144
f 3262/1/4145 1606/1/4145 1785/1/4145
f 2874/1/4146 1060/1/4146 2873/1/4146
f 2436/1/4147 1942/1/4147 2535/1/4147
f 1114/1/4148 1834/1/4148 725/1/4148
f 1904/1/4149 2024/1/4149 1489/1/4149
f 2537/1/4150 3228/1/4150 1781/1/4150
f 1605/1/4151 1470/1/4151 1281/1/4151
f 2691/1/4152 1864/1/4152 2552/1/4152
f 76/1/4153 913/1/4153 977/1/4153
f 2170/1/4154 1413/1/4154 1851/1/4154
f 2528/1/4155 951/1/4155 960/1/4155
f 2580/1/4156 2403/1/4156 2627/1/4156
f 1837/1/4157 1411/1/4157 888/1/4157
f 432/1/4158 2835/1/4158 69/1/4158
f 2582/1/4159 3241/1/4159 1556/1/4159
f 2106/1/4160 1955/1/4160 2200/1/4160
f 129/1/4161 3120/1/4161 2569/1/4161
f 1756/1/4162 1961/1/4162 2179/1/4162
f 2027/1/4163 1766/1/4163 2478/1/4163
f 2058/1/4164 1550/1/4164 2366/1/4164
f 325/1/4165 2482/1/4165 1001/1/4165
f 2719/1/4166 1349/1/4166 1295/1/4166
f 1486/1/4167 1430/1/4167 2784/1/4167
f 1802/1/4168 1804/1/4168 1865/1/4168
f 2255/1/4169 2252/1/4169 964/1/4169
f 3256/1/4170 1906/1/4170 2069/1/4170
f 2582/1/4171 2675/1/4171 2414/1/4171
f 974/1/4172 2840/1/4172 968/1/4172
f 2474/1/4173 1126/1/4173 927/1/4173
f 2362/1/4174 2323/1/4174 2106/1/4174
f 1713/1/4175 2757/1/4175 2225/1/4175
f 1748/1/4176 2463/1/4176 2214/1/4176
f 164/1/4177 157/1/4177 2237/1/4177
f 1535/1/4178 1621/1/4178 1133/1/4178
f 1810/1/4179 2538/1/4179 1972/1/4179
f 1842/1/4180 2123/1/4180 1580/1/4180
f 864/1/4181 2269/1/4181 2752/1/4181
f 2085/1/4182 1764/1/4182 2078/1/4182
f 903/1/4183 3151/1/4183 962/1/4183
f 2386/1/4184 1760/1/4184 2824/1/4184
f 2078/1/4185 2387/1/4185 1552/1/4185
f 1685/1/4186 2186/1/4186 2546/1/4186
f 1766/1/4187 2027/1/4187 2490/1/4187
f 315/1/4188 694/1/4188 352/1/4188
f 2780/1/4189 2206/1/4189 2247/1/4189
f 2123/1/4190 1842/1/4190 1494/1/4190
f 1560/1/4191 1765/1/4191 1384/1/4191
f 918/1/4192 2854/1/4192 2604/1/4192
f 3165/1/4193 2038/1/4193 2812/1/4193
f 900/1/4194 2860/1/4194 1302/1/4194
f 2462/1/4195 1688/1/4195 839/1/4195
f 1577/1/4196 797/1/4196 805/1/4196
f 1959/1/4197 2863/1/4197 2067/1/4197
f 1551/1/4198 1788/1/4198 2255/1/4198
f 2477/1/4199 2051/1/4199 944/1/4199
f 311/1/4200 348/1/4200 313/1/4200
f 2630/1/4201 1864/1/4201 2547/1/4201
f 1617/1/4202 2849/1/4202 1677/1/4202
f 2026/1/4203 874/1/4203 962/1/4203
f 2340/1/4204 808/1/4204 192/1/4204
f 379/1/4205 6/1/4205 3210/1/4205
f 105/1/4206 2454/1/4206 1867/1/4206
f 1672/1/4207 2313/1/4207 2367/1/4207
f 1063/1/4208 2554/1/4208 1835/1/4208
f 3226/1/4209 327/1/4209 2406/1/4209
f 2574/1/4210 1952/1/4210 2445/1/4210
f 2430/1/4211 1415/1/4211 1287/1/4211
f 2997/1/4212 2116/1/4212 2187/1/4212
f 2473/1/4213 2190/1/4213 1688/1/4213
f 423/1/4214 2276/1/4214 1755/1/4214
f 1660/1/4215 2000/1/4215 1609/1/4215
f 989/1/4216 800/1/4216 805/1/4216
f 2921/1/4217 2751/1/4217 1687/1/4217
f 1530/1/4218 1793/1/4218 1276/1/4218
f 2222/1/4219 314/1/4219 301/1/4219
f 1670/1/4220 2189/1/4220 1616/1/4220
f 2618/1/4221 2546/1/4221 2047/1/4221
f 2281/1/4222 2555/1/4222 2388/1/4222
f 3234/1/4223 2268/1/4223 2266/1/4223
f 2493/1/4224 2639/1/4224 2011/1/4224
f 34/1/4225 3196/1/4225 1983/1/4225
f 1820/1/4226 1079/1/4226 1455/1/4226
f 2543/1/4227 1384/1/4227 1765/1/4227
f 1018/1/4228 2542/1/4228 2711/1/4228
f 1950/1/4229 3166/1/4229 2272/1/4229
f 961/1/4230 3145/1/4230 2051/1/4230
f 2462/1/4231 3256/1/4231 2777/1/4231
f 2164/1/4232 3200/1/4232 2323/1/4232
f 143/1/4233 164/1/4233 512/1/4233
f 2421/1/4234 1799/1/4234 2304/1/4234
f 874/1/4235 906/1/4235 962/1/4235
f 2373/1/4236 2363/1/4236 2186/1/4236
f 2720/1/4237 2384/1/4237 1760/1/4237
f 733/1/4238 2544/1/4238 78/1/4238
f 2996/1/4239 2187/1/4239 2989/1/4239
f 2604/1/4240 933/1/4240 869/1/4240
f 2784/1/4241 1939/1/4241 1916/1/4241
f 1466/1/4242 1342/1/4242 2213/1/4242
f 497/1/4243 347/1/4243 2468/1/4243
f 405/1/4244 592/1/4244 2053/1/4244
f 101/1/4245 647/1/4245 566/1/4245
f 395/1/4246 1905/1/4246 9/1/4246
f 1479/1/4247 1433/1/4247 1712/1/4247
f 2161/1/4248 2262/1/4248 1534/1/4248
f 2496/1/4249 570/1/4249 1561/1/4249
f 2377/1/4250 2193/1/4250 1401/1/4250
f 512/1/4251 233/1/4251 513/1/4251
f 2459/1/4252 829/1/4252 2560/1/4252
f 1967/1/4253 2400/1/4253 1977/1/4253
f 2122/1/4254 1251/1/4254 2566/1/4254
f 681/1/4255 3112/1/4255 684/1/4255
f 887/1/4256 1478/1/4256 950/1/4256
f 906/1/4257 874/1/4257 2325/1/4257
f 2220/1/4258 2003/1/4258 2634/1/4258
f 875/1/4259 855/1/4259 2393/1/4259
f 1009/1/4260 2810/1/4260 900/1/4260
f 2858/1/4261 875/1/4261 2393/1/4261
f 1240/1/4262 1692/1/4262 1203/1/4262
f 188/1/4263 510/1/4263 397/1/4263
f 2114/1/4264 1707/1/4264 1694/1/4264
f 2414/1/4265 570/1/4265 266/1/4265
f 135/1/4266 1154/1/4266 1318/1/4266
f 2657/1/4267 1491/1/4267 1348/1/4267
f 3197/1/4268 14/1/4268 2173/1/4268
f 2753/1/4269 375/1/4269 1586/1/4269
f 2381/1/4270 2516/1/4270 3059/1/4270
f 2081/1/4271 1832/1/4271 2488/1/4271
f 2749/1/4272 2421/1/4272 2304/1/4272
f 477/1/4273 2793/1/4273 114/1/4273
f 2613/1/4274 1327/1/4274 2122/1/4274
f 1728/1/4275 3249/1/4275 2032/1/4275
f 862/1/4276 884/1/4276 873/1/4276
f 114/1/4277 3267/1/4277 1264/1/4277
f 1182/1/4278 1321/1/4278 2031/1/4278
f 1241/1/4279 1622/1/4279 1452/1/4279
f 1766/1/4280 2490/1/4280 2069/1/4280
f 1851/1/4281 2435/1/4281 1048/1/4281
f 3133/1/3886 2028/1/3886 1035/1/3886
f 1433/1/4282 1152/1/4282 1400/1/4282
f 2564/1/4283 1335/1/4283 2444/1/4283
f 1328/1/4284 2790/1/4284 1375/1/4284
f 34/1/4285 343/1/4285 1879/1/4285
f 22/1/4286 2406/1/4286 2346/1/4286
f 2097/1/4287 3010/1/4287 2159/1/4287
f 1325/1/4288 2643/1/4288 1909/1/4288
f 2612/1/4019 3046/1/4019 2264/1/4019
f 1294/1/4289 2144/1/4289 2374/1/4289
f 2116/1/4290 2990/1/4290 2187/1/4290
f 925/1/4291 842/1/4291 2119/1/4291
f 2695/1/4292 2169/1/4292 904/1/4292
f 2538/1/4293 2096/1/4293 2076/1/4293
f 1732/1/4294 1032/1/4294 2039/1/4294
f 1321/1/4295 1819/1/4295 1210/1/4295
f 1701/1/4296 2065/1/4296 2299/1/4296
f 2346/1/4297 327/1/4297 393/1/4297
f 1150/1/4298 508/1/4298 871/1/4298
f 2823/1/4299 1729/1/4299 2334/1/4299
f 1870/1/4300 3225/1/4300 1749/1/4300
f 515/1/4301 528/1/4301 504/1/4301
f 2204/1/4302 1613/1/4302 2311/1/4302
f 2068/1/4303 1631/1/4303 2807/1/4303
f 2502/1/4304 2068/1/4304 2686/1/4304
f 3237/1/4305 2588/1/4305 1558/1/4305
f 2941/1/4306 979/1/4306 2676/1/4306
f 1810/1/4307 2045/1/4307 2096/1/4307
f 3264/1/4308 2138/1/4308 537/1/4308
f 2870/1/4309 1410/1/4309 2635/1/4309
f 2875/1/4310 1228/1/4310 1184/1/4310
f 864/1/4311 2771/1/4311 1872/1/4311
f 2221/1/4312 3006/1/4312 2012/1/4312
f 2559/1/4313 1049/1/4313 2239/1/4313
f 2574/1/4314 1786/1/4314 2759/1/4314
f 1735/1/4315 2567/1/4315 2092/1/4315
f 1315/1/4316 1251/1/4316 2202/1/4316
f 1025/1/4317 3303/1/4317 2446/1/4317
f 2210/1/4318 2748/1/4318 2540/1/4318
f 1522/1/4319 1487/1/4319 1220/1/4319
f 2349/1/4320 1650/1/4320 2498/1/4320
f 2755/1/4321 3012/1/4321 1573/1/4321
f 2538/1/4322 2076/1/4322 1693/1/4322
f 2706/1/4323 1583/1/4323 2328/1/4323
f 2340/1/4324 3164/1/4324 475/1/4324
f 544/1/4325 3265/1/4325 795/1/4325
f 3311/1/4326 15/1/4326 417/1/4326
f 1725/1/4327 895/1/4327 2077/1/4327
f 2761/1/4328 271/1/4328 1743/1/4328
f 151/1/4329 404/1/4329 230/1/4329
f 2313/1/4330 1672/1/4330 1581/1/4330
f 1631/1/4331 2304/1/4331 1449/1/4331
f 3262/1/4332 1659/1/4332 865/1/4332
f 1892/1/4333 896/1/4333 2529/1/4333
f 1980/1/4334 2690/1/4334 1555/1/4334
f 1027/1/4335 1074/1/4335 3126/1/4335
f 1221/1/4336 827/1/4336 1636/1/4336
f 1812/1/4337 3241/1/4337 1738/1/4337
f 2591/1/3381 3012/1/3381 2154/1/3381
f 2699/1/4338 2524/1/4338 2162/1/4338
f 2849/1/4339 1617/1/4339 3257/1/4339
f 1390/1/4340 1274/1/4340 1667/1/4340
f 3007/1/4341 2221/1/4341 2012/1/4341
f 1500/1/4342 2926/1/4342 2269/1/4342
f 882/1/4343 460/1/4343 1532/1/4343
f 643/1/4344 585/1/4344 629/1/4344
f 2089/1/4345 1825/1/4345 3171/1/4345
f 3179/1/4346 1448/1/4346 1779/1/4346
f 3193/1/4347 1563/1/4347 1367/1/4347
f 285/1/4348 2581/1/4348 276/1/4348
f 1921/1/4349 1439/1/4349 1286/1/4349
f 3013/1/4350 1919/1/4350 1571/1/4350
f 1970/1/4351 3004/1/4351 2094/1/4351
f 824/1/4352 1841/1/4352 839/1/4352
f 1648/1/4353 1427/1/4353 1328/1/4353
f 290/1/4354 3204/1/4354 2441/1/4354
f 1658/1/4355 616/1/4355 1815/1/4355
f 3274/1/4356 1924/1/4356 2234/1/4356
f 1587/1/4357 2013/1/4357 2062/1/4357
f 2599/1/4358 2711/1/4358 1395/1/4358
f 2306/1/4359 1777/1/4359 393/1/4359
f 1606/1/4360 3262/1/4360 865/1/4360
f 3013/1/4361 1392/1/4361 1553/1/4361
f 976/1/4362 2461/1/4362 1069/1/4362
f 1032/1/4363 2420/1/4363 2396/1/4363
f 2005/1/4364 1980/1/4364 1504/1/4364
f 1548/1/4365 2637/1/4365 2871/1/4365
f 1370/1/4366 1262/1/4366 2254/1/4366
f 2513/1/4367 855/1/4367 867/1/4367
f 2927/1/4368 951/1/4368 2465/1/4368
f 1793/1/4369 1476/1/4369 2851/1/4369
f 252/1/4370 246/1/4370 1683/1/4370
f 2581/1/4371 1881/1/4371 3191/1/4371
f 475/1/4372 1680/1/4372 13/1/4372
f 2087/1/4373 1417/1/4373 2371/1/4373
f 2420/1/4374 2878/1/4374 2396/1/4374
f 2528/1/4375 2449/1/4375 929/1/4375
f 432/1/4376 18/1/4376 301/1/4376
f 489/1/4377 3273/1/4377 2698/1/4377
f 431/1/4378 2335/1/4378 399/1/4378
f 1849/1/4379 2100/1/4379 2415/1/4379
f 3129/1/4380 673/1/4380 710/1/4380
f 1961/1/4381 2794/1/4381 2685/1/4381
f 10/1/4382 2668/1/4382 2819/1/4382
f 1319/1/4383 1470/1/4383 2687/1/4383
f 3184/1/4384 264/1/4384 274/1/4384
f 1688/1/4385 2190/1/4385 1628/1/4385
f 2018/1/4386 2413/1/4386 2758/1/4386
f 3181/1/4387 362/1/4387 339/1/4387
f 1890/1/4388 2997/1/4388 1656/1/4388
f 738/1/4389 94/1/4389 1658/1/4389
f 64/1/4390 3196/1/4390 163/1/4390
f 809/1/4391 939/1/4391 581/1/4391
f 2160/1/4392 1683/1/4392 2257/1/4392
f 1311/1/4393 1419/1/4393 1461/1/4393
f 2307/1/4394 2667/1/4394 241/1/4394
f 523/1/4395 831/1/4395 1194/1/4395
f 2576/1/4396 1736/1/4396 2822/1/4396
f 3119/1/4397 370/1/4397 1091/1/4397
f 480/1/4398 1213/1/4398 443/1/4398
f 1536/1/4399 1800/1/4399 2370/1/4399
f 2204/1/4400 2487/1/4400 1785/1/4400
f 1525/1/4401 2108/1/4401 1514/1/4401
f 2705/1/4402 1629/1/4402 2069/1/4402
f 403/1/4403 388/1/4403 401/1/4403
f 2705/1/4404 1906/1/4404 1574/1/4404
f 2997/1/4405 1640/1/4405 1546/1/4405
f 633/1/4406 1101/1/4406 123/1/4406
f 3221/1/4407 2125/1/4407 2743/1/4407
f 1392/1/4408 3013/1/4408 1571/1/4408
f 2084/1/4409 1538/1/4409 1539/1/4409
f 961/1/4410 2467/1/4410 3145/1/4410
f 1233/1/4411 1228/1/4411 2579/1/4411
f 1803/1/4412 2014/1/4412 2732/1/4412
f 1093/1/4413 602/1/4413 1197/1/4413
f 1756/1/4414 2344/1/4414 2149/1/4414
f 2174/1/4415 3263/1/4415 1613/1/4415
f 2649/1/4416 2681/1/4416 2061/1/4416
f 2329/1/4417 3179/1/4417 2294/1/4417
f 2826/1/4418 1491/1/4418 1995/1/4418
f 1500/1/4419 1927/1/4419 2565/1/4419
f 2438/1/4420 2851/1/4420 1476/1/4420
f 2623/1/4421 3191/1/4421 1881/1/4421
f 268/1/4422 3184/1/4422 276/1/4422
f 1403/1/4423 928/1/4423 1045/1/4423
f 2356/1/4424 2132/1/4424 829/1/4424
f 1517/1/4425 2134/1/4425 2564/1/4425
f 2596/1/4426 1937/1/4426 1593/1/4426
f 2862/1/4427 1552/1/4427 3192/1/4427
f 506/1/4428 397/1/4428 391/1/4428
f 1226/1/4429 2291/1/4429 1901/1/4429
f 1207/1/4430 2805/1/4430 2213/1/4430
f 2416/1/4431 2552/1/4431 2391/1/4431
f 2115/1/4432 2856/1/4432 1351/1/4432
f 2802/1/4433 1648/1/4433 1344/1/4433
f 2390/1/4434 2078/1/4434 1552/1/4434
f 3236/1/4435 2065/1/4435 1719/1/4435
f 2023/1/4436 2282/1/4436 1993/1/4436
f 1464/1/4437 2518/1/4437 787/1/4437
f 2344/1/4438 2968/1/4438 2149/1/4438
f 2770/1/4439 2139/1/4439 2614/1/4439
f 1952/1/4440 2574/1/4440 2103/1/4440
f 2032/1/4441 2004/1/4441 1534/1/4441
f 2367/1/4442 2425/1/4442 2094/1/4442
f 3195/1/4443 394/1/4443 320/1/4443
f 3199/1/4444 1773/1/4444 2361/1/4444
f 1861/1/4445 2069/1/4445 2490/1/4445
f 1696/1/4446 1438/1/4446 1102/1/4446
f 2268/1/4447 1829/1/4447 362/1/4447
f 1154/1/4448 135/1/4448 2165/1/4448
f 1790/1/4449 1457/1/4449 2727/1/4449
f 1377/1/4450 1271/1/4450 1273/1/4450
f 1316/1/4451 1978/1/4451 1233/1/4451
f 961/1/4452 842/1/4452 1527/1/4452
f 2096/1/4453 3229/1/4453 1686/1/4453
f 1188/1/4454 2380/1/4454 1168/1/4454
f 1516/1/4455 2983/1/4455 1358/1/4455
f 2132/1/4456 2820/1/4456 2560/1/4456
f 2810/1/4457 2860/1/4457 900/1/4457
f 800/1/4458 3164/1/4458 805/1/4458
f 2738/1/4459 1812/1/4459 1738/1/4459
f 236/1/4460 980/1/4460 2682/1/4460
f 1237/1/4461 2867/1/4461 2351/1/4461
f 1629/1/4462 1766/1/4462 2069/1/4462
f 2205/1/4463 2694/1/4463 2701/1/4463
f 3038/1/2001 821/1/2001 3039/1/2001
f 724/1/4464 1153/1/4464 517/1/4464
f 2201/1/4465 866/1/4465 2529/1/4465
f 1572/1/4466 1748/1/4466 2700/1/4466
f 2436/1/4467 2920/1/4467 990/1/4467
f 1414/1/4468 2989/1/4468 2990/1/4468
f 1945/1/3928 2494/1/3928 1794/1/3928
f 1345/1/4469 2575/1/4469 1524/1/4469
f 1037/1/4470 2229/1/4470 2113/1/4470
f 2562/1/4471 2715/1/4471 1429/1/4471
f 1200/1/4472 1913/1/4472 2476/1/4472
f 1205/1/4473 2475/1/4473 2072/1/4473
f 828/1/4474 2086/1/4474 2440/1/4474
f 2465/1/4475 2655/1/4475 2057/1/4475
f 2084/1/4476 1539/1/4476 1537/1/4476
f 1424/1/4477 2568/1/4477 1330/1/4477
f 1534/1/4478 2596/1/4478 2161/1/4478
f 2626/1/4479 2913/1/4479 985/1/4479
f 1872/1/4480 2771/1/4480 982/1/4480
f 1707/1/4481 3003/1/4481 1694/1/4481
f 1872/1/4482 2927/1/4482 2269/1/4482
f 216/1/4483 59/1/4483 2289/1/4483
f 1458/1/4484 2874/1/4484 2875/1/4484
f 1541/1/4485 1372/1/4485 2108/1/4485
f 2663/1/4486 1306/1/4486 1353/1/4486
f 2260/1/4487 2563/1/4487 1843/1/4487
f 1337/1/4488 2611/1/4488 1502/1/4488
f 2655/1/4489 910/1/4489 2565/1/4489
f 859/1/4490 27/1/4490 1108/1/4490
f 2540/1/4491 2195/1/4491 2261/1/4491
f 2663/1/4492 1286/1/4492 1790/1/4492
f 2159/1/4493 2303/1/4493 2664/1/4493
f 1623/1/4494 1171/1/4494 2821/1/4494
f 2786/1/4495 2690/1/4495 2503/1/4495
f 2094/1/4496 3004/1/4496 2367/1/4496
f 558/1/4497 213/1/4497 2312/1/4497
f 3011/1/4498 1918/1/4498 2816/1/4498
f 2425/1/4499 2367/1/4499 1897/1/4499
f 2407/1/4500 1823/1/4500 284/1/4500
f 2162/1/4501 2303/1/4501 2689/1/4501
f 3005/1/4502 2313/1/4502 1581/1/4502
f 1462/1/4503 1866/1/4503 2219/1/4503
f 2982/1/4504 1442/1/4504 1414/1/4504
f 3237/1/4505 1558/1/4505 1964/1/4505
f 299/1/4506 376/1/4506 393/1/4506
f 2555/1/4507 2281/1/4507 2600/1/4507
f 2303/1/4508 2159/1/4508 2689/1/4508
f 2478/1/4509 1746/1/4509 2355/1/4509
f 3004/1/4510 2321/1/4510 2573/1/4510
f 1550/1/4511 2230/1/4511 2389/1/4511
f 1938/1/4512 812/1/4512 2625/1/4512
f 887/1/4513 1549/1/4513 1478/1/4513
f 1393/1/4514 2689/1/4514 1557/1/4514
f 2575/1/4515 2111/1/4515 2533/1/4515
f 3006/1/4516 1566/1/4516 2240/1/4516
f 2058/1/4517 2025/1/4517 3185/1/4517
f 1527/1/4518 874/1/4518 2026/1/4518
f 2153/1/4519 2684/1/4519 2208/1/4519
f 2776/1/4520 2401/1/4520 2433/1/4520
f 1399/1/4521 1323/1/4521 1404/1/4521
f 264/1/4522 246/1/4522 259/1/4522
f 3004/1/4523 2788/1/4523 2673/1/4523
f 906/1/4524 2553/1/4524 867/1/4524
f 2771/1/4525 864/1/4525 2752/1/4525
f 2021/1/4526 1667/1/4526 1671/1/4526
f 3226/1/4527 2306/1/4527 393/1/4527
f 2978/1/4528 1307/1/4528 2985/1/4528
f 1964/1/2702 1662/1/2702 1724/1/2702
f 2857/1/4529 3005/1/4529 1565/1/4529
f 2507/1/4530 2940/1/4530 2676/1/4530
f 2256/1/4531 1404/1/4531 1342/1/4531
f 1968/1/4532 984/1/4532 451/1/4532
f 3179/1/4533 1779/1/4533 1772/1/4533
f 2685/1/4534 2775/1/4534 1961/1/4534
f 2659/1/4535 2776/1/4535 1727/1/4535
f 2421/1/4536 1875/1/4536 2101/1/4536
f 2138/1/4537 539/1/4537 99/1/4537
f 975/1/4538 2181/1/4538 3289/1/4538
f 2679/1/4539 1657/1/4539 2423/1/4539
f 2553/1/4540 906/1/4540 2325/1/4540
f 2129/1/4541 1603/1/4541 1678/1/4541
f 1767/1/4542 952/1/4542 1978/1/4542
f 2240/1/4543 1569/1/4543 1571/1/4543
f 3166/1/4544 1914/1/4544 933/1/4544
f 322/1/4545 1827/1/4545 1858/1/4545
f 2650/1/4546 1558/1/4546 2588/1/4546
f 522/1/4547 2259/1/4547 2410/1/4547
f 2229/1/4548 2337/1/4548 2804/1/4548
f 2354/1/4549 1183/1/4549 1275/1/4549
f 2416/1/4550 2691/1/4550 2552/1/4550
f 1681/1/4551 219/1/4551 214/1/4551
f 2038/1/4552 3165/1/4552 1840/1/4552
f 3184/1/4553 270/1/4553 276/1/4553
f 1393/1/4554 2693/1/4554 2689/1/4554
f 1806/1/4555 2241/1/4555 2100/1/4555
f 2577/1/4556 1828/1/4556 2666/1/4556
f 368/1/4557 2244/1/4557 2369/1/4557
f 1854/1/4558 2357/1/4558 2471/1/4558
f 1326/1/4559 2977/1/4559 2678/1/4559
f 2690/1/4560 1980/1/4560 2503/1/4560
f 1630/1/4561 1141/1/4561 1807/1/4561
f 1136/1/4562 2450/1/4562 2443/1/4562
f 1618/1/4563 1902/1/4563 2754/1/4563
f 1653/1/4564 1361/1/4564 1523/1/4564
f 2545/1/4565 2215/1/4565 2616/1/4565
f 1559/1/4566 2080/1/4566 1102/1/4566
f 2570/1/4567 1734/1/4567 2770/1/4567
f 1774/1/4568 2203/1/4568 2370/1/4568
f 1151/1/4569 126/1/4569 508/1/4569
f 1925/1/4570 2184/1/4570 1301/1/4570
f 2879/1/4571 1994/1/4571 1677/1/4571
f 2210/1/4572 3011/1/4572 1388/1/4572
f 2286/1/4573 2312/1/4573 213/1/4573
f 2409/1/4574 2822/1/4574 1736/1/4574
f 1980/1/4575 2615/1/4575 1504/1/4575
f 1446/1/4576 1408/1/4576 1526/1/4576
f 1331/1/4577 1418/1/4577 2615/1/4577
f 1013/1/4578 2328/1/4578 2683/1/4578
f 1809/1/4579 270/1/4579 274/1/4579
f 1306/1/4580 2663/1/4580 2185/1/4580
f 1602/1/4581 1475/1/4581 1921/1/4581
f 2825/1/4582 1401/1/4582 2193/1/4582
f 1729/1/4583 1614/1/4583 2334/1/4583
f 2313/1/4584 3005/1/4584 2367/1/4584
f 2997/1/4585 1546/1/4585 2037/1/4585
f 3141/1/4586 3131/1/4586 2539/1/4586
f 2649/1/4587 2858/1/4587 2393/1/4587
f 2400/1/4588 1967/1/4588 1737/1/4588
f 1368/1/4589 1421/1/4589 1477/1/4589
f 2764/1/4590 2321/1/4590 2673/1/4590
f 2754/1/4591 2870/1/4591 2202/1/4591
f 2503/1/4592 1348/1/4592 2786/1/4592
f 1132/1/4593 1119/1/4593 1636/1/4593
f 2292/1/4594 241/1/4594 2667/1/4594
f 2842/1/4595 670/1/4595 1054/1/4595
f 3128/1/4596 636/1/4596 645/1/4596
f 2977/1/4597 1304/1/4597 2843/1/4597
f 2154/1/4598 3012/1/4598 1388/1/4598
f 2761/1/4599 267/1/4599 275/1/4599
f 1551/1/4600 2701/1/4600 2694/1/4600
f 1897/1/4601 3005/1/4601 1941/1/4601
f 1575/1/4602 1660/1/4602 1609/1/4602
f 1347/1/4603 1270/1/4603 1635/1/4603
f 2272/1/4604 3166/1/4604 851/1/4604
f 87/1/4605 1992/1/4605 2410/1/4605
f 1523/1/4606 1012/1/4606 1653/1/4606
f 2688/1/4607 1463/1/4607 1257/1/4607
f 3186/1/4608 1794/1/4608 1838/1/4608
f 1614/1/4609 3171/1/4609 2433/1/4609
f 1483/1/4610 2316/1/4610 1715/1/4610
f 667/1/4611 468/1/4611 699/1/4611
f 2797/1/4612 1918/1/4612 2080/1/4612
f 2510/1/4613 1340/1/4613 2685/1/4613
f 828/1/4614 1842/1/4614 1580/1/4614
f 2621/1/4615 1350/1/4615 2825/1/4615
f 907/1/4616 534/1/4616 371/1/4616
f 2366/1/4617 1550/1/4617 2846/1/4617
f 2489/1/4618 2500/1/4618 2228/1/4618
f 2356/1/4619 3158/1/4619 1869/1/4619
f 3157/1/4620 2820/1/4620 2393/1/4620
f 2976/1/4621 2818/1/4621 1523/1/4621
f 2844/1/4622 1871/1/4622 1901/1/4622
f 388/1/4623 74/1/4623 3202/1/4623
f 2006/1/4624 2828/1/4624 2212/1/4624
f 1176/1/4625 1042/1/4625 1020/1/4625
f 2449/1/4626 2528/1/4626 919/1/4626
f 2763/1/4627 1672/1/4627 2712/1/4627
f 127/1/4628 859/1/4628 1108/1/4628
f 2406/1/4629 3181/1/4629 339/1/4629
f 2012/1/4630 3014/1/4630 3007/1/4630
f 972/1/4631 858/1/4631 1641/1/4631
f 2694/1/4632 2009/1/4632 2135/1/4632
f 3292/1/4633 440/1/4633 677/1/4633
f 1388/1/4634 3011/1/4634 2816/1/4634
f 169/1/4635 82/1/4635 2237/1/4635
f 2977/1/4636 1898/1/4636 850/1/4636
f 200/1/4637 3247/1/4637 155/1/4637
f 1604/1/4638 2817/1/4638 1694/1/4638
f 2384/1/4639 2628/1/4639 1760/1/4639
f 2277/1/4640 90/1/4640 1856/1/4640
f 2592/1/4641 1949/1/4641 1727/1/4641
f 2720/1/4642 1462/1/4642 1702/1/4642
f 1317/1/4643 2984/1/4643 1813/1/4643
f 2296/1/4644 3004/1/4644 2699/1/4644
f 2131/1/4645 2730/1/4645 3207/1/4645
f 2874/1/4646 1642/1/4646 1060/1/4646
f 2403/1/4647 1518/1/4647 2543/1/4647
f 2425/1/4648 1714/1/4648 2094/1/4648
f 2287/1/4649 2189/1/4649 2713/1/4649
f 1701/1/4650 291/1/4650 2847/1/4650
f 1799/1/4651 1449/1/4651 2304/1/4651
f 2580/1/4652 2614/1/4652 2139/1/4652
f 970/1/4653 2326/1/4653 1616/1/4653
f 1017/1/4654 2328/1/4654 1013/1/4654
f 1795/1/4655 2232/1/4655 2019/1/4655
f 1232/1/4656 1176/1/4656 1020/1/4656
f 2065/1/4657 3236/1/4657 2299/1/4657
f 1996/1/4658 1982/1/4658 1885/1/4658
f 575/1/4659 509/1/4659 572/1/4659
f 2419/1/3 991/1/3 1931/1/3
f 1173/1/4660 3106/1/4660 1098/1/4660
f 3229/1/4661 2045/1/4661 2822/1/4661
f 450/1/4662 346/1/4662 163/1/4662
f 1557/1/4663 2689/1/4663 2159/1/4663
f 728/1/4664 3169/1/4664 545/1/4664
f 2700/1/4665 1826/1/4665 916/1/4665
f 981/1/4666 2178/1/4666 2799/1/4666
f 2823/1/4667 1888/1/4667 1892/1/4667
f 3200/1/4668 2628/1/4668 2131/1/4668
f 2132/1/4669 2649/1/4669 2393/1/4669
f 1582/1/4670 3006/1/4670 2240/1/4670
f 3214/1/4671 1116/1/4671 1276/1/4671
f 1647/1/4672 1734/1/4672 2552/1/4672
f 1716/1/4673 3200/1/4673 2130/1/4673
f 907/1/4674 2793/1/4674 534/1/4674
f 2028/1/4675 1584/1/4675 1035/1/4675
f 1731/1/4676 2409/1/4676 1736/1/4676
f 1552/1/4677 2387/1/4677 2348/1/4677
f 3212/1/4678 314/1/4678 2819/1/4678
f 25/1/4679 3305/1/4679 603/1/4679
f 2688/1/4680 1377/1/4680 1273/1/4680
f 2066/1/4681 881/1/4681 2023/1/4681
f 2591/1/2637 2341/1/2637 2833/1/2637
f 1973/1/1461 1232/1/1461 1096/1/1461
f 2212/1/4682 1607/1/4682 2006/1/4682
f 228/1/4683 3170/1/4683 257/1/4683
f 1932/1/4684 1981/1/4684 1747/1/4684
f 3181/1/4685 2406/1/4685 1703/1/4685
f 2559/1/4686 1506/1/4686 2811/1/4686
f 1981/1/4687 2576/1/4687 1747/1/4687
f 2225/1/4688 1556/1/4688 2363/1/4688
f 2850/1/4689 2319/1/4689 1695/1/4689
f 1365/1/4690 2856/1/4690 1925/1/4690
f 1617/1/4691 848/1/4691 3257/1/4691
f 2691/1/4692 2416/1/4692 2547/1/4692
f 628/1/4693 1468/1/4693 1203/1/4693
f 1282/1/4694 1299/1/4694 1513/1/4694
f 2590/1/4695 2853/1/4695 2825/1/4695
f 1801/1/4696 1637/1/4696 2101/1/4696
f 2011/1/4697 183/1/4697 2506/1/4697
f 2043/1/4698 1888/1/4698 2661/1/4698
f 3011/1/4699 1696/1/4699 1102/1/4699
f 289/1/4700 2779/1/4700 1848/1/4700
f 2220/1/4701 2659/1/4701 1727/1/4701
f 1856/1/4702 1824/1/4702 2343/1/4702
f 207/1/4703 2151/1/4703 1723/1/4703
f 2288/1/4704 891/1/4704 222/1/4704
f 3242/1/4705 2280/1/4705 3250/1/4705
f 3240/1/4706 280/1/4706 284/1/4706
f 1841/1/4707 3256/1/4707 839/1/4707
f 2526/1/4708 3194/1/4708 318/1/4708
f 2838/1/4709 2712/1/4709 2162/1/4709
f 2630/1/4710 1423/1/4710 1936/1/4710
f 1161/1/4711 1757/1/4711 1693/1/4711
f 1340/1/4712 2510/1/4712 2554/1/4712
f 2070/1/4713 2338/1/4713 2411/1/4713
f 1841/1/4714 824/1/4714 1574/1/4714
f 113/1/4715 598/1/4715 96/1/4715
f 2574/1/4716 1948/1/4716 1786/1/4716
f 994/1/4717 882/1/4717 2653/1/4717
f 1716/1/4718 2824/1/4718 1760/1/4718
f 2622/1/4719 2776/1/4719 2433/1/4719
f 2696/1/4720 2023/1/4720 1993/1/4720
f 2772/1/4721 1577/1/4721 2660/1/4721
f 1610/1/4722 899/1/4722 2702/1/4722
f 1230/1/4723 2212/1/4723 1412/1/4723
f 365/1/4724 56/1/4724 406/1/4724
f 3177/1/4725 252/1/4725 258/1/4725
f 838/1/4726 2879/1/4726 1677/1/4726
f 898/1/4727 2204/1/4727 865/1/4727
f 387/1/4728 1710/1/4728 297/1/4728
f 1716/1/4729 2628/1/4729 3200/1/4729
f 2300/1/4730 22/1/4730 67/1/4730
f 2085/1/4731 2390/1/4731 1379/1/4731
f 2655/1/4732 929/1/4732 2535/1/4732
f 2358/1/4733 2824/1/4733 1716/1/4733
f 729/1/4734 735/1/4734 3155/1/4734
f 1971/1/4735 2385/1/4735 1843/1/4735
f 1947/1/4736 2789/1/4736 1890/1/4736
f 2302/1/4737 2735/1/4737 2600/1/4737
f 2000/1/4738 1660/1/4738 1594/1/4738
f 2771/1/4739 835/1/4739 982/1/4739
f 2001/1/4740 968/1/4740 3053/1/4740
f 72/1/4741 1595/1/4741 2166/1/4741
f 801/1/4742 3134/1/4742 631/1/4742
f 2033/1/4743 2084/1/4743 2135/1/4743
f 2375/1/4744 1017/1/4744 1013/1/4744
f 2421/1/4745 2617/1/4745 813/1/4745
f 1390/1/4746 1297/1/4746 1535/1/4746
f 133/1/4747 561/1/4747 3287/1/4747
f 251/1/4748 46/1/4748 176/1/4748
f 1948/1/4749 1395/1/4749 1974/1/4749
f 2135/1/4750 1963/1/4750 2694/1/4750
f 2833/1/4361 1997/1/4361 1553/1/4361
f 2534/1/4751 2863/1/4751 1271/1/4751
f 1944/1/4752 1734/1/4752 2497/1/4752
f 479/1/4753 656/1/4753 597/1/4753
f 1553/1/4361 2629/1/4361 2833/1/4361
f 1975/1/4754 890/1/4754 1653/1/4754
f 2523/1/4755 1441/1/4755 2520/1/4755
f 1512/1/4756 2999/1/4756 2998/1/4756
f 886/1/4757 2507/1/4757 2676/1/4757
f 2551/1/4758 3214/1/4758 1450/1/4758
f 338/1/4759 3225/1/4759 3140/1/4759
f 1700/1/4760 3206/1/4760 1056/1/4760
f 1868/1/4761 2459/1/4761 2812/1/4761
f 2163/1/4762 1045/1/4762 73/1/4762
f 2299/1/4763 86/1/4763 520/1/4763
f 2412/1/4764 2228/1/4764 2500/1/4764
f 2868/1/4765 2703/1/4765 1840/1/4765
f 2195/1/4766 2540/1/4766 2748/1/4766
f 1400/1/4767 2783/1/4767 1433/1/4767
f 234/1/4768 226/1/4768 229/1/4768
f 2038/1/4769 866/1/4769 2812/1/4769
f 2963/1/4770 2956/1/4770 2955/1/4770
f 1932/1/4771 2392/1/4771 2299/1/4771
f 812/1/4772 2807/1/4772 1631/1/4772
f 950/1/4773 1366/1/4773 1359/1/4773
f 2576/1/4774 1644/1/4774 1747/1/4774
f 3012/1/4408 1392/1/4408 1571/1/4408
f 2606/1/4775 1156/1/4775 1304/1/4775
f 2024/1/4776 1904/1/4776 901/1/4776
f 1353/1/4777 1602/1/4777 1921/1/4777
f 1934/1/4778 2036/1/4778 2055/1/4778
f 3006/1/4779 1582/1/4779 1919/1/4779
f 2177/1/4780 1456/1/4780 973/1/4780
f 2152/1/4781 1842/1/4781 2541/1/4781
f 2983/1/4782 1303/1/4782 1414/1/4782
f 2867/1/4783 1237/1/4783 1638/1/4783
f 1492/1/4784 2059/1/4784 1447/1/4784
f 1336/1/4785 2254/1/4785 2805/1/4785
f 2647/1/4786 2129/1/4786 1678/1/4786
f 2784/1/4787 2830/1/4787 1216/1/4787
f 956/1/4788 1549/1/4788 1988/1/4788
f 2533/1/4789 2638/1/4789 2575/1/4789
f 1621/1/4790 2695/1/4790 904/1/4790
f 2456/1/4791 950/1/4791 1520/1/4791
f 2105/1/4792 1519/1/4792 1287/1/4792
f 2834/1/4793 2505/1/4793 3266/1/4793
f 812/1/4794 1938/1/4794 2846/1/4794
f 2854/1/4795 2459/1/4795 2604/1/4795
f 1661/1/4796 1272/1/4796 1490/1/4796
f 349/1/4797 31/1/4797 490/1/4797
f 2229/1/4798 2762/1/4798 916/1/4798
f 2150/1/4799 3241/1/4799 2732/1/4799
f 887/1/4800 1988/1/4800 1549/1/4800
f 1510/1/4801 2865/1/4801 1645/1/4801
f 2820/1/4802 2132/1/4802 2393/1/4802
f 1486/1/4803 2040/1/4803 1143/1/4803
f 995/1/4804 1416/1/4804 2267/1/4804
f 1308/1/4805 1633/1/4805 2648/1/4805
f 2453/1/4806 2982/1/4806 1303/1/4806
f 3150/1/4807 2553/1/4807 2325/1/4807
f 1495/1/4808 2031/1/4808 1456/1/4808
f 3261/1/4809 641/1/4809 623/1/4809
f 1559/1/4810 3017/1/4810 1792/1/4810
f 1156/1/4811 1296/1/4811 1501/1/4811
f 1237/1/4812 2865/1/4812 1638/1/4812
f 2983/1/4813 1414/1/4813 2990/1/4813
f 2401/1/4814 2334/1/4814 2433/1/4814
f 2485/1/4815 2348/1/4815 2387/1/4815
f 2990/1/4816 2037/1/4816 2991/1/4816
f 2244/1/4817 1852/1/4817 2369/1/4817
f 991/1/3 1542/1/3 1931/1/3
f 1485/1/4818 1776/1/4818 3316/1/4818
f 2707/1/4819 2935/1/4819 2928/1/4819
f 243/1/4820 175/1/4820 139/1/4820
f 1982/1/4821 940/1/4821 97/1/4821
f 899/1/4822 2839/1/4822 3268/1/4822
f 516/1/4823 356/1/4823 23/1/4823
f 433/1/4824 477/1/4824 1684/1/4824
f 1130/1/4825 468/1/4825 3201/1/4825
f 2100/1/4826 1849/1/4826 1806/1/4826
f 2841/1/4827 3263/1/4827 2174/1/4827
f 2058/1/4828 2366/1/4828 2522/1/4828
f 2009/1/4829 2033/1/4829 2135/1/4829
f 963/1/4830 2002/1/4830 2184/1/4830
f 140/1/4831 117/1/4831 969/1/4831
f 1443/1/4832 2533/1/4832 1250/1/4832
f 1444/1/4833 885/1/4833 1207/1/4833
f 2209/1/4834 2451/1/4834 1269/1/4834
f 2567/1/4835 1735/1/4835 1671/1/4835
f 1466/1/4836 2030/1/4836 2740/1/4836
f 1282/1/4837 1513/1/4837 1244/1/4837
f 2059/1/4838 1499/1/4838 1396/1/4838
f 1486/1/4839 1357/1/4839 2145/1/4839
f 2545/1/4840 1324/1/4840 1200/1/4840
f 1185/1/4841 2784/1/4841 1308/1/4841
f 1436/1/4842 938/1/4842 1295/1/4842
f 1057/1/4843 1630/1/4843 1486/1/4843
f 168/1/4844 2053/1/4844 2041/1/4844
f 1426/1/4845 2731/1/4845 1508/1/4845
f 2697/1/4846 1355/1/4846 2008/1/4846
f 1307/1/4847 1898/1/4847 2843/1/4847
f 2016/1/4848 2976/1/4848 1523/1/4848
f 1844/1/4849 2785/1/4849 255/1/4849
f 1474/1/4850 2136/1/4850 2102/1/4850
f 1279/1/4851 901/1/4851 1904/1/4851
f 1515/1/4852 2976/1/4852 1291/1/4852
f 1569/1/4853 1565/1/4853 2195/1/4853
f 73/1/4854 928/1/4854 832/1/4854
f 1418/1/4855 1504/1/4855 2615/1/4855
f 1447/1/4856 2248/1/4856 2021/1/4856
f 2508/1/4857 1819/1/4857 1321/1/4857
f 1174/1/4858 1697/1/4858 2163/1/4858
f 1216/1/4859 2572/1/4859 1633/1/4859
f 1697/1/4860 1385/1/4860 1313/1/4860
f 1325/1/4861 1649/1/4861 1437/1/4861
f 2657/1/4862 1980/1/4862 1337/1/4862
f 1467/1/4863 1325/1/4863 1425/1/4863
f 2420/1/4864 872/1/4864 2878/1/4864
f 2561/1/4865 2860/1/4865 1374/1/4865
f 1487/1/4866 1522/1/4866 1005/1/4866
f 1421/1/4867 2144/1/4867 1477/1/4867
f 1048/1/4868 1184/1/4868 1233/1/4868
f 1645/1/4869 2643/1/4869 1437/1/4869
f 1289/1/4870 1533/1/4870 2396/1/4870
f 1770/1/4871 1167/1/4871 1621/1/4871
f 1079/1/4872 1820/1/4872 1336/1/4872
f 1667/1/4873 2021/1/4873 1297/1/4873
f 1503/1/4874 1354/1/4874 2647/1/4874
f 1374/1/4875 2860/1/4875 1189/1/4875
f 2322/1/4876 2852/1/4876 1326/1/4876
f 1904/1/4877 1489/1/4877 1107/1/4877
f 1759/1/4878 2469/1/4878 1711/1/4878
f 2085/1/4879 1740/1/4879 1384/1/4879
f 2969/1/2952 2809/1/2952 1300/1/2952
f 2148/1/4880 1361/1/4880 1303/1/4880
f 2298/1/4881 92/1/4881 614/1/4881
f 2867/1/4882 2710/1/4882 1540/1/4882
f 2554/1/4883 1063/1/4883 1191/1/4883
f 2322/1/4884 2969/1/4884 2554/1/4884
f 336/1/4885 770/1/4885 3258/1/4885
f 1218/1/4886 2263/1/4886 935/1/4886
f 1326/1/4887 1567/1/4887 2322/1/4887
f 1139/1/4888 956/1/4888 2587/1/4888
f 3227/1/4889 1673/1/4889 2343/1/4889
f 2455/1/4890 1294/1/4890 1276/1/4890
f 1341/1/4891 2430/1/4891 2283/1/4891
f 1059/1/3010 2969/1/3010 2322/1/3010
f 1378/1/4892 2184/1/4892 2002/1/4892
f 2975/1/4893 1975/1/4893 1653/1/4893
f 1411/1/4894 1837/1/4894 1342/1/4894
f 1715/1/4895 2129/1/4895 2647/1/4895
f 1773/1/4896 3199/1/4896 1609/1/4896
f 1081/1/4897 2067/1/4897 1548/1/4897
f 1898/1/4898 1307/1/4898 850/1/4898
f 681/1/4899 684/1/4899 1745/1/4899
f 1610/1/4900 1659/1/4900 858/1/4900
f 1495/1/4901 1258/1/4901 889/1/4901
f 1890/1/4902 2817/1/4902 1947/1/4902
f 2784/1/4903 1916/1/4903 2830/1/4903
f 1435/1/4904 1362/1/4904 2457/1/4904
f 1963/1/4905 2596/1/4905 1534/1/4905
f 2130/1/4906 2358/1/4906 1716/1/4906
f 2345/1/4907 1768/1/4907 878/1/4907
f 1324/1/4908 2318/1/4908 2480/1/4908
f 441/1/4909 2077/1/4909 895/1/4909
f 2014/1/4910 1803/1/4910 2414/1/4910
f 2647/1/4911 1678/1/4911 1503/1/4911
f 1148/1/4912 2029/1/4912 2470/1/4912
f 1189/1/4913 2863/1/4913 1251/1/4913
f 1986/1/4914 3131/1/4914 1164/1/4914
f 2844/1/4915 2291/1/4915 1268/1/4915
f 2338/1/4916 2070/1/4916 1594/1/4916
f 2048/1/4917 2942/1/4917 2935/1/4917
f 2222/1/4918 1720/1/4918 329/1/4918
f 998/1/4919 3060/1/4919 2516/1/4919
f 1806/1/4920 1660/1/4920 1836/1/4920
f 2462/1/4921 2252/1/4921 1688/1/4921
f 2037/1/4922 2998/1/4922 2991/1/4922
f 1919/1/4923 3013/1/4923 2012/1/4923
f 2204/1/4924 1606/1/4924 865/1/4924
f 2538/1/4925 1810/1/4925 2096/1/4925
f 2182/1/4926 1955/1/4926 2106/1/4926
f 2086/1/4927 1580/1/4927 1828/1/4927
f 2537/1/4928 1781/1/4928 2392/1/4928
f 1146/1/4929 1459/1/4929 2745/1/4929
f 2876/1/4930 1458/1/4930 2875/1/4930
f 1801/1/4931 1875/1/4931 813/1/4931
f 1591/1/4932 1106/1/4932 1998/1/4932
f 1762/1/4933 2083/1/4933 1905/1/4933
f 2050/1/4934 1864/1/4934 2398/1/4934
f 2033/1/4935 2009/1/4935 2718/1/4935
f 1571/1/4936 1582/1/4936 2240/1/4936
f 1570/1/4937 2817/1/4937 1656/1/4937
f 1381/1/4938 2674/1/4938 2092/1/4938
f 886/1/4939 2194/1/4939 2933/1/4939
f 3249/1/4940 1596/1/4940 2297/1/4940
f 2738/1/4941 2747/1/4941 1593/1/4941
f 2729/1/4942 299/1/4942 298/1/4942
f 2201/1/4943 2272/1/4943 851/1/4943
f 1690/1/4944 1539/1/4944 1774/1/4944
f 705/1/4945 836/1/4945 841/1/4945
f 2674/1/4946 1499/1/4946 1735/1/4946
f 1034/1/4947 1201/1/4947 1199/1/4947
f 524/1/4948 119/1/4948 1002/1/4948
f 2466/1/4949 1651/1/4949 2679/1/4949
f 2111/1/4950 1787/1/4950 2533/1/4950
f 2324/1/4951 3165/1/4951 2812/1/4951
f 2785/1/4952 1844/1/4952 432/1/4952
f 2757/1/4953 1561/1/4953 2675/1/4953
f 2789/1/4954 1947/1/4954 1640/1/4954
f 825/1/4955 2634/1/4955 3178/1/4955
f 750/1/4956 756/1/4956 113/1/4956
f 2794/1/4957 1961/1/4957 1756/1/4957
f 2968/1/4958 1669/1/4958 2206/1/4958
f 2082/1/4959 677/1/4959 852/1/4959
f 2590/1/4960 2193/1/4960 2632/1/4960
f 1679/1/4961 2139/1/4961 1448/1/4961
f 1354/1/4962 1503/1/4962 1484/1/4962
f 1700/1/4963 1451/1/4963 1789/1/4963
f 2061/1/4964 2858/1/4964 2649/1/4964
f 1874/1/4965 1140/1/4965 442/1/4965
f 3120/1/4966 2103/1/4966 2759/1/4966
f 2763/1/4967 2195/1/4967 1581/1/4967
f 1813/1/4968 2983/1/4968 2990/1/4968
f 544/1/4969 3259/1/4969 553/1/4969
f 1287/1/4970 1302/1/4970 2430/1/4970
f 1701/1/4971 1958/1/4971 1719/1/4971
f 926/1/4972 3309/1/4972 1118/1/4972
f 2321/1/4973 2764/1/4973 2573/1/4973
f 2284/1/4974 2363/1/4974 2373/1/4974
f 1970/1/4975 1947/1/4975 2788/1/4975
f 1005/1/4976 2736/1/4976 1365/1/4976
f 1965/1/4977 1528/1/4977 2637/1/4977
f 896/1/4978 2272/1/4978 2529/1/4978
f 1190/1/4979 3308/1/4979 1179/1/4979
f 1387/1/4980 2874/1/4980 1305/1/4980
f 2151/1/4981 232/1/4981 258/1/4981
f 2452/1/4982 3006/1/4982 2221/1/4982
f 961/1/4983 1598/1/4983 2295/1/4983
f 2776/1/4984 2622/1/4984 1727/1/4984
f 2523/1/4985 2371/1/4985 1417/1/4985
f 1028/1/4986 2310/1/4986 3132/1/4986
f 2588/1/4987 3237/1/4987 1865/1/4987
f 2162/1/4988 2712/1/4988 2699/1/4988
f 2084/1/4989 1453/1/4989 1538/1/4989
f 2268/1/4990 2300/1/4990 67/1/4990
f 769/1/4991 3265/1/4991 483/1/4991
f 1621/1/4992 1148/1/4992 2470/1/4992
f 1607/1/4993 2212/1/4993 1230/1/4993
f 2755/1/4994 2748/1/4994 1388/1/4994
f 1722/1/4995 2164/1/4995 2323/1/4995
f 2663/1/4996 1921/1/4996 1286/1/4996
f 1156/1/4997 1358/1/4997 1280/1/4997
f 3297/1/4998 2346/1/4998 1839/1/4998
f 1518/1/4999 2403/1/4999 2068/1/4999
f 2681/1/5000 2649/1/5000 1869/1/5000
f 2672/1/5001 3052/1/5001 2001/1/5001
f 912/1/5002 2771/1/5002 1754/1/5002
f 1210/1/5003 2790/1/5003 2750/1/5003
f 2893/1/5004 2887/1/5004 2886/1/5004
f 2537/1/5005 1932/1/5005 1747/1/5005
f 879/1/5006 2285/1/5006 2245/1/5006
f 2302/1/5007 2600/1/5007 2310/1/5007
f 318/1/5008 182/1/5008 321/1/5008
f 2125/1/5009 1421/1/5009 2743/1/5009
f 1912/1/5010 2509/1/5010 1739/1/5010
f 2803/1/5011 970/1/5011 2178/1/5011
f 2663/1/5012 1353/1/5012 1921/1/5012
f 2349/1/5013 1514/1/5013 2175/1/5013
f 2514/1/5014 1652/1/5014 2355/1/5014
f 2809/1/2952 2970/1/2952 1300/1/2952
f 1402/1/5015 3220/1/5015 1477/1/5015
f 187/1/5016 3279/1/5016 779/1/5016
f 2078/1/5017 1764/1/5017 2387/1/5017
f 3084/1/5018 3077/1/5018 3076/1/5018
f 997/1/5019 958/1/5019 994/1/5019
f 2797/1/5020 1792/1/5020 2341/1/5020
f 2168/1/5021 269/1/5021 277/1/5021
f 1497/1/5022 1525/1/5022 2308/1/5022
f 1076/1/5023 2286/1/5023 1589/1/5023
f 2381/1/5024 1798/1/5024 2516/1/5024
f 1688/1/5025 846/1/5025 839/1/5025
f 1777/1/5026 2306/1/5026 2488/1/5026
f 3240/1/5027 281/1/5027 286/1/5027
f 2861/1/5028 2432/1/5028 2488/1/5028
f 1741/1/5029 2588/1/5029 1865/1/5029
f 2061/1/5030 2760/1/5030 903/1/5030
f 2385/1/5031 2877/1/5031 1843/1/5031
f 2318/1/5032 1344/1/5032 2480/1/5032
f 1262/1/5033 2213/1/5033 2254/1/5033
f 1533/1/5034 1929/1/5034 2444/1/5034
f 2868/1/5035 862/1/5035 2703/1/5035
f 1263/1/5036 1356/1/5036 1256/1/5036
f 1712/1/5037 1433/1/5037 2783/1/5037
f 1183/1/5038 1281/1/5038 1447/1/5038
f 1/1/5039 926/1/5039 1903/1/5039
f 2342/1/5040 289/1/5040 1730/1/5040
f 2412/1/5041 249/1/5041 258/1/5041
f 450/1/5042 408/1/5042 403/1/5042
f 2047/1/5043 2546/1/5043 2186/1/5043
f 1528/1/5044 1965/1/5044 1312/1/5044
f 1752/1/5045 1651/1/5045 1601/1/5045
f 1898/1/5046 2977/1/5046 2843/1/5046
f 2163/1/5047 2878/1/5047 872/1/5047
f 1327/1/5048 2613/1/5048 2008/1/5048
f 1087/1/459 3082/1/459 3083/1/459
f 1322/1/5049 2784/1/5049 1479/1/5049
f 2736/1/5050 2856/1/5050 1365/1/5050
f 1836/1/5051 2265/1/5051 1806/1/5051
f 2323/1/5052 2182/1/5052 2106/1/5052
f 2766/1/5053 3157/1/5053 2393/1/5053
f 2664/1/5054 2097/1/5054 2159/1/5054
f 2139/1/5055 2502/1/5055 2686/1/5055
f 786/1/5056 792/1/5056 922/1/5056
f 1522/1/5057 1220/1/5057 1382/1/5057
f 1423/1/5058 1563/1/5058 2442/1/5058
f 2409/1/5059 1731/1/5059 2271/1/5059
f 3005/1/5060 2857/1/5060 1512/1/5060
f 2121/1/5061 3045/1/5061 2183/1/5061
f 2218/1/5062 2522/1/5062 2257/1/5062
f 1912/1/5063 1739/1/5063 1209/1/5063
f 1161/1/5064 2491/1/5064 1646/1/5064
f 186/1/5065 917/1/5065 29/1/5065
f 2498/1/5066 1525/1/5066 1514/1/5066
f 1474/1/5067 1425/1/5067 2533/1/5067
f 2697/1/5068 1940/1/5068 1521/1/5068
f 2562/1/5069 2207/1/5069 1338/1/5069
f 1825/1/5070 2199/1/5070 1723/1/5070
f 2712/1/5071 2838/1/5071 2693/1/5071
f 2852/1/5072 2977/1/5072 1326/1/5072
f 2523/1/5073 2520/1/5073 1408/1/5073
f 1536/1/5074 1662/1/5074 1964/1/5074
f 2415/1/5075 3192/1/5075 1594/1/5075
f 83/1/5076 2259/1/5076 95/1/5076
f 236/1/5077 2440/1/5077 980/1/5077
f 1822/1/5078 1344/1/5078 2318/1/5078
f 2863/1/5079 2231/1/5079 2351/1/5079
f 2249/1/5080 2677/1/5080 1881/1/5080
f 1116/1/5081 1871/1/5081 1276/1/5081
f 3153/1/5082 753/1/5082 444/1/5082
f 837/1/5083 2609/1/5083 2812/1/5083
f 1519/1/5084 900/1/5084 1302/1/5084
f 2264/1/5085 3047/1/5085 3040/1/5085
f 1519/1/5086 2105/1/5086 1186/1/5086
f 1081/1/5087 1257/1/5087 1463/1/5087
f 1741/1/5088 1865/1/5088 1804/1/5088
f 2150/1/5089 2018/1/5089 1738/1/5089
f 946/1/5090 855/1/5090 2513/1/5090
f 2262/1/5091 1728/1/5091 1534/1/5091
f 2343/1/5092 91/1/5092 1856/1/5092
f 2472/1/5093 3205/1/5093 2142/1/5093
f 1430/1/5094 1030/1/5094 2784/1/5094
f 1640/1/5095 1714/1/5095 1546/1/5095
f 3007/1/5096 3000/1/5096 2999/1/5096
f 3150/1/5097 948/1/5097 977/1/5097
f 1790/1/5098 1286/1/5098 1457/1/5098
f 2514/1/5099 3257/1/5099 848/1/5099
f 448/1/5100 83/1/5100 1917/1/5100
f 2524/1/5101 2303/1/5101 2162/1/5101
f 3214/1/5102 1339/1/5102 1901/1/5102
f 2272/1/5103 1888/1/5103 1876/1/5103
f 1812/1/5104 1556/1/5104 3241/1/5104
f 169/1/5105 3182/1/5105 2238/1/5105
f 2174/1/5106 2245/1/5106 2285/1/5106
f 1788/1/5107 1551/1/5107 2032/1/5107
f 3137/1/5108 419/1/5108 645/1/5108
f 1384/1/5109 1764/1/5109 2085/1/5109
f 2074/1/5110 1436/1/5110 1477/1/5110
f 1855/1/5111 2445/1/5111 947/1/5111
f 1849/1/5112 1660/1/5112 1806/1/5112
f 1430/1/5113 1486/1/5113 2145/1/5113
f 144/1/5114 2399/1/5114 204/1/5114
f 2285/1/5115 2841/1/5115 2174/1/5115
f 1740/1/5116 2085/1/5116 1721/1/5116
f 1244/1/5117 1513/1/5117 1399/1/5117
f 53/1/5118 395/1/5118 9/1/5118
f 3222/1/5119 1726/1/5119 1634/1/5119
f 2436/1/5120 990/1/5120 595/1/5120
f 2080/1/5121 1559/1/5121 2797/1/5121
f 1838/1/5122 2408/1/5122 1936/1/5122
f 2856/1/5123 1284/1/5123 1351/1/5123
f 2636/1/5124 1526/1/5124 2520/1/5124
f 2840/1/5125 816/1/5125 2739/1/5125
f 475/1/5126 799/1/5126 1680/1/5126
f 1207/1/5127 2637/1/5127 1528/1/5127
f 2172/1/5128 1306/1/5128 2185/1/5128
f 2118/1/5129 1547/1/5129 1364/1/5129
f 2116/1/5130 2997/1/5130 2037/1/5130
f 1133/1/5131 1621/1/5131 2734/1/5131
f 1372/1/5132 1790/1/5132 2727/1/5132
f 861/1/5133 1429/1/5133 1555/1/5133
f 434/1/5134 2441/1/5134 1597/1/5134
f 1492/1/5135 2021/1/5135 1671/1/5135
f 1851/1/5136 1632/1/5136 1808/1/5136
f 966/1/5137 2001/1/5137 3052/1/5137
f 2668/1/5138 118/1/5138 2064/1/5138
f 763/1/5139 2270/1/5139 1252/1/5139
f 1725/1/5140 2803/1/5140 3282/1/5140
f 2858/1/5141 942/1/5141 867/1/5141
f 1511/1/5142 1713/1/5142 2225/1/5142
f 2879/1/5143 2701/1/5143 1994/1/5143
f 2523/1/5144 1446/1/5144 1612/1/5144
f 1621/1/5145 2470/1/5145 1507/1/5145
f 3220/1/5146 1625/1/5146 2729/1/5146
f 2057/1/5147 2269/1/5147 2927/1/5147
f 1864/1/5148 2691/1/5148 2547/1/5148
f 1420/1/5149 1436/1/5149 1295/1/5149
f 2774/1/5150 1756/1/5150 2149/1/5150
f 1486/1/5151 2422/1/5151 2040/1/5151
f 570/1/5152 2496/1/5152 266/1/5152
f 1161/1/5153 292/1/5153 2743/1/5153
f 2508/1/5154 1008/1/5154 1819/1/5154
f 2816/1/5155 2154/1/5155 1388/1/5155
f 2969/1/2757 1059/1/2757 2809/1/2757
f 2061/1/5156 942/1/5156 2858/1/5156
f 2999/1/5157 2452/1/5157 2221/1/5157
f 1854/1/5158 2305/1/5158 2197/1/5158
f 823/1/2952 1300/1/2952 2970/1/2952
f 2757/1/5159 1713/1/5159 3236/1/5159
f 1769/1/5160 2389/1/5160 1764/1/5160
f 1752/1/5161 1657/1/5161 2679/1/5161
f 1956/1/5162 2195/1/5162 2763/1/5162
f 1472/1/5163 1369/1/5163 1432/1/5163
f 1734/1/5164 1878/1/5164 2497/1/5164
f 1965/1/5165 1665/1/5165 1908/1/5165
f 283/1/5166 2847/1/5166 2427/1/5166
f 1498/1/5167 995/1/5167 1314/1/5167
f 2597/1/5168 853/1/5168 894/1/5168
f 914/1/5169 2840/1/5169 2176/1/5169
f 1562/1/5170 2348/1/5170 2411/1/5170
f 1576/1/5171 538/1/5171 3142/1/5171
f 1916/1/5172 1386/1/5172 2830/1/5172
f 1946/1/5173 937/1/5173 3112/1/5173
f 88/1/5174 72/1/5174 2166/1/5174
f 1944/1/5175 1772/1/5175 1779/1/5175
f 2627/1/5176 2403/1/5176 1765/1/5176
f 2773/1/5177 3156/1/5177 2364/1/5177
f 1290/1/5178 1174/1/5178 872/1/5178
f 2391/1/5179 2806/1/5179 2614/1/5179
f 1644/1/5180 1810/1/5180 1747/1/5180
f 1596/1/5181 3249/1/5181 2413/1/5181
f 2276/1/5182 2556/1/5182 1755/1/5182
f 2813/1/5183 2873/1/5183 2036/1/5183
f 1920/1/5184 122/1/5184 788/1/5184
f 2430/1/5185 1341/1/5185 1415/1/5185
f 2384/1/5186 1702/1/5186 2730/1/5186
f 2878/1/5187 2585/1/5187 2396/1/5187
f 1510/1/5188 1649/1/5188 2486/1/5188
f 2574/1/5189 2759/1/5189 2103/1/5189
f 2435/1/5190 1247/1/5190 1184/1/5190
f 2275/1/5191 1934/1/5191 1770/1/5191
f 2710/1/5192 2867/1/5192 1498/1/5192
f 3193/1/5193 1957/1/5193 1721/1/5193
f 1899/1/5194 3250/1/5194 2280/1/5194
f 2049/1/5195 954/1/5195 2780/1/5195
f 2730/1/5196 2131/1/5196 2384/1/5196
f 2880/1/1933 2872/1/1933 2216/1/1933
f 898/1/5197 2542/1/5197 2245/1/5197
f 2254/1/5198 1336/1/5198 1370/1/5198
f 1627/1/5199 1641/1/5199 858/1/5199
f 966/1/5200 974/1/5200 968/1/5200
f 2934/1/5201 2704/1/5201 982/1/5201
f 848/1/5202 1617/1/5202 1677/1/5202
f 2230/1/5203 3185/1/5203 1884/1/5203
f 2255/1/5204 2492/1/5204 1551/1/5204
f 3005/1/5205 1581/1/5205 1565/1/5205
f 3212/1/5206 432/1/5206 301/1/5206
f 1837/1/5207 888/1/5207 1444/1/5207
f 1386/1/5208 1916/1/5208 1939/1/5208
f 2584/1/5209 1235/1/5209 779/1/5209
f 2817/1/5210 1570/1/5210 2114/1/5210
f 892/1/5211 126/1/5211 803/1/5211
f 2243/1/5212 1207/1/5212 2831/1/5212
f 2659/1/5213 2220/1/5213 2101/1/5213
f 3157/1/5214 2066/1/5214 2023/1/5214
f 1703/1/5215 22/1/5215 2300/1/5215
f 187/1/5216 779/1/5216 1235/1/5216
f 1913/1/5217 1310/1/5217 2504/1/5217
f 2571/1/5218 1419/1/5218 1750/1/5218
f 1107/1/5219 2336/1/5219 1047/1/5219
f 1943/1/5220 3204/1/5220 2717/1/5220
f 1604/1/5221 2673/1/5221 2788/1/5221
f 279/1/5222 1668/1/5222 263/1/5222
f 2868/1/5223 2660/1/5223 862/1/5223
f 1626/1/5224 3193/1/5224 2182/1/5224
f 1931/1/5225 3067/1/5225 3074/1/5225
f 1207/1/5226 1528/1/5226 1312/1/5226
f 1876/1/4229 1950/1/4229 2272/1/4229
f 2784/1/5227 1030/1/5227 1939/1/5227
f 3255/1/5228 206/1/5228 214/1/5228
f 3200/1/5229 2164/1/5229 2130/1/5229
f 2629/1/4361 1553/1/4361 1392/1/4361
f 821/1/3788 3038/1/3788 820/1/3788
f 1681/1/5230 201/1/5230 839/1/5230
f 925/1/5231 1527/1/5231 842/1/5231
f 3138/1/5232 2123/1/5232 1494/1/5232
f 1500/1/5233 2269/1/5233 2057/1/5233
f 1829/1/5234 2268/1/5234 3122/1/5234
f 1563/1/5235 3193/1/5235 2442/1/5235
f 2879/1/5236 2718/1/5236 2205/1/5236
f 2860/1/5237 2561/1/5237 1302/1/5237
f 1347/1/5238 872/1/5238 2420/1/5238
f 756/1/5239 764/1/5239 922/1/5239
f 2592/1/5240 2622/1/5240 2433/1/5240
f 3254/1/5241 857/1/5241 2569/1/5241
f 910/1/5242 1942/1/5242 2565/1/5242
f 1320/1/5243 1665/1/5243 1145/1/5243
f 12/1/5244 326/1/5244 510/1/5244
f 1810/1/5245 1972/1/5245 1747/1/5245
f 2862/1/5246 3192/1/5246 2100/1/5246
f 1272/1/5247 1817/1/5247 1490/1/5247
f 1763/1/5248 2535/1/5248 929/1/5248
f 1372/1/5249 1651/1/5249 2175/1/5249
f 31/1/5250 109/1/5250 490/1/5250
f 1862/1/5251 84/1/5251 278/1/5251
f 1011/1/5252 1907/1/5252 2375/1/5252
f 1607/1/5253 1439/1/5253 2006/1/5253
f 224/1/5254 3177/1/5254 220/1/5254
f 846/1/5255 1681/1/5255 839/1/5255
f 2584/1/5256 779/1/5256 792/1/5256
f 2213/1/5257 2105/1/5257 2191/1/5257
f 935/1/5258 1632/1/5258 1454/1/5258
f 3060/1/5259 2739/1/5259 2516/1/5259
f 1672/1/5260 2763/1/5260 1581/1/5260
f 1013/1/5261 2626/1/5261 2375/1/5261
f 2523/1/5262 1408/1/5262 1446/1/5262
f 1280/1/5263 2983/1/5263 1813/1/5263
f 1340/1/5264 2969/1/5264 2775/1/5264
f 919/1/5265 1687/1/5265 2751/1/5265
f 1866/1/5266 1462/1/5266 2361/1/5266
f 2777/1/5267 964/1/5267 2462/1/5267
f 1527/1/5268 2026/1/5268 1775/1/5268
f 2016/1/5269 1501/1/5269 1296/1/5269
f 1373/1/5270 1456/1/5270 2031/1/5270
f 1875/1/5271 1801/1/5271 2101/1/5271
f 645/1/5272 731/1/5272 2892/1/5272
f 1416/1/5273 995/1/5273 1509/1/5273
f 1068/1/5274 1031/1/5274 2090/1/5274
f 916/1/5275 1584/1/5275 2229/1/5275
f 2634/1/5276 2044/1/5276 1938/1/5276
f 1977/1/5277 2576/1/5277 1967/1/5277
f 1548/1/5278 2871/1/5278 1081/1/5278
f 2420/1/5279 1032/1/5279 2876/1/5279
f 2501/1/5280 3006/1/5280 2452/1/5280
f 1439/1/5281 1607/1/5281 1230/1/5281
f 666/1/5282 667/1/5282 699/1/5282
f 1405/1/5283 2108/1/5283 1525/1/5283
f 3004/1/5284 2296/1/5284 2367/1/5284
f 3150/1/5285 2513/1/5285 867/1/5285
f 2487/1/5286 1766/1/5286 1785/1/5286
f 1143/1/5287 2002/1/5287 2379/1/5287
f 1466/1/5288 1341/1/5288 2030/1/5288
f 2799/1/5289 384/1/5289 2548/1/5289
f 2934/1/5290 835/1/5290 2194/1/5290
f 1864/1/5291 2630/1/5291 1936/1/5291
f 1543/1/5292 1337/1/5292 1385/1/5292
f 2864/1/5293 1329/1/5293 1645/1/5293
f 1551/1/5294 1994/1/5294 2701/1/5294
f 933/1/5295 2604/1/5295 1868/1/5295
f 1331/1/5296 2615/1/5296 2562/1/5296
f 1509/1/5297 1935/1/5297 1416/1/5297
f 121/1/5298 3182/1/5298 168/1/5298
f 1479/1/5299 1712/1/5299 1427/1/5299
f 2863/1/5300 2534/1/5300 2864/1/5300
f 2520/1/5301 1441/1/5301 2215/1/5301
f 996/1/5302 1491/1/5302 2657/1/5302
f 2655/1/5303 2465/1/5303 2528/1/5303
f 1299/1/5304 1483/1/5304 1715/1/5304
f 953/1/5305 2635/1/5305 1544/1/5305
f 2424/1/5306 2605/1/5306 1995/1/5306
f 2711/1/5307 2542/1/5307 2702/1/5307
f 2983/1/5308 2148/1/5308 1303/1/5308
f 887/1/5309 2055/1/5309 1705/1/5309
f 2863/1/5310 2202/1/5310 1251/1/5310
f 2533/1/5311 1489/1/5311 2024/1/5311
f 1570/1/5312 2996/1/5312 2114/1/5312
f 1997/1/4361 3019/1/4361 1553/1/4361
f 87/1/5313 1711/1/5313 2469/1/5313
f 1188/1/5314 2049/1/5314 2780/1/5314
f 1659/1/5315 1610/1/5315 865/1/5315
f 57/1/5316 1860/1/5316 177/1/5316
f 1270/1/5317 1109/1/5317 2435/1/5317
f 38/1/5318 2/1/5318 395/1/5318
f 1525/1/5319 2352/1/5319 2308/1/5319
f 1948/1/5320 1855/1/5320 947/1/5320
f 2759/1/5321 1786/1/5321 2569/1/5321
f 3183/1/5322 73/1/5322 1521/1/5322
f 2984/1/5323 2843/1/5323 1156/1/5323
f 1535/1/5324 1193/1/5324 2169/1/5324
f 1822/1/5325 1783/1/5325 2172/1/5325
f 2185/1/5326 1541/1/5326 1979/1/5326
f 1124/1/5327 1213/1/5327 480/1/5327
f 2098/1/5328 368/1/5328 2369/1/5328
f 44/1/5329 31/1/5329 3152/1/5329
f 2593/1/5330 2463/1/5330 1494/1/5330
f 2263/1/5331 2143/1/5331 2742/1/5331
f 1546/1/5332 2998/1/5332 2037/1/5332
f 2389/1/5333 2543/1/5333 2807/1/5333
f 1084/1/5334 27/1/5334 859/1/5334
f 3003/1/5335 2017/1/5335 2764/1/5335
f 2379/1/5336 963/1/5336 2377/1/5336
f 873/1/5337 2199/1/5337 1825/1/5337
f 1579/1/5338 2557/1/5338 975/1/5338
f 1274/1/5339 1390/1/5339 2567/1/5339
f 1949/1/5340 3178/1/5340 1727/1/5340
f 1461/1/5341 1359/1/5341 1544/1/5341
f 95/1/5342 522/1/5342 3191/1/5342
f 1927/1/5343 1500/1/5343 2057/1/5343
f 2595/1/5344 1578/1/5344 39/1/5344
f 3213/1/5345 938/1/5345 1285/1/5345
f 395/1/5346 2/1/5346 1905/1/5346
f 3257/1/5347 2514/1/5347 2355/1/5347
f 1317/1/5348 2991/1/5348 1409/1/5348
f 2893/1/1461 1973/1/1461 1096/1/1461
f 2810/1/5349 1009/1/5349 1398/1/5349
f 2188/1/5350 2592/1/5350 2433/1/5350
f 1613/1/5351 3263/1/5351 2311/1/5351
f 196/1/5352 2327/1/5352 242/1/5352
f 3139/1/5353 943/1/5353 1022/1/5353
f 1835/1/5354 2510/1/5354 2685/1/5354
f 2405/1/5355 2018/1/5355 2150/1/5355
f 2437/1/5356 2113/1/5356 2804/1/5356
f 1569/1/5357 1573/1/5357 1571/1/5357
f 1598/1/5358 2525/1/5358 2541/1/5358
f 1390/1/5359 1667/1/5359 1297/1/5359
f 2328/1/5360 2527/1/5360 2706/1/5360
f 2815/1/5361 2291/1/5361 1364/1/5361
f 2205/1/5362 2718/1/5362 2009/1/5362
f 2305/1/5363 1823/1/5363 2197/1/5363
f 2517/1/5364 1690/1/5364 1774/1/5364
f 2389/1/5365 1884/1/5365 1764/1/5365
f 3060/1/3 819/1/3 880/1/3
f 1734/1/5366 2570/1/5366 2806/1/5366
f 875/1/5367 2858/1/5367 867/1/5367
f 1308/1/5368 2784/1/5368 1216/1/5368
f 1384/1/5369 1769/1/5369 1764/1/5369
f 1891/1/5370 2361/1/5370 1462/1/5370
f 1425/1/5371 1474/1/5371 2102/1/5371
f 255/1/5372 2717/1/5372 1844/1/5372
f 2783/1/5373 2826/1/5373 1995/1/5373
f 2303/1/5374 2573/1/5374 2764/1/5374
f 2856/1/5375 2115/1/5375 1374/1/5375
f 2470/1/5376 952/1/5376 1507/1/5376
f 2599/1/5377 879/1/5377 1018/1/5377
f 1272/1/5378 2815/1/5378 1364/1/5378
f 2640/1/5379 2517/1/5379 2546/1/5379
f 2485/1/5380 3185/1/5380 1743/1/5380
f 1543/1/5381 1183/1/5381 2059/1/5381
f 1878/1/5382 2494/1/5382 2497/1/5382
f 71/1/5383 2266/1/5383 16/1/5383
f 2187/1/5384 2990/1/5384 2989/1/5384
f 3200/1/5385 2131/1/5385 3207/1/5385
f 2563/1/5386 1917/1/5386 88/1/5386
f 1549/1/5387 956/1/5387 1478/1/5387
f 522/1/5388 2410/1/5388 1619/1/5388
f 1258/1/5389 1495/1/5389 1051/1/5389
f 2075/1/5390 2589/1/5390 1067/1/5390
f 1461/1/5391 941/1/5391 1359/1/5391
f 327/1/5392 2346/1/5392 2406/1/5392
f 1902/1/5393 1107/1/5393 1380/1/5393
f 2221/1/5394 3007/1/5394 2999/1/5394
f 1159/1/5395 2479/1/5395 1054/1/5395
f 1846/1/5396 2774/1/5396 2149/1/5396
f 899/1/5397 1610/1/5397 2654/1/5397
f 1445/1/5398 1357/1/5398 1675/1/5398
f 2144/1/5399 1421/1/5399 2374/1/5399
f 3018/1/4810 1792/1/4810 3017/1/4810
f 2628/1/5400 2384/1/5400 2131/1/5400
f 1148/1/5401 1621/1/5401 904/1/5401
f 68/1/5402 3317/1/5402 1256/1/5402
f 1691/1/5403 1123/1/5403 390/1/5403
f 2317/1/5404 3206/1/5404 2219/1/5404
f 1625/1/5405 3220/1/5405 2064/1/5405
f 1696/1/5406 3011/1/5406 2781/1/5406
f 2879/1/5407 2205/1/5407 2701/1/5407
f 2195/1/5408 2748/1/5408 1569/1/5408
f 1104/1/5409 1482/1/5409 774/1/5409
f 886/1/5410 2235/1/5410 2194/1/5410
f 3172/1/5411 2043/1/5411 2583/1/5411
f 911/1/5412 1508/1/5412 2209/1/5412
f 3107/1/5413 477/1/5413 114/1/5413
f 1997/1/2637 2833/1/2637 2341/1/2637
f 1457/1/5414 1266/1/5414 2828/1/5414
f 2517/1/5415 2370/1/5415 1800/1/5415
f 2720/1/5416 1760/1/5416 2386/1/5416
f 1863/1/5417 1852/1/5417 2197/1/5417
f 832/1/5418 2697/1/5418 1521/1/5418
f 2463/1/5419 2593/1/5419 2214/1/5419
f 2553/1/5420 3150/1/5420 867/1/5420
f 2356/1/5421 2649/1/5421 2132/1/5421
f 1624/1/5422 1462/1/5422 2219/1/5422
f 2089/1/5423 873/1/5423 1825/1/5423
f 2673/1/5424 1604/1/5424 1694/1/5424
f 1242/1/5425 2870/1/5425 2754/1/5425
f 1387/1/5426 1316/1/5426 2579/1/5426
f 434/1/5427 1966/1/5427 290/1/5427
f 1448/1/5428 3179/1/5428 1951/1/5428
f 2599/1/5429 1395/1/5429 1948/1/5429
f 753/1/5430 532/1/5430 768/1/5430
f 2174/1/5431 898/1/5431 2245/1/5431
f 1892/1/5432 2529/1/5432 1840/1/5432
f 2599/1/5433 3269/1/5433 879/1/5433
f 288/1/5434 3235/1/5434 1782/1/5434
f 1335/1/5435 2564/1/5435 1642/1/5435
f 3019/1/2850 2341/1/2850 1792/1/2850
f 1648/1/5436 1497/1/5436 1427/1/5436
f 943/1/5437 1584/1/5437 1022/1/5437
f 3205/1/5438 294/1/5438 2142/1/5438
f 466/1/5439 3180/1/5439 635/1/5439
f 2003/1/5440 2220/1/5440 1727/1/5440
f 3170/1/5441 231/1/5441 257/1/5441
f 1955/1/5442 2182/1/5442 3193/1/5442
f 1659/1/5443 3262/1/5443 858/1/5443
f 2282/1/5444 844/1/5444 2364/1/5444
f 1913/1/5445 1200/1/5445 1324/1/5445
f 3312/1/5446 366/1/5446 3305/1/5446
f 1598/1/5447 2541/1/5447 2295/1/5447
f 2637/1/5448 1548/1/5448 1965/1/5448
f 2065/1/5449 1701/1/5449 1719/1/5449
f 2254/1/5450 2213/1/5450 2805/1/5450
f 120/1/5451 1755/1/5451 1983/1/5451
f 1741/1/5452 2650/1/5452 2588/1/5452
f 2688/1/5453 1985/1/5453 1377/1/5453
f 1450/1/5454 3215/1/5454 2708/1/5454
f 3012/1/5455 2629/1/5455 1392/1/5455
f 2303/1/5456 2524/1/5456 2573/1/5456
f 311/1/5457 3209/1/5457 377/1/5457
f 1346/1/5458 2169/1/5458 1771/1/5458
f 2784/1/5459 1322/1/5459 1486/1/5459
f 1410/1/5460 1544/1/5460 2635/1/5460
f 2622/1/5461 2592/1/5461 1727/1/5461
f 2301/1/5462 1309/1/5462 1985/1/5462
f 533/1/5463 2014/1/5463 266/1/5463
f 2519/1/5464 2851/1/5464 1450/1/5464
f 2820/1/5465 3157/1/5465 2560/1/5465
f 2913/1/5466 2683/1/5466 1583/1/5466
f 1772/1/5467 1944/1/5467 2497/1/5467
f 2170/1/5468 1183/1/5468 1543/1/5468
f 2817/1/5469 1890/1/5469 1656/1/5469
f 3206/1/5470 2317/1/5470 1056/1/5470
f 2670/1/5471 51/1/5471 2173/1/5471
f 1461/1/5472 1376/1/5472 1311/1/5472
f 2498/1/5473 1483/1/5473 2352/1/5473
f 1561/1/5474 1719/1/5474 2496/1/5474
f 1918/1/5475 2797/1/5475 2816/1/5475
f 2326/1/5476 3283/1/5476 1616/1/5476
f 1981/1/5477 1932/1/5477 1967/1/5477
f 2803/1/5478 981/1/5478 3282/1/5478
f 1316/1/5479 1387/1/5479 1305/1/5479
f 236/1/5480 2682/1/5480 2119/1/5480
f 1348/1/5481 2503/1/5481 2657/1/5481
f 239/1/5482 2619/1/5482 241/1/5482
f 193/1/5483 860/1/5483 212/1/5483
f 2231/1/5484 2863/1/5484 2864/1/5484
f 2983/1/5485 1516/1/5485 2148/1/5485
f 1932/1/5486 2537/1/5486 2392/1/5486
f 2188/1/5487 3171/1/5487 1723/1/5487
f 819/1/3 2419/1/3 880/1/3
f 2775/1/5488 2380/1/5488 2247/1/5488
f 53/1/5489 2677/1/5489 2249/1/5489
f 2860/1/5490 1398/1/5490 863/1/5490
f 2597/1/5491 2705/1/5491 853/1/5491
f 953/1/5492 1478/1/5492 956/1/5492
f 2238/1/5493 3/1/5493 2156/1/5493
f 1625/1/5494 1592/1/5494 2729/1/5494
f 2164/1/5495 1722/1/5495 2130/1/5495
f 2257/1/5496 825/1/5496 2160/1/5496
f 1989/1/5497 3132/1/5497 957/1/5497
f 2186/1/5498 1685/1/5498 2373/1/5498
f 1535/1/5499 2169/1/5499 2695/1/5499
f 2287/1/5500 2713/1/5500 3276/1/5500
f 1168/1/2891 2969/1/2891 1278/1/2891
f 1598/1/5501 2593/1/5501 2525/1/5501
f 2689/1/5502 2838/1/5502 2162/1/5502
f 2718/1/5503 3250/1/5503 2033/1/5503
f 654/1/5504 3110/1/5504 378/1/5504
f 1577/1/5505 190/1/5505 2660/1/5505
f 95/1/5506 3191/1/5506 2623/1/5506
f 1930/1/5507 3271/1/5507 3216/1/5507
f 3026/1/5508 3027/1/5508 3020/1/5508
f 1598/1/5509 2051/1/5509 2593/1/5509
f 1937/1/5510 2596/1/5510 2135/1/5510
f 1337/1/5511 1502/1/5511 996/1/5511
f 2671/1/5512 156/1/5512 218/1/5512
f 3060/1/3 993/1/3 819/1/3
f 2990/1/5513 2116/1/5513 2037/1/5513
f 2627/1/5514 1765/1/5514 1900/1/5514
f 2334/1/5515 1614/1/5515 2433/1/5515
f 1850/1/5516 3228/1/5516 1646/1/5516
f 1471/1/5517 1082/1/5517 1481/1/5517
f 63/1/5518 1860/1/5518 1600/1/5518
f 2043/1/5519 2661/1/5519 2583/1/5519
f 3308/1/5520 1125/1/5520 1179/1/5520
f 88/1/5521 83/1/5521 95/1/5521
f 1644/1/5522 2576/1/5522 2822/1/5522
f 514/1/5523 1753/1/5523 1824/1/5523
f 882/1/5524 1532/1/5524 2653/1/5524
f 1612/1/5525 1353/1/5525 2371/1/5525
f 2835/1/5526 1966/1/5526 350/1/5526
f 2306/1/5527 3226/1/5527 2488/1/5527
f 2390/1/5528 2200/1/5528 1379/1/5528
f 1408/1/5529 2520/1/5529 1526/1/5529
f 914/1/5530 930/1/5530 816/1/5530
f 930/1/5531 914/1/5531 3059/1/5531
f 2776/1/5532 1637/1/5532 2484/1/5532
f 2026/1/5533 962/1/5533 3151/1/5533
f 813/1/5534 2294/1/5534 1801/1/5534
f 1912/1/5535 1164/1/5535 3131/1/5535
f 1787/1/5536 1047/1/5536 2336/1/5536
f 1435/1/5537 2457/1/5537 1220/1/5537
f 1884/1/5538 2485/1/5538 2387/1/5538
f 563/1/5539 1990/1/5539 99/1/5539
f 817/1/5540 2898/1/5540 1092/1/5540
f 1584/1/5541 943/1/5541 1035/1/5541
f 929/1/5542 2655/1/5542 2528/1/5542
f 1142/1/5543 1636/1/5543 1658/1/5543
f 2069/1/5544 1861/1/5544 2777/1/5544
f 3220/1/5545 1368/1/5545 1477/1/5545
f 1926/1/5546 2007/1/5546 1865/1/5546
f 225/1/5547 46/1/5547 251/1/5547
f 2272/1/5548 896/1/5548 1888/1/5548
f 2390/1/5549 1816/1/5549 2499/1/5549
f 2558/1/5550 2688/1/5550 885/1/5550
f 3156/1/5551 185/1/5551 2364/1/5551
f 2596/1/5552 1593/1/5552 2161/1/5552
f 166/1/5553 171/1/5553 259/1/5553
f 1752/1/5554 1475/1/5554 1657/1/5554
f 2647/1/5555 1265/1/5555 1323/1/5555
f 2947/1/5556 2941/1/5556 2940/1/5556
f 1664/1/5557 3171/1/5557 1614/1/5557
f 2707/1/5558 2704/1/5558 2656/1/5558
f 140/1/5559 142/1/5559 117/1/5559
f 2927/1/5560 982/1/5560 2707/1/5560
f 2798/1/3788 821/1/3788 820/1/3788
f 3038/1/5561 3039/1/5561 3032/1/5561
f 2942/1/5562 2048/1/5562 2941/1/5562
f 3047/1/4019 2264/1/4019 3046/1/4019
f 2287/1/5563 2368/1/5563 2189/1/5563
f 1583/1/5564 2706/1/5564 2751/1/5564
f 2934/1/5565 979/1/5565 2048/1/5565
f 2949/1/5566 2942/1/5566 2941/1/5566
f 2517/1/5567 1774/1/5567 2370/1/5567
f 205/1/5568 1217/1/5568 3142/1/5568
f 2949/1/5569 2941/1/5569 2948/1/5569
f 2947/1/5570 2948/1/5570 2941/1/5570
f 2935/1/5571 2656/1/5571 2048/1/5571
f 2061/1/5572 903/1/5572 962/1/5572
f 2954/1/5573 2948/1/5573 2947/1/5573
f 3074/1/5574 3075/1/5574 3068/1/5574
f 3231/1/5575 360/1/5575 400/1/5575
f 2880/1/5576 897/1/5576 1452/1/5576
f 3282/1/5577 1126/1/5577 870/1/5577
f 2887/2/5578 2888/3/5578 3104/4/5578
f 2888/3/5579 2889/5/5579 2882/6/5579
f 2889/5/5580 2890/7/5580 2883/8/5580
f 2896/9/5581 2889/5/5581 2888/3/5581
f 2897/10/5582 2890/7/5582 2889/5/5582
f 1464/1/5583 380/1/5583 1121/1/5583
f 198/1/5584 215/1/5584 447/1/5584
f 3174/1/5585 2512/1/5585 183/1/5585
f 3103/1/2176 2801/1/2176 2886/1/2176
f 1068/1/5586 833/1/5586 1811/1/5586
f 102/1/5587 2633/1/5587 104/1/5587
f 2309/1/5588 3261/1/5588 588/1/5588
f 2902/11/5589 2903/12/5589 2896/9/5589
f 2904/13/5590 2897/10/5590 2896/9/5590
f 2909/14/5591 2910/15/5591 2903/12/5591
f 2911/16/5592 2904/13/5592 2903/12/5592
f 1911/1/5593 1180/1/5593 3314/1/5593
f 1136/1/5594 39/1/5594 2079/1/5594
f 2907/17/5595 2908/18/5595 2901/19/5595
f 2909/14/5596 2902/11/5596 2901/19/5596
f 2914/20/5597 2907/17/5597 2906/21/5597
f 2914/20/5598 2915/22/5598 2908/18/5598
f 2916/23/5599 2909/14/5599 2908/18/5599
f 2916/23/5600 2917/24/5600 2910/15/5600
f 2918/25/5601 2911/16/5601 2910/15/5601
f 985/1/5602 2906/1/5602 2905/1/5602
f 2925/26/5603 2918/25/5603 2917/24/5603
f 2626/1/5604 1013/1/5604 2683/1/5604
f 2921/27/5605 2914/20/5605 2913/28/5605
f 2921/27/5606 2922/29/5606 2915/22/5606
f 2923/30/5607 2916/23/5607 2915/22/5607
f 2923/30/5608 2924/31/5608 2917/24/5608
f 2928/32/5609 2929/33/5609 2922/29/5609
f 2930/34/5610 2923/30/5610 2922/29/5610
f 2930/34/5611 2931/35/5611 2924/31/5611
f 2932/36/5612 2925/26/5612 2924/31/5612
f 3283/1/5613 1670/1/5613 1616/1/5613
f 1687/1/5614 960/1/5614 1895/1/5614
f 2935/37/5615 2936/38/5615 2929/33/5615
f 2937/39/5616 2930/34/5616 2929/33/5616
f 2938/40/5617 2931/35/5617 2930/34/5617
f 2938/40/5618 2939/41/5618 2932/36/5618
f 2942/42/5619 2943/43/5619 2936/44/5619
f 2944/45/5620 2937/46/5620 2936/44/5620
f 2944/45/5621 2945/47/5621 2938/48/5621
f 2946/49/5622 2939/50/5622 2938/48/5622
f 2949/51/5623 2950/52/5623 2943/43/5623
f 2951/53/5624 2944/45/5624 2943/43/5624
f 2952/54/5625 2945/47/5625 2944/45/5625
f 2953/55/5626 2946/49/5626 2945/47/5626
f 2710/1/5627 1314/1/5627 1540/1/5627
f 1294/1/5628 2074/1/5628 1477/1/5628
f 2960/56/5629 2953/55/5629 2952/54/5629
f 398/1/5630 3233/1/5630 1749/1/5630
f 2356/1/5631 1869/1/5631 2649/1/5631
f 1009/1/5632 1288/1/5632 1370/1/5632
f 1963/1/5633 1534/1/5633 2694/1/5633
f 157/1/5634 1880/1/5634 169/1/5634
f 2088/1/5635 3214/1/5635 1276/1/5635
f 2864/1/5636 1645/1/5636 2865/1/5636
f 918/1/5637 2604/1/5637 869/1/5637
f 2213/1/5638 1186/1/5638 2105/1/5638
f 1339/1/5639 3214/1/5639 2551/1/5639
f 463/1/5640 643/1/5640 629/1/5640
f 3132/1/5641 2013/1/5641 957/1/5641
f 1315/1/5642 1929/1/5642 1334/1/5642
f 2877/1/5643 2260/1/5643 1843/1/5643
f 2865/1/5644 1510/1/5644 1293/1/5644
f 2971/1/5645 2678/1/5645 2978/1/5645
f 2005/1/5646 1313/1/5646 1980/1/5646
f 2807/1/5647 2846/1/5647 2389/1/5647
f 2582/1/5648 2414/1/5648 2365/1/5648
f 2001/1/5649 3053/1/5649 2680/1/5649
f 2934/1/5650 847/1/5650 979/1/5650
f 866/1/5651 2038/1/5651 1840/1/5651
f 1445/1/5652 2377/1/5652 1383/1/5652
f 856/1/5653 2783/1/5653 1061/1/5653
f 2582/1/5654 2225/1/5654 2675/1/5654
f 2457/1/5655 1382/1/5655 1220/1/5655
f 1495/1/5656 1182/1/5656 2031/1/5656
f 1794/1/5657 2644/1/5657 2408/1/5657
f 2353/1/5658 2962/1/5658 2961/1/5658
f 2668/1/5659 1389/1/5659 2819/1/5659
f 2753/1/5660 1178/1/5660 1190/1/5660
f 321/1/5661 182/1/5661 412/1/5661
f 3263/1/5662 2404/1/5662 2311/1/5662
f 2423/1/5663 2731/1/5663 1603/1/5663
f 1666/1/5664 3268/1/5664 1974/1/5664
f 4/1/5665 1777/1/5665 2488/1/5665
f 501/1/5666 2859/1/5666 329/1/5666
f 166/1/5667 262/1/5667 229/1/5667
f 1807/1/5668 1301/1/5668 2184/1/5668
f 847/1/5669 2934/1/5669 2235/1/5669
f 118/1/5670 2668/1/5670 329/1/5670
f 1951/1/5671 2147/1/5671 1679/1/5671
f 1332/1/5672 2871/1/5672 2637/1/5672
f 1421/1/5673 2645/1/5673 2743/1/5673
f 3308/1/5674 644/1/5674 1125/1/5674
f 1338/1/5675 1331/1/5675 2562/1/5675
f 1425/1/5676 2250/1/5676 2267/1/5676
f 3128/1/5677 532/1/5677 753/1/5677
f 293/1/5678 1726/1/5678 2438/1/5678
f 2002/1/5679 2040/1/5679 1378/1/5679
f 2213/1/5680 1262/1/5680 1288/1/5680
f 2455/1/5681 1871/1/5681 1285/1/5681
f 3029/57/5682 3022/58/5682 3021/59/5682
f 3030/60/5683 3023/61/5683 3022/58/5683
f 1926/1/5684 3237/1/5684 1733/1/5684
f 1266/1/5685 1412/1/5685 2212/1/5685
f 3036/62/5686 3029/57/5686 3028/63/5686
f 3037/64/5687 3030/60/5687 3029/57/5687
f 2476/1/5688 2504/1/5688 2734/1/5688
f 3054/1/5689 3047/1/5689 3046/1/5689
f 3040/65/5690 3033/66/5690 3032/67/5690
f 3040/65/5691 3041/68/5691 3034/69/5691
f 3042/70/5692 3035/71/5692 3034/69/5692
f 3043/72/5693 3036/62/5693 3035/71/5693
f 3044/73/5694 3037/64/5694 3036/62/5694
f 3049/74/5695 3042/70/5695 3041/68/5695
f 3049/74/5696 3050/75/5696 3043/72/5696
f 3050/75/5697 3051/76/5697 3044/73/5697
f 3047/77/5698 3048/78/5698 3041/68/5698
f 3054/79/5699 3055/80/5699 3048/78/5699
f 3056/81/5700 3049/74/5700 3048/78/5700
f 3057/82/5701 3050/75/5701 3049/74/5701
f 3058/83/5702 3051/76/5702 3050/75/5702
f 3064/84/5703 3057/82/5703 3056/81/5703
f 3065/85/5704 3058/83/5704 3057/82/5704
f 647/1/5705 736/1/5705 369/1/5705
f 3061/86/5706 3054/79/5706 3053/87/5706
f 3061/86/5707 3062/88/5707 3055/80/5707
f 3063/89/5708 3056/81/5708 3055/80/5708
f 1883/1/5709 2079/1/5709 2848/1/5709
f 3069/90/5710 3070/91/5710 3062/88/5710
f 3071/92/5711 3063/89/5711 3062/88/5711
f 3071/92/5712 3072/93/5712 3064/84/5712
f 3073/94/5713 3065/85/5713 3064/84/5713
f 3079/95/5714 3072/93/5714 3071/92/5714
f 3080/96/5715 3073/94/5715 3072/93/5715
f 2259/1/5716 448/1/5716 2410/1/5716
f 2670/1/5717 2173/1/5717 48/1/5717
f 3078/97/5718 3071/92/5718 3070/91/5718
f 3086/98/5719 3079/95/5719 3078/97/5719
f 3087/99/5720 3080/96/5720 3079/95/5720
f 3094/100/5721 3087/99/5721 3086/98/5721
f 3081/1/5722 1010/1/5722 3074/1/5722
f 3093/101/5723 3086/98/5723 3085/102/5723
f 1160/1/5724 2610/1/5724 1155/1/5724
f 2156/1/5725 38/1/5725 176/1/5725
f 84/1/5726 1862/1/5726 2070/1/5726
f 3099/103/5727 3100/104/5727 3093/101/5727
f 3101/105/5728 3094/100/5728 3093/101/5728
f 2885/1/2176 1147/1/2176 2801/1/2176
f 3103/1/2075 2724/1/2075 2801/1/2075
f 3097/1/1933 1122/1/1933 1058/1/1933
f 2881/1/1968 1117/1/1968 3103/1/1968
f 2881/106/5729 3104/4/5729 3099/103/5729
f 3104/4/5730 2882/6/5730 3100/104/5730
f 2882/6/5731 2883/8/5731 3101/105/5731
f 1459/1/5732 1146/1/5732 2275/1/5732
f 660/1/5733 3201/1/5733 661/1/5733
f 977/1/5734 913/1/5734 1599/1/5734
f 2163/1/5735 73/1/5735 3183/1/5735
f 1810/1/5736 1644/1/5736 2822/1/5736
f 2049/1/5737 1188/1/5737 1962/1/5737
f 2271/1/5738 3229/1/5738 2822/1/5738
f 1710/1/5739 294/1/5739 296/1/5739
f 3215/1/5740 1450/1/5740 2851/1/5740
f 1771/1/5741 1193/1/5741 935/1/5741
f 2408/1/5742 1838/1/5742 1794/1/5742
f 1369/1/5743 1472/1/5743 1433/1/5743
f 2686/1/5744 2403/1/5744 2580/1/5744
f 1372/1/5745 1541/1/5745 1790/1/5745
f 1299/1/5746 2308/1/5746 2352/1/5746
f 1681/1/5747 253/1/5747 2631/1/5747
f 2580/1/5748 2627/1/5748 2391/1/5748
f 3222/1/5749 1634/1/5749 2076/1/5749
f 2063/1/5750 235/1/5750 239/1/5750
f 1677/1/5751 1994/1/5751 848/1/5751
f 2961/1/5658 954/1/5658 2353/1/5658
f 2491/1/5752 1161/1/5752 2743/1/5752
f 2865/1/5753 2231/1/5753 2864/1/5753
f 1094/1/5754 1886/1/5754 390/1/5754
f 842/1/5755 2295/1/5755 2119/1/5755
f 1269/1/5756 1397/1/5756 2209/1/5756
f 395/1/5757 53/1/5757 2791/1/5757
f 1087/1/90 3075/1/90 2022/1/90
f 2996/1/5758 1570/1/5758 1656/1/5758
f 234/1/5759 233/1/5759 225/1/5759
f 1470/1/5760 1319/1/5760 2578/1/5760
f 1940/1/5761 2697/1/5761 2122/1/5761
f 2688/1/5762 1257/1/5762 2871/1/5762
f 1540/1/5763 1138/1/5763 1279/1/5763
f 1800/1/5764 1685/1/5764 2546/1/5764
f 3092/1/5765 3085/1/5765 3084/1/5765
f 2655/1/5766 1927/1/5766 2057/1/5766
f 695/1/5767 878/1/5767 1768/1/5767
f 1639/1/5768 2576/1/5768 1977/1/5768
f 3248/1/5769 235/1/5769 1889/1/5769
f 1472/1/5770 1277/1/5770 1331/1/5770
f 2189/1/5771 2368/1/5771 1616/1/5771
f 635/1/5772 145/1/5772 466/1/5772
f 2139/1/5773 2481/1/5773 1448/1/5773
f 2303/1/5774 2764/1/5774 2664/1/5774
f 2248/1/5775 1297/1/5775 2021/1/5775
f 1290/1/5776 1347/1/5776 1635/1/5776
f 1162/1/1979 3097/1/1979 1117/1/1979
f 1264/1/5777 3107/1/5777 114/1/5777
f 2283/1/5778 2030/1/5778 1341/1/5778
f 1298/1/5779 2209/1/5779 1397/1/5779
f 3103/1/2108 1129/1/2108 1115/1/2108
f 1028/1/5780 3132/1/5780 1989/1/5780
f 2172/1/5781 2185/1/5781 2802/1/5781
f 1357/1/5782 1486/1/5782 1675/1/5782
f 2067/1/5783 1081/1/5783 1959/1/5783
f 1251/1/5784 2122/1/5784 1327/1/5784
f 2436/1/5785 2919/1/5785 1942/1/5785
f 1875/1/5786 2421/1/5786 813/1/5786
f 349/1/5787 3208/1/5787 319/1/5787
f 2829/1/5788 3268/1/5788 371/1/5788
f 701/1/5789 517/1/5789 1153/1/5789
f 2887/2/5790 3104/4/5790 2881/106/5790
f 2888/3/5791 2882/6/5791 3104/4/5791
f 2889/5/5792 2883/8/5792 2882/6/5792
f 2890/7/5793 3066/107/5793 2883/8/5793
f 2896/9/5794 2888/3/5794 2895/108/5794
f 2897/10/5795 2889/5/5795 2896/9/5795
f 2897/10/5796 3066/109/5796 2890/7/5796
f 2756/1/5797 146/1/5797 148/1/5797
f 2899/1/5798 1042/1/5798 1092/1/5798
f 478/1/5799 3258/1/5799 2372/1/5799
f 1506/1/5800 790/1/5800 2811/1/5800
f 136/1/5801 1576/1/5801 3287/1/5801
f 122/1/5802 2624/1/5802 1249/1/5802
f 3282/1/5803 2239/1/5803 1126/1/5803
f 2902/11/5804 2896/9/5804 2895/108/5804
f 2904/13/5805 2896/9/5805 2903/12/5805
f 2904/13/5806 3066/110/5806 2897/10/5806
f 2909/14/5807 2903/12/5807 2902/11/5807
f 2911/16/5808 2903/12/5808 2910/15/5808
f 2911/16/5809 3066/111/5809 2904/13/5809
f 2474/1/5810 1682/1/5810 3272/1/5810
f 700/1/5811 1134/1/5811 3125/1/5811
f 2907/17/5812 2901/19/5812 2900/112/5812
f 2909/14/5813 2901/19/5813 2908/18/5813
f 3296/1/5814 2395/1/5814 2765/1/5814
f 2914/20/5815 2908/18/5815 2907/17/5815
f 2916/23/5816 2908/18/5816 2915/22/5816
f 2916/23/5817 2910/15/5817 2909/14/5817
f 2918/25/5818 2910/15/5818 2917/24/5818
f 2918/25/5819 3066/113/5819 2911/16/5819
f 2913/1/4061 924/1/4061 985/1/4061
f 2925/26/5820 2917/24/5820 2924/31/5820
f 2925/26/5821 3066/114/5821 2918/25/5821
f 2328/1/5822 1017/1/5822 1907/1/5822
f 2921/27/5823 2915/22/5823 2914/20/5823
f 2923/30/5824 2915/22/5824 2922/29/5824
f 2923/30/5825 2917/24/5825 2916/23/5825
f 2928/32/5826 2922/29/5826 2921/27/5826
f 2930/34/5827 2922/29/5827 2929/33/5827
f 2930/34/5828 2924/31/5828 2923/30/5828
f 2932/36/5829 2924/31/5829 2931/35/5829
f 2932/36/5830 3066/115/5830 2925/26/5830
f 2928/1/5831 1895/1/5831 2707/1/5831
f 2711/1/5832 2599/1/5832 1018/1/5832
f 2939/41/5833 3066/116/5833 2932/36/5833
f 2935/37/5834 2929/33/5834 2928/32/5834
f 2937/39/5835 2929/33/5835 2936/38/5835
f 2938/40/5836 2930/34/5836 2937/39/5836
f 2938/40/5837 2932/36/5837 2931/35/5837
f 2942/42/5838 2936/44/5838 2935/117/5838
f 2853/1/5839 1428/1/5839 2697/1/5839
f 2944/45/5840 2936/44/5840 2943/43/5840
f 2944/45/5841 2938/48/5841 2937/46/5841
f 2946/49/5842 2938/48/5842 2945/47/5842
f 2946/49/5843 3066/118/5843 2939/50/5843
f 2953/55/5844 3066/119/5844 2946/49/5844
f 2949/51/5845 2943/43/5845 2942/42/5845
f 2951/53/5846 2943/43/5846 2950/52/5846
f 2952/54/5847 2944/45/5847 2951/53/5847
f 2953/55/5848 2945/47/5848 2952/54/5848
f 3011/1/5849 2540/1/5849 2261/1/5849
f 1060/1/5850 2134/1/5850 2873/1/5850
f 1386/1/5851 1545/1/5851 2572/1/5851
f 2960/56/5852 3066/120/5852 2953/55/5852
f 860/1/5853 894/1/5853 853/1/5853
f 1228/1/5854 1233/1/5854 1184/1/5854
f 3227/1/5855 37/1/5855 456/1/5855
f 950/1/5856 1787/1/5856 1520/1/5856
f 2413/1/5857 3249/1/5857 1728/1/5857
f 1467/1/5858 2737/1/5858 2486/1/5858
f 2967/121/5859 3066/122/5859 2960/56/5859
f 2920/1/5860 2449/1/5860 919/1/5860
f 2984/1/5861 1317/1/5861 1409/1/5861
f 1837/1/5862 2243/1/5862 2831/1/5862
f 2974/123/5863 3066/124/5863 2967/121/5863
f 3178/1/5864 2228/1/5864 2160/1/5864
f 139/1/5865 137/1/5865 167/1/5865
f 2644/1/5866 1794/1/5866 2494/1/5866
f 2696/1/5867 2609/1/5867 2560/1/5867
f 855/1/5868 2766/1/5868 2393/1/5868
f 2179/1/5869 2775/1/5869 2247/1/5869
f 2180/1/5870 2734/1/5870 1621/1/5870
f 1808/1/5871 2263/1/5871 1275/1/5871
f 2981/125/5872 3066/126/5872 2974/123/5872
f 2856/1/5873 2736/1/5873 1284/1/5873
f 2476/1/5874 2530/1/5874 1200/1/5874
f 2988/127/5875 3066/128/5875 2981/125/5875
f 2225/1/5876 2582/1/5876 1556/1/5876
f 1807/1/5877 1531/1/5877 1630/1/5877
f 1405/1/5878 1648/1/5878 2802/1/5878
f 2808/1/5879 2753/1/5879 2620/1/5879
f 1136/1/5880 2884/1/5880 351/1/5880
f 1212/1/5881 1021/1/5881 2544/1/5881
f 883/1/5882 2314/1/5882 2278/1/5882
f 1465/1/5883 775/1/5883 1318/1/5883
f 1127/1/5884 750/1/5884 113/1/5884
f 687/1/5885 1911/1/5885 690/1/5885
f 992/1/5886 1100/1/5886 1083/1/5886
f 2883/8/5887 3066/129/5887 3101/105/5887
f 2882/6/5888 3101/105/5888 3100/104/5888
f 3104/4/5889 3100/104/5889 3099/103/5889
f 2881/106/5890 3099/103/5890 3098/130/5890
f 3097/1/1941 949/1/1941 2060/1/1941
f 3097/1/1968 1129/1/1968 1117/1/1968
f 2360/1/5891 1135/1/5891 2880/1/5891
f 1100/1/5892 2315/1/5892 1095/1/5892
f 3101/105/5893 3066/131/5893 3094/100/5893
f 3101/105/5894 3093/101/5894 3100/104/5894
f 3099/103/5895 3093/101/5895 3092/132/5895
f 3099/1/5896 3091/1/5896 3098/1/5896
f 1481/1/2083 1089/1/2083 2060/1/2083
f 124/1/5897 469/1/5897 1084/1/5897
f 3093/101/5898 3085/102/5898 3092/132/5898
f 1120/1/5899 1135/1/5899 1072/1/5899
f 3094/100/5900 3066/133/5900 3087/99/5900
f 3094/100/5901 3086/98/5901 3093/101/5901
f 3087/99/5902 3066/134/5902 3080/96/5902
f 3087/99/5903 3079/95/5903 3086/98/5903
f 3086/98/5904 3078/97/5904 3085/102/5904
f 1832/1/5905 2350/1/5905 2277/1/5905
f 3198/1/5906 297/1/5906 1711/1/5906
f 295/1/5907 2010/1/5907 1711/1/5907
f 14/1/5908 3197/1/5908 2166/1/5908
f 2467/1/5909 1527/1/5909 1775/1/5909
f 3080/96/5910 3066/135/5910 3073/94/5910
f 3080/96/5911 3072/93/5911 3079/95/5911
f 3079/95/5912 3071/92/5912 3078/97/5912
f 3073/94/5913 3066/136/5913 3065/85/5913
f 3073/94/5914 3064/84/5914 3072/93/5914
f 3071/92/5915 3064/84/5915 3063/89/5915
f 3071/92/5916 3062/88/5916 3070/91/5916
f 3069/90/5917 3062/88/5917 3061/86/5917
f 3060/1/118 880/1/118 2192/1/118
f 1758/1/5918 373/1/5918 1894/1/5918
f 3063/89/5919 3055/80/5919 3062/88/5919
f 3061/86/5920 3055/80/5920 3054/79/5920
f 3060/1/3740 822/1/3740 814/1/3740
f 3039/1/5085 2264/1/5085 3040/1/5085
f 3065/85/5921 3066/137/5921 3058/83/5921
f 3065/85/5922 3057/82/5922 3064/84/5922
f 3064/84/5923 3056/81/5923 3063/89/5923
f 3058/83/5924 3066/138/5924 3051/76/5924
f 3058/83/5925 3050/75/5925 3057/82/5925
f 3057/82/5926 3049/74/5926 3056/81/5926
f 3056/81/5927 3048/78/5927 3055/80/5927
f 3054/79/5928 3048/78/5928 3047/77/5928
f 3047/77/5929 3041/68/5929 3040/65/5929
f 3051/76/5930 3066/139/5930 3044/73/5930
f 3050/75/5931 3044/73/5931 3043/72/5931
f 3049/74/5932 3043/72/5932 3042/70/5932
f 3049/74/5933 3041/68/5933 3048/78/5933
f 3044/73/5934 3036/62/5934 3043/72/5934
f 3043/72/5935 3035/71/5935 3042/70/5935
f 3042/70/5936 3034/69/5936 3041/68/5936
f 3040/65/5937 3034/69/5937 3033/66/5937
f 2748/1/5938 2755/1/5938 1573/1/5938
f 1829/1/5939 341/1/5939 362/1/5939
f 3044/73/5940 3066/140/5940 3037/64/5940
f 3033/1/5941 3025/1/5941 3032/1/5941
f 3037/64/5942 3066/141/5942 3030/60/5942
f 3037/64/5943 3029/57/5943 3036/62/5943
f 3036/62/5944 3028/63/5944 3035/71/5944
f 2301/1/5945 2688/1/5945 1325/1/5945
f 2473/1/5946 1688/1/5946 2255/1/5946
f 3030/60/5947 3022/58/5947 3029/57/5947
f 3029/57/5948 3021/59/5948 3028/63/5948
f 935/1/5949 1440/1/5949 1218/1/5949
f 2203/1/5950 1662/1/5950 2370/1/5950
f 3030/60/5951 3066/142/5951 3023/61/5951
f 2674/1/5952 1381/1/5952 889/1/5952
f 3023/61/5953 3066/143/5953 3016/144/5953
f 3023/61/5954 3015/145/5954 3022/58/5954
f 2715/1/5955 2562/1/5955 2615/1/5955
f 1668/1/5956 287/1/5956 263/1/5956
f 3221/1/5957 1476/1/5957 2374/1/5957
f 1930/1/5958 1854/1/5958 2333/1/5958
f 2860/1/5959 1145/1/5959 1189/1/5959
f 2840/1/5960 2739/1/5960 814/1/5960
f 961/1/5961 2295/1/5961 842/1/5961
f 3016/144/5962 3066/146/5962 3009/147/5962
f 2021/1/5963 1492/1/5963 1447/1/5963
f 2493/1/5964 3295/1/5964 1106/1/5964
f 3009/147/5965 3066/148/5965 3002/149/5965
f 1404/1/5966 1323/1/5966 1342/1/5966
f 2976/1/5967 2652/1/5967 1063/1/5967
f 30/1/5968 200/1/5968 155/1/5968
f 2252/1/5969 2255/1/5969 1688/1/5969
f 1427/1/5970 1231/1/5970 1352/1/5970
f 1637/1/5971 1801/1/5971 2484/1/5971
f 2400/1/5972 1802/1/5972 1977/1/5972
f 2667/1/5973 1596/1/5973 2413/1/5973
f 993/1/3 991/1/3 819/1/3
f 3002/149/5974 3066/150/5974 2995/151/5974
f 1648/1/5975 1405/1/5975 1497/1/5975
f 1447/1/5976 2059/1/5976 1183/1/5976
f 2995/151/5977 3066/152/5977 2988/127/5977
f 2209/1/5978 2845/1/5978 2451/1/5978
f 911/1/5979 1484/1/5979 1503/1/5979
f 68/1/5980 3274/1/5980 1264/1/5980
f 974/1/5981 966/1/5981 2176/1/5981
f 1086/1/5982 2648/1/5982 1292/1/5982
f 2198/1/5983 2856/1/5983 2632/1/5983
f 1095/1/5984 1984/1/5984 1075/1/5984
f 1267/1/5985 476/1/5985 496/1/5985
f 302/1/5986 2526/1/5986 321/1/5986
f 626/1/5987 1682/1/5987 1236/1/5987
f 1815/1/5988 3309/1/5988 1175/1/5988
f 1996/1/5989 1885/1/5989 1165/1/5989
f 134/1/5990 547/1/5990 36/1/5990
f 882/1/5991 958/1/5991 460/1/5991
f 2436/1/5992 2535/1/5992 1763/1/5992
f 2639/1/5993 2493/1/5993 945/1/5993
f 315/1/5994 41/1/5994 209/1/5994
f 2233/1/5995 1114/1/5995 725/1/5995
f 3126/1/5996 2531/1/5996 1067/1/5996
f 3133/1/1778 2658/1/1778 2804/1/1778
f 2072/1/5997 762/1/5997 1205/1/5997
f 558/1/5998 1019/1/5998 1043/1/5998
f 145/1/5999 491/1/5999 495/1/5999
f 2700/1/6000 2714/1/6000 2600/1/6000
f 1874/1/6001 312/1/6001 411/1/6001
f 552/1/6002 1153/1/6002 724/1/6002
f 1238/1/6003 1896/1/6003 2128/1/6003
f 706/1/6004 717/1/6004 3299/1/6004
f 1622/1/6005 868/1/6005 1452/1/6005
f 2594/1/6006 1692/1/6006 1245/1/6006
f 515/1/6007 568/1/6007 364/1/6007
f 1856/1/6008 1832/1/6008 2277/1/6008
f 458/1/6009 3291/1/6009 470/1/6009
f 323/1/6010 439/1/6010 355/1/6010
f 672/1/6011 680/1/6011 718/1/6011
f 523/1/6012 1194/1/6012 1151/1/6012
f 81/1/6013 136/1/6013 36/1/6013
f 1077/1/6014 2461/1/6014 1318/1/6014
f 2390/1/6015 2106/1/6015 2200/1/6015
f 3221/1/6016 2438/1/6016 1476/1/6016
f 2662/1/6017 1852/1/6017 1782/1/6017
f 2729/1/6018 61/1/6018 299/1/6018
f 2746/1/6019 1272/1/6019 1695/1/6019
f 405/1/6020 500/1/6020 592/1/6020
f 2348/1/6021 1562/1/6021 1552/1/6021
f 11/1/6022 308/1/6022 3210/1/6022
f 3302/1/6023 2559/1/6023 2811/1/6023
f 387/1/6024 2260/1/6024 2877/1/6024
f 1547/1/6025 328/1/6025 1364/1/6025
f 2846/1/6026 1550/1/6026 2389/1/6026
f 1729/1/6027 1664/1/6027 1614/1/6027
f 2549/1/6028 1943/1/6028 2385/1/6028
f 629/1/6029 3161/1/6029 566/1/6029
f 2568/1/6030 1424/1/6030 1291/1/6030
f 1900/1/6031 1560/1/6031 1721/1/6031
f 1044/1/6032 1134/1/6032 1227/1/6032
f 2167/1/6033 3156/1/6033 2331/1/6033
f 79/1/6034 1356/1/6034 1263/1/6034
f 1787/1/6035 1359/1/6035 941/1/6035
f 2291/1/6036 2118/1/6036 1364/1/6036
f 2663/1/6037 1790/1/6037 1541/1/6037
f 2309/1/6038 641/1/6038 3261/1/6038
f 3204/1/6039 2549/1/6039 2441/1/6039
f 6/1/6040 340/1/6040 3210/1/6040
f 3119/1/6041 2448/1/6041 39/1/6041
f 938/1/6042 1436/1/6042 1285/1/6042
f 567/1/6043 969/1/6043 809/1/6043
f 782/1/6044 783/1/6044 1488/1/6044
f 1821/1/6045 1055/1/6045 3102/1/6045
f 3213/1/6046 2746/1/6046 1695/1/6046
f 1660/1/6047 1575/1/6047 1836/1/6047
f 1232/1/2071 1973/1/2071 734/1/2071
f 3146/1/6048 1267/1/6048 496/1/6048
f 101/1/6049 566/1/6049 586/1/6049
f 1758/1/6050 1894/1/6050 3244/1/6050
f 385/1/6051 2646/1/6051 3202/1/6051
f 2645/1/6052 1407/1/6052 2743/1/6052
f 2523/1/6053 1417/1/6053 1441/1/6053
f 525/1/6054 360/1/6054 65/1/6054
f 501/1/6055 67/1/6055 22/1/6055
f 523/1/6056 729/1/6056 831/1/6056
f 2795/1/6057 8/1/6057 1464/1/6057
f 2335/1/6058 347/1/6058 497/1/6058
f 1019/1/6059 713/1/6059 1590/1/6059
f 1891/1/6060 3199/1/6060 2361/1/6060
f 515/1/6061 529/1/6061 568/1/6061
f 3218/1/6062 399/1/6062 2335/1/6062
f 246/1/6063 264/1/6063 277/1/6063
f 59/1/6064 40/1/6064 238/1/6064
f 1809/1/6065 240/1/6065 2791/1/6065
f 473/1/6066 2165/1/6066 203/1/6066
f 387/1/6067 3198/1/6067 2260/1/6067
f 2340/1/6068 192/1/6068 3164/1/6068
f 3054/1/6069 3046/1/6069 3053/1/6069
f 857/1/6070 371/1/6070 1157/1/6070
f 2079/1/6071 1883/1/6071 638/1/6071
f 1212/1/6072 733/1/6072 1080/1/6072
f 1029/1/6073 909/1/6073 3138/1/6073
f 2052/1/6074 421/1/6074 3280/1/6074
f 1992/1/6075 2000/1/6075 1594/1/6075
f 397/1/6076 506/1/6076 498/1/6076
f 542/1/6077 583/1/6077 556/1/6077
f 168/1/6078 3182/1/6078 1880/1/6078
f 410/1/6079 694/1/6079 590/1/6079
f 3271/1/6080 1930/1/6080 2434/1/6080
f 1610/1/6081 858/1/6081 2654/1/6081
f 434/1/6082 350/1/6082 1966/1/6082
f 505/1/6083 165/1/6083 3246/1/6083
f 711/1/6084 2651/1/6084 457/1/6084
f 627/1/6085 560/1/6085 541/1/6085
f 2103/1/6086 3120/1/6086 2287/1/6086
f 1953/1/6087 2183/1/6087 3045/1/6087
f 178/1/6088 2471/1/6088 3216/1/6088
f 2907/1/6089 2900/1/6089 2899/1/6089
f 302/1/6090 5/1/6090 420/1/6090
f 304/1/6091 303/1/6091 353/1/6091
f 874/1/6092 925/1/6092 2325/1/6092
f 2418/1/6093 1867/1/6093 107/1/6093
f 173/1/6094 3271/1/6094 2279/1/6094
f 549/1/6095 98/1/6095 466/1/6095
f 3284/1/6096 377/1/6096 3209/1/6096
f 3160/1/6097 617/1/6097 601/1/6097
f 1464/1/6098 787/1/6098 380/1/6098
f 2464/1/6099 760/1/6099 1105/1/6099
f 256/1/6100 3170/1/6100 250/1/6100
f 489/1/6101 2866/1/6101 1253/1/6101
f 1261/1/6102 2723/1/6102 934/1/6102
f 2312/1/6103 3301/1/6103 558/1/6103
f 445/1/6104 521/1/6104 3239/1/6104
f 3067/1/3659 1542/1/3659 986/1/3659
f 427/1/6105 428/1/6105 1814/1/6105
f 1248/1/6106 707/1/6106 3300/1/6106
f 115/1/6107 1254/1/6107 2117/1/6107
f 1003/1/6108 1460/1/6108 1591/1/6108
f 2848/1/6109 2601/1/6109 877/1/6109
f 3124/1/6110 702/1/6110 710/1/6110
f 2158/1/6111 2884/1/6111 1699/1/6111
f 101/1/6112 579/1/6112 3163/1/6112
f 612/1/6113 455/1/6113 446/1/6113
f 609/1/6114 674/1/6114 2127/1/6114
f 1267/1/6115 601/1/6115 3123/1/6115
f 2174/1/6116 1613/1/6116 898/1/6116
f 1851/1/6117 1413/1/6117 2435/1/6117
f 3199/1/6118 337/1/6118 1575/1/6118
f 1511/1/6119 2363/1/6119 1804/1/6119
f 534/1/6120 1157/1/6120 371/1/6120
f 3046/1/6121 2680/1/6121 3053/1/6121
f 533/1/6122 263/1/6122 2014/1/6122
f 1349/1/6123 2719/1/6123 1695/1/6123
f 2706/1/6124 2920/1/6124 2751/1/6124
f 3178/1/6125 2489/1/6125 2228/1/6125
f 188/1/6126 498/1/6126 507/1/6126
f 3219/1/6127 176/1/6127 38/1/6127
f 2775/1/6128 2685/1/6128 1340/1/6128
f 1899/1/6129 2084/1/6129 2033/1/6129
f 3053/1/3740 814/1/3740 3061/1/3740
f 231/1/6130 3170/1/6130 248/1/6130
f 3040/1/6131 3032/1/6131 3039/1/6131
f 1215/1/6132 1093/1/6132 967/1/6132
f 2195/1/6133 1956/1/6133 2261/1/6133
f 966/1/6134 968/1/6134 2001/1/6134
f 3262/1/6135 1627/1/6135 858/1/6135
f 252/1/6136 1683/1/6136 247/1/6136
f 1729/1/6137 1892/1/6137 1664/1/6137
f 2530/1/6138 1243/1/6138 2520/1/6138
f 2188/1/6139 1723/1/6139 2227/1/6139
f 1868/1/6140 2604/1/6140 2459/1/6140
f 1184/1/6141 1048/1/6141 2435/1/6141
f 2459/1/6142 2854/1/6142 829/1/6142
f 1666/1/6143 1395/1/6143 2702/1/6143
f 2678/1/2701 2971/1/2701 1567/1/2701
f 3038/1/6144 3032/1/6144 3031/1/6144
f 2663/1/6145 1541/1/6145 2185/1/6145
f 3221/1/6146 293/1/6146 2438/1/6146
f 1017/1/6147 2375/1/6147 1907/1/6147
f 1042/1/6148 1176/1/6148 1196/1/6148
f 1305/1/6149 923/1/6149 1316/1/6149
f 627/1/6150 550/1/6150 3253/1/6150
f 1682/1/6151 111/1/6151 2417/1/6151
f 180/1/6152 1831/1/6152 286/1/6152
f 2872/1/2108 2880/1/2108 2724/1/2108
f 2597/1/6153 894/1/6153 3262/1/6153
f 2018/1/6154 2758/1/6154 1738/1/6154
f 2003/1/6155 3178/1/6155 2634/1/6155
f 2868/1/6156 3165/1/6156 2660/1/6156
f 1955/1/6157 3193/1/6157 2200/1/6157
f 1799/1/6158 2220/1/6158 2625/1/6158
f 2311/1/6159 849/1/6159 2478/1/6159
f 771/1/6160 481/1/6160 1225/1/6160
f 1105/1/6161 1252/1/6161 2270/1/6161
f 1211/1/6162 2475/1/6162 1205/1/6162
f 2121/1/6163 2183/1/6163 2798/1/6163
f 948/1/6164 2217/1/6164 2119/1/6164
f 1493/1/6165 2157/1/6165 1192/1/6165
f 2167/1/6166 989/1/6166 185/1/6166
f 942/1/6167 2061/1/6167 962/1/6167
f 1831/1/6168 156/1/6168 1889/1/6168
f 2394/1/6169 2606/1/6169 1304/1/6169
f 972/1/6170 1641/1/6170 915/1/6170
f 3171/1/6171 1825/1/6171 1723/1/6171
f 760/1/6172 759/1/6172 1252/1/6172
f 219/1/6173 1681/1/6173 2631/1/6173
f 973/1/6174 1422/1/6174 2605/1/6174
f 2266/1/6175 71/1/6175 3234/1/6175
f 1962/1/6176 2353/1/6176 954/1/6176
f 377/1/6177 442/1/6177 590/1/6177
f 2855/1/6178 100/1/6178 2531/1/6178
f 2417/1/6179 1236/1/6179 1682/1/6179
f 3127/1/1778 2290/1/1778 1064/1/1778
f 473/1/6180 1465/1/6180 1318/1/6180
f 712/1/6181 716/1/6181 3124/1/6181
f 728/1/6182 577/1/6182 500/1/6182
f 1915/1/6183 469/1/6183 983/1/6183
f 655/1/6184 657/1/6184 674/1/6184
f 28/1/6185 1586/1/6185 7/1/6185
f 2309/1/6186 594/1/6186 641/1/6186
f 1052/1/6187 1121/1/6187 1887/1/6187
f 3250/1/6188 838/1/6188 2849/1/6188
f 458/1/6189 470/1/6189 3304/1/6189
f 317/1/6190 348/1/6190 209/1/6190
f 1796/1/6191 2821/1/6191 1910/1/6191
f 664/1/6192 796/1/6192 3123/1/6192
f 3251/1/6193 3244/1/6193 417/1/6193
f 652/1/6194 632/1/6194 688/1/6194
f 489/1/6195 1253/1/6195 1496/1/6195
f 2474/1/6196 927/1/6196 2117/1/6196
f 3111/1/6197 649/1/6197 669/1/6197
f 731/1/6198 145/1/6198 495/1/6198
f 1859/1/6199 1025/1/6199 2446/1/6199
f 2867/1/6200 1540/1/6200 1279/1/6200
f 1990/1/6201 3278/1/6201 600/1/6201
f 319/1/6202 442/1/6202 1140/1/6202
f 715/1/6203 672/1/6203 678/1/6203
f 1049/1/6204 1126/1/6204 2239/1/6204
f 3299/1/6205 721/1/6205 723/1/6205
f 702/1/6206 3124/1/6206 716/1/6206
f 3261/1/6207 3147/1/6207 588/1/6207
f 366/1/6208 2127/1/6208 435/1/6208
f 1389/1/6209 1349/1/6209 2819/1/6209
f 2446/1/6210 1923/1/6210 1589/1/6210
f 657/1/6211 655/1/6211 610/1/6211
f 2461/1/6212 976/1/6212 1318/1/6212
f 392/1/6213 78/1/6213 2532/1/6213
f 3286/1/6214 546/1/6214 537/1/6214
f 3288/1/6215 2782/1/6215 642/1/6215
f 3076/1/6216 3068/1/6216 3075/1/6216
f 1215/1/6217 3279/1/6217 773/1/6217
f 619/1/6218 93/1/6218 1954/1/6218
f 1796/1/6219 1482/1/6219 2821/1/6219
f 2642/1/6220 2439/1/6220 2062/1/6220
f 1170/1/6221 2314/1/6221 2120/1/6221
f 3232/1/6222 147/1/6222 1002/1/6222
f 664/1/6223 3123/1/6223 608/1/6223
f 1136/1/6224 2079/1/6224 638/1/6224
f 1084/1/6225 3292/1/6225 1847/1/6225
f 1758/1/6226 3244/1/6226 3270/1/6226
f 3082/1/1942 1085/1/1942 3089/1/1942
f 548/1/6227 1608/1/6227 2577/1/6227
f 215/1/6228 198/1/6228 3290/1/6228
f 1101/1/6229 532/1/6229 123/1/6229
f 1209/1/6230 110/1/6230 1208/1/6230
f 74/1/6231 389/1/6231 3195/1/6231
f 336/1/6232 478/1/6232 569/1/6232
f 470/1/6233 3291/1/6233 3285/1/6233
f 3286/1/6234 1033/1/6234 553/1/6234
f 1918/1/6235 3011/1/6235 2080/1/6235
f 999/1/84 1085/1/84 1014/1/84
f 2870/1/6236 2635/1/6236 1139/1/6236
f 2621/1/6237 2005/1/6237 1350/1/6237
f 622/1/6238 26/1/6238 607/1/6238
f 110/1/6239 1739/1/6239 1873/1/6239
f 310/1/6240 1874/1/6240 442/1/6240
f 3310/1/6241 449/1/6241 3266/1/6241
f 476/1/6242 467/1/6242 471/1/6242
f 311/1/6243 377/1/6243 590/1/6243
f 546/1/6244 3264/1/6244 537/1/6244
f 2190/1/6245 3249/1/6245 1628/1/6245
f 367/1/6246 1758/1/6246 3270/1/6246
f 1915/1/6247 830/1/6247 1108/1/6247
f 2899/1/6248 1092/1/6248 2905/1/6248
f 2505/1/6249 3310/1/6249 3266/1/6249
f 1054/1/6250 818/1/6250 734/1/6250
f 646/1/6251 3275/1/6251 433/1/6251
f 427/1/6252 466/1/6252 98/1/6252
f 402/1/6253 591/1/6253 17/1/6253
f 726/1/6254 2124/1/6254 746/1/6254
f 651/1/6255 654/1/6255 611/1/6255
f 1104/1/6256 449/1/6256 3310/1/6256
f 1248/1/6257 3300/1/6257 2015/1/6257
f 754/1/6258 3114/1/6258 1072/1/6258
f 696/1/6259 1211/1/6259 1205/1/6259
f 1037/1/6260 2113/1/6260 2437/1/6260
f 2181/1/6261 975/1/6261 555/1/6261
f 3/1/6262 1762/1/6262 1905/1/6262
f 900/1/6263 1519/1/6263 1009/1/6263
f 1171/1/6264 893/1/6264 2821/1/6264
f 2194/1/6265 2235/1/6265 2934/1/6265
f 2288/1/6266 222/1/6266 843/1/6266
f 127/1/6267 1576/1/6267 81/1/6267
f 1100/1/6268 1095/1/6268 1075/1/6268
f 652/1/6269 663/1/6269 632/1/6269
f 877/1/6270 2601/1/6270 1590/1/6270
f 102/1/6271 662/1/6271 1052/1/6271
f 1784/1/6272 2532/1/6272 3143/1/6272
f 663/1/6273 3116/1/6273 632/1/6273
f 2721/1/6274 129/1/6274 3275/1/6274
f 2728/1/6275 1040/1/6275 2126/1/6275
f 713/1/6276 488/1/6276 375/1/6276
f 100/1/6277 957/1/6277 1587/1/6277
f 3314/1/6278 1655/1/6278 2157/1/6278
f 107/1/6279 1996/1/6279 1209/1/6279
f 2722/1/6280 2651/1/6280 1112/1/6280
f 719/1/6281 3299/1/6281 717/1/6281
f 800/1/6282 989/1/6282 799/1/6282
f 1746/1/6283 849/1/6283 2404/1/6283
f 3265/1/6284 1033/1/6284 536/1/6284
f 1851/1/6285 1808/1/6285 1275/1/6285
f 138/1/6286 578/1/6286 3161/1/6286
f 2542/1/6287 1018/1/6287 2245/1/6287
f 1725/1/6288 3282/1/6288 870/1/6288
f 816/1/6289 2516/1/6289 2739/1/6289
f 1774/1/6290 1538/1/6290 2203/1/6290
f 2089/1/6291 3171/1/6291 1664/1/6291
f 857/1/6292 433/1/6292 2569/1/6292
f 1798/1/6293 998/1/6293 2516/1/6293
f 1855/1/6294 1948/1/6294 2574/1/6294
f 2454/1/6295 1893/1/6295 2226/1/6295
f 1725/1/6296 2077/1/6296 997/1/6296
f 1675/1/6297 1486/1/6297 1143/1/6297
f 418/1/6298 25/1/6298 603/1/6298
f 1622/1/6299 815/1/6299 1181/1/6299
f 845/1/6300 2609/1/6300 1993/1/6300
f 431/1/6301 399/1/6301 3211/1/6301
f 2705/1/6302 1574/1/6302 853/1/6302
f 1239/1/6303 3294/1/6303 2146/1/6303
f 3283/1/6304 2326/1/6304 994/1/6304
f 1462/1/6305 1624/1/6305 1702/1/6305
f 2287/1/6306 3276/1/6306 2103/1/6306
f 972/1/6307 917/1/6307 2654/1/6307
f 512/1/6308 513/1/6308 143/1/6308
f 3157/1/6309 2696/1/6309 2560/1/6309
f 2155/1/6310 1800/1/6310 1558/1/6310
f 1152/1/6311 861/1/6311 1400/1/6311
f 1209/1/6312 1739/1/6312 110/1/6312
f 98/1/6313 471/1/6313 467/1/6313
f 224/1/6314 260/1/6314 45/1/6314
f 1927/1/6315 2655/1/6315 2565/1/6315
f 1611/1/6316 1828/1/6316 1029/1/6316
f 2056/1/6317 1203/1/6317 1110/1/6317
f 306/1/6318 3224/1/6318 345/1/6318
f 2000/1/6319 1992/1/6319 1609/1/6319
f 1892/1/6320 834/1/6320 1664/1/6320
f 332/1/6321 2431/1/6321 2468/1/6321
f 2752/1/6322 2269/1/6322 2926/1/6322
f 224/1/6323 220/1/6323 260/1/6323
f 1658/1/6324 1815/1/6324 1175/1/6324
f 658/1/6325 33/1/6325 2756/1/6325
f 2445/1/6326 1855/1/6326 2574/1/6326
f 524/1/6327 504/1/6327 119/1/6327
f 879/1/6328 2245/1/6328 1018/1/6328
f 2493/1/6329 2557/1/6329 945/1/6329
f 2429/1/6330 339/1/6330 2099/1/6330
f 457/1/6331 3167/1/6331 491/1/6331
f 150/1/6332 658/1/6332 148/1/6332
f 539/1/6333 637/1/6333 563/1/6333
f 324/1/6334 428/1/6334 2091/1/6334
f 2022/1/1814 3075/1/1814 3074/1/1814
f 2473/1/6335 2032/1/6335 3249/1/6335
f 303/1/6336 333/1/6336 353/1/6336
f 1402/1/6337 1436/1/6337 2064/1/6337
f 2720/1/6338 1891/1/6338 1462/1/6338
f 374/1/6339 360/1/6339 525/1/6339
f 453/1/6340 597/1/6340 480/1/6340
f 499/1/6341 892/1/6341 803/1/6341
f 132/1/6342 3253/1/6342 550/1/6342
